KQTIS,2
RMTYD,2
DLMDD,2
DLMDY,2
DLMDV,2
CHHIY,2
LFMQP,2
VEIED,2
FEMYD,2
TEVLT,2
ELTQA,2
SCLMN,2
LRQQH,2
LYCTD,2
VNLMN,2
SKMLN,2
TAQVC,2
SAFIC,2
NEQLT,2
EDYVQ,2
STNHQ,2
PHLYL,2
PVMIN,2
HSHIP,2
DYMYL,2
DYMYD,2
DYMYE,2
DYMYY,2
DYMYV,2
HEKKR,2
LVESQ,2
QSAIL,2
TYEVG,2
IFTHP,2
NLPHQ,2
ITIDQ,2
ITQIP,2
ITQIT,2
QSSKH,2
ATSVA,2
RVSAN,2
LNYQN,2
HQVFP,2
PNQIL,2
HAMRH,2
YCTVH,2
TNYET,2
RYTIN,2
CTEEK,2
TEHHQ,2
PTIDE,2
GMPIP,2
IQAVA,2
FAHIP,2
ENKEH,2
ATLIG,2
RSTVH,2
AVHCS,2
FESIS,2
QLYET,2
QSEVL,2
QTMLA,2
LRIFP,2
TTIET,2
WQLFS,2
WYDTT,2
RGNIP,2
TRLTP,2
YTTEV,2
YTTEQ,2
YTTEP,2
DDMFD,2
DDMFV,2
QPLFA,2
DEMVL,2
STYYQ,2
HFFHK,2
TYMAT,2
TELFY,2
HEMTS,2
NTSAK,2
HQQIQ,2
TNAVK,2
LVTLT,2
VDMLV,2
VDMLD,2
VDMLE,2
CWTVH,2
YELED,2
YELEV,2
EYMEE,2
YELEY,2
NMCIN,2
DFIYE,2
DFIYD,2
EFPKK,2
QHDQK,2
YSSVR,2
QKYHK,2
VYLDY,2
SQNIP,2
RMITT,2
ETIFA,2
YSQHY,2
PSTFN,2
IHIRT,2
VSLEQ,2
HVTYE,2
YCQVH,2
ITMYY,2
ELLMP,2
CTYKH,2
KSTCH,2
DQMED,2
DQMEE,2
PILQN,2
DFIDY,2
EKLCN,2
NPHEN,2
LNTHQ,2
NYSEY,2
VEMVE,2
HGVYQ,2
SLPIP,2
DDLED,2
DDLEE,2
DDLEY,2
DDLEV,2
YLMEV,2
SNLIE,2
YVIEV,2
YVIED,2
YVIEE,2
DYLDL,2
AQMMQ,2
DLMLD,2
RSIVT,2
FYLYD,2
LTYAP,2
KSQIL,2
ETMQP,2
DYLEV,2
DYLEY,2
DYLEE,2
DYLED,2
DYLEL,2
DEMHE,2
FTSVC,2
MTNYL,2
VEFEE,2
FYLDD,2
FYLDE,2
FYLDV,2
VQMEE,2
SSMIV,2
DVMDE,2
PKLIP,2
LTKIN,2
HTLTD,2
SANIQ,2
RFNIQ,2
NDDKQ,2
MRHNY,2
SVWMT,2
YYMQE,2
YLLDD,2
DFLHD,2
DYIKD,2
TQAEH,2
YSHHN,2
HYMYY,2
DVIDV,2
DVIDY,2
DVIDD,2
DVIDE,2
VEMDY,2
VDIVE,2
DSRVQ,2
DAMDD,2
YARMN,2
PERVT,2
SRIIN,2
SKTVN,2
SKTVI,2
FDIED,2
SRSLV,2
NKQHS,2
EEMDD,2
EEMDE,2
IDEVN,2
QYFEQ,2
CTTIH,2
STYQE,2
QETIN,2
KTQVQ,2
STLIQ,2
STLIN,2
RTLDT,2
VDMDF,2
VDMDD,2
VDMDE,2
VDMDY,2
TYVTC,2
SHLTN,2
LTHFL,2
HPNKN,2
NVVQC,2
DTLTK,2
RKLSA,2
DEFYE,2
DEFYD,2
DDMYV,2
DDMYY,2
DDMYF,2
DDMYE,2
DDMYD,2
DDMYL,2
WMEIT,2
NSHIP,2
PTEQL,2
VYLLD,2
NYHLT,2
STRIH,2
PMLYN,2
PYTVQ,2
YVTLA,2
TTDEY,2
ISESY,2
ATSIT,2
AIPVN,2
YDLFD,2
YELVE,2
QIDYD,2
YELVV,2
NQVIE,2
WSLNM,2
ADMED,2
RHTVQ,2
EYATD,2
SHNHK,2
FDKDD,2
IQAIP,2
LTTLP,2
DDKEE,2
VDMYF,2
WSTVP,2
SIGTK,2
LPAIP,2
LDIYD,2
AQLQP,2
QTMWD,2
LDIYY,2
NSYRL,2
TTLFN,2
KGVDN,2
WTLVT,2
QSIQC,2
RVAIN,2
PRDYQ,2
PISMV,2
SSAVP,2
TYSLT,2
NYSVF,2
LNEFN,2
NSEHP,2
FELED,2
PNDVT,2
HTAHL,2
GSLQN,2
DYMID,2
YVIVE,2
YVIVD,2
MSLAP,2
QVTEQ,2
ATWIS,2
DVLDE,2
PSILN,2
DVLDV,2
DVLDY,2
RTIHQ,2
VYTDD,2
HRVIR,2
TRHYP,2
SELLN,2
FDFDD,2
EVSHF,2
MYTLN,2
TKHFP,2
EKWCR,2
KLEVP,2
IRFVP,2
HTLLP,2
HTLLC,2
YDMED,2
YDMEE,2
YDMEY,2
YDMEV,2
WMPIP,2
FTLTE,2
YYMYY,2
MANIN,2
YYMYV,2
YYMYE,2
YYMYD,2
DDFDE,2
DDIDA,2
DDIDD,2
DDIDE,2
DDIDV,2
DDIDY,2
YSIVH,2
HQKNP,2
YVQEN,2
TAMTY,2
DNTVA,2
GVHVI,2
HTKIQ,2
HTTYQ,2
HTTYL,2
YVMYV,2
DDFYD,2
HYTYK,2
AQSSP,2
DEVEE,2
TINLH,2
NTAYP,2
YFLYD,2
YFLYY,2
TSLTE,2
MTTHC,2
RLQHA,2
STYIT,2
STNIP,2
DYFEE,2
FVIEE,2
SWFIP,2
DYNLN,2
PQQSK,2
LTNHN,2
NNAQC,2
SSTVS,2
TLPIP,2
PNEIN,2
CGQAY,2
DDMQD,2
DDMQV,2
QATEL,2
HTYHQ,2
DHLYD,2
TTCID,2
ARCKV,2
TDNYN,2
TLYIT,2
RVPSK,2
MTTVT,2
QYQVI,2
YEMDV,2
YEMDD,2
YEMDE,2
YEMDL,2
TKTLL,2
RISVP,2
LTAEP,2
RISVN,2
TRIEC,2
SENIY,2
LLQLD,2
YVMLE,2
YVMLD,2
HSSIP,2
HSSIA,2
TESIV,2
YVLVE,2
VYIYV,2
VYIYY,2
TCELL,2
HSAVL,2
PRAKQ,2
EQIEC,2
KPLSR,2
KEGPN,2
IEATP,2
ETTCP,2
YTLDD,2
NAEKQ,2
NSRSA,2
PYVYP,2
HPSVP,2
TRTIT,2
YEVHH,2
DYLHD,2
DDILY,2
DDILV,2
DDILD,2
DDILE,2
VDIFY,2
KHLVT,2
VSDIP,2
DHMEE,2
DFLEY,2
FFIDY,2
DFLED,2
DFLEE,2
TVSHM,2
DNMDD,2
SEQKQ,2
MTSQP,2
DDTIT,2
EHNQY,2
LSRST,2
YSIAM,2
ISAIP,2
FYMHD,2
YDIHD,2
NKGKH,2
DVMDY,2
HYTLN,2
VLMYD,2
DDMID,2
QYTHP,2
YFLDD,2
PMRWL,2
SISIS,2
LLDIQ,2
RTLQN,2
HSTIS,2
HSYVP,2
LDRQH,2
LYIVT,2
VQRIP,2
HRIHA,2
NTYRS,2
HNYVP,2
LVNEP,2
LSLSP,2
YYLDD,2
HYIYD,2
RNNKQ,2
FDMFD,2
YEMLD,2
YEMLE,2
YDLVY,2
YDLVV,2
YDLVD,2
YDLVE,2
HYLTN,2
SQTYK,2
VEMLE,2
YVMDV,2
YVMDE,2
YVMDD,2
NTYIT,2
CRFIQ,2
LYTRT,2
DELYD,2
QRSMQ,2
YDAKY,2
SIQIT,2
HDYYY,2
PIILQ,2
VEMQE,2
ERYQN,2
HTVHA,2
DNLTP,2
FHQEP,2
VELDV,2
MNVIP,2
PCHIN,2
PSQVQ,2
ETMIT,2
YVIFD,2
LSQVS,2
YEMYY,2
TKSKN,2
DEMDV,2
ECLTP,2
DFMYD,2
DFMYY,2
SGEHK,2
SGEHI,2
QTDYY,2
LMTLM,2
QTDYN,2
YELEE,2
FGSVA,2
ATQYP,2
DEMEQ,2
DEMEV,2
DEMEY,2
DEMEA,2
YTQIP,2
DEMED,2
DEMEE,2
DEMEF,2
DEMEG,2
DEMEK,2
DEMEL,2
TNHNA,2
DELVE,2
CSTHM,2
ACLMN,2
VYMDV,2
VYMDY,2
VYMDE,2
VYMDD,2
VYMDF,2
PKTIQ,2
RMQIP,2
LTSIA,2
TKLHD,2
ITFYR,2
YHSVN,2
VRNYL,2
HTLQN,2
DFIYY,2
LSCLS,2
LGHQQ,2
VKLAP,2
WQPIQ,2
HTTIN,2
HTTIR,2
DYIDY,2
DYIDF,2
DYIDE,2
DYIDD,2
ARTVP,2
DYIDH,2
DYRED,2
MAHIP,2
NMYFQ,2
TSYLP,2
NICKK,2
HYMDV,2
TYYMT,2
DDLDF,2
YITYN,2
TAMAH,2
HCFMP,2
HYSVP,2
TKAMM,2
WYTDK,2
ERQMT,2
HSQHN,2
PVTVE,2
TETKQ,2
QNLEA,2
DDMAV,2
DDMAD,2
RTTIQ,2
KQLNM,2
NTFVT,2
LPTHV,2
YNTYC,2
TELQT,2
RTLIP,2
YYLVE,2
YYLVD,2
TNYEA,2
DYTYD,2
VYLDE,2
FYIEY,2
DFIVD,2
FDLDD,2
FDLDY,2
PQAYP,2
DFLDE,2
TAVVP,2
LLNLP,2
SMHVP,2
YLMDE,2
YLMDD,2
SENYN,2
VEMDE,2
VEMDD,2
VEMDL,2
NTYAL,2
VEMDV,2
PTFRQ,2
TTSIA,2
PMLTS,2
HHNHQ,2
NNEVN,2
DLIED,2
YELSP,2
WTGIP,2
LSTVA,2
HSEAL,2
YDLAD,2
EISTP,2
VDIDF,2
TYSHN,2
EYMYV,2
VTTIL,2
VTTIQ,2
TTYMN,2
IVLEP,2
VYFDD,2
PYYES,2
LTLVS,2
LTLVT,2
EQYET,2
STPIH,2
FEMVE,2
FEMVD,2
STPIQ,2
YIHLP,2
LYIDD,2
QTTIL,2
DVMVD,2
DVMVE,2
SNVVN,2
EEIEE,2
VVMLD,2
HVTYP,2
PLTVM,2
MITMQ,2
VYMLD,2
TQTMQ,2
EDLEE,2
HDIHD,2
FEIDE,2
FEIDY,2
VVIDD,2
IYTIP,2
IALAQ,2
LTTAI,2
LTTAL,2
ATMIA,2
DFIDD,2
SIKTK,2
HTLIQ,2
QKPLM,2
QNIQE,2
YTSIG,2
QASEK,2
PHTHS,2
PHTHL,2
DYILE,2
DYILD,2
DYILV,2
DDSYD,2
DDTYD,2
IQAET,2
FVTMC,2
EQDIT,2
FYQET,2
GEMEE,2
SSPIR,2
WYTLA,2
NMQVA,2
THIIP,2
QNSYP,2
EDMYD,2
SAHIP,2
HTTVP,2
HTTVE,2
HTTVN,2
HTTVI,2
VYHEP,2
QYIHP,2
PSMLL,2
YSLSQ,2
HITHY,2
YHHHR,2
EDMFD,2
FDMVY,2
FDMVD,2
FDMVE,2
CHSES,2
YTTKI,2
QPQNW,2
YDFED,2
PNELA,2
RKMLS,2
DEFDD,2
DEFDE,2
PTETK,2
SPHQT,2
LDLDD,2
DYTDD,2
SPLPN,2
NTYYQ,2
LAPMN,2
STAIN,2
KMKTI,2
SKVPC,2
KVTTP,2
PSTVL,2
TQQWN,2
FETIS,2
ETTRM,2
YATPA,2
VYIFY,2
ISLHP,2
LAFIT,2
ATNMP,2
VDLDY,2
VDLDV,2
VDLDE,2
VDLDD,2
YLIDD,2
HQMIH,2
LTGVT,2
HLYVQ,2
YQQHA,2
YQQHD,2
NQSIM,2
RRMEN,2
VEIDV,2
CTLLN,2
VEIDD,2
PTTVD,2
NGHQQ,2
STNVW,2
PNMIS,2
SMYYA,2
VDLYD,2
VDLYE,2
PRYHH,2
VDLYY,2
VDLYV,2
PTREL,2
DVMEV,2
DVMEY,2
NDIIN,2
QTNYA,2
NKPIK,2
SRKVD,2
EQTML,2
NDNIY,2
LTTYY,2
YTELI,2
CIEVA,2
WSAIP,2
QNIIP,2
PTDLQ,2
RYATP,2
DDYTN,2
EHNIP,2
FATEE,2
NASIN,2
NASIE,2
HDEYL,2
VDIEE,2
VDIED,2
ITHHQ,2
LALIT,2
LSHYP,2
IHWIP,2
YEIVD,2
YEIVE,2
YTLTP,2
HYCQK,2
FSSLP,2
SEHEN,2
PTACH,2
FTWVP,2
PSRIN,2
PSRIP,2
PNLRH,2
DVIVE,2
FTTLS,2
PTARQ,2
NTVIP,2
YHHHY,2
KGTHA,2
KGTHQ,2
STLTP,2
FELEE,2
YVMVV,2
NTLTP,2
LHFQQ,2
QTLHH,2
WGIQQ,2
VYMHY,2
THMIP,2
YYIYD,2
YYIYF,2
YYIYY,2
DEKDD,2
DDMLY,2
DDMLV,2
DDMLL,2
DDMLD,2
DDMLE,2
ETLMP,2
YSSLC,2
TTSYK,2
GKLVP,2
LVIVP,2
VDMVY,2
HSHAC,2
DVMVV,2
NTMLN,2
FDMEV,2
FDMEE,2
FDMED,2
HPRGH,2
SKFMT,2
PLNDR,2
SSLTN,2
QSLTP,2
SVQIP,2
ESTEN,2
HDQIL,2
WNART,2
YFIEE,2
FYIDY,2
ILALP,2
GKSIT,2
FYIDF,2
STHAL,2
MSFVT,2
VVLDV,2
VVLDE,2
VVLDD,2
ETYTH,2
WTTVP,2
MCHIT,2
GKPIL,2
ASLYP,2
TLSIE,2
HDMVD,2
YETQL,2
DMTVN,2
KKTTR,2
TISVQ,2
LTPKE,2
SLCQR,2
PAHHL,2
HFYHC,2
PTYAE,2
HHKIH,2
ATYLP,2
NTDEL,2
LEYTQ,2
HINMN,2
DVLIP,2
SELLP,2
QHVIN,2
QTQLA,2
SHYMQ,2
FEITY,2
YTIMQ,2
RSHVI,2
EYLHD,2
PWTTQ,2
YTLRS,2
SSDHM,2
NDPVN,2
AEEMQ,2
TSAVH,2
CTYID,2
CTYIS,2
YEMFE,2
LTTQY,2
YRTWT,2
LTTQA,2
NTMFA,2
NSRIQ,2
YYMDY,2
YYMDL,2
YYMDD,2
YYMDE,2
THTHP,2
THTHF,2
RTTIA,2
RTTID,2
VYMYD,2
VYMYE,2
DEMFD,2
DATPY,2
TMLYE,2
YRQVP,2
NSLII,2
ITFTN,2
YEFEE,2
DHMHD,2
YTHLQ,2
HTTFN,2
HKHEP,2
DYIAD,2
LCRQR,2
TTTAL,2
FDMDV,2
NGNID,2
FDMDD,2
FYMEE,2
ICHMQ,2
PTLVQ,2
DTYYP,2
QTMNN,2
EELDD,2
LSHLQ,2
GALQK,2
YDIEY,2
YDIEV,2
YDIED,2
YDIEE,2
NKQNT,2
YEIEE,2
LSRQH,2
YEIEV,2
YEIEY,2
MTTFK,2
ETTYA,2
DDMDV,2
DDMDS,2
PTPVH,2
DDMDY,2
PTPVL,2
DDMDD,2
DDMDE,2
DDMDL,2
PMMVP,2
DYTTQ,2
HQLED,2
YAHYS,2
YAHYL,2
YSMVF,2
YNNIN,2
WHLQP,2
CLQTR,2
LSLVT,2
PDSVP,2
QVYIP,2
EYNAL,2
YDLYE,2
YDLYD,2
YDLYY,2
HMWHH,2
TKGRQ,2
HTEIT,2
KTEFQ,2
HYLSQ,2
TGHVP,2
YTESW,2
SCTML,2
GAGGM,2
SSNVA,2
STHYA,2
ASYMQ,2
TQRIP,2
DARIP,2
VYIVD,2
ECTQK,2
EHNEC,2
YVLEY,2
VELEE,2
VELEY,2
VELEV,2
YVLED,2
RICIH,2
TLTAN,2
LSTQY,2
YEMVD,2
PILSE,2
YEMVV,2
SDMEE,2
SSQVQ,2
ETENP,2
RKHSA,2
HKSVY,2
WSTLA,2
KTTMN,2
TGWMP,2
YRCEN,2
DKNEH,2
TNLIT,2
QHHIP,2
DVLQD,2
NDIYP,2
QGWIP,2
PQNYY,2
NDYLP,2
LYIAE,2
ITTIQ,2
ITMTD,2
VTQVT,2
ISDMP,2
YDKDE,2
YDKDD,2
QTNIY,2
TTLLP,2
TISYP,2
YYMLD,2
YYMLE,2
TQTHF,2
TQTHD,2
PTSIH,2
DVMHD,2
DVMHE,2
DVMHV,2
FYMDV,2
PQTIT,2
PYTHK,2
VSSIM,2
TVMAL,2
TSTMA,2
HTLVP,2
TATVE,2
VTEIH,2
TTNIT,2
HTTNK,2
TTTIP,2
SYYSN,2
IQWQN,2
HVEEP,2
CANVY,2
DYSDD,2
RPRGK,2
THYAN,2
DDLAE,2
PMTYP,2
TQYIS,2
TQYID,2
YYFDY,2
STYWN,2
YYFDV,2
SLTVV,2
VDMFD,2
LTAVN,2
LTNVP,2
EDIDD,2
TQLQN,2
TQLQH,2
ATHIP,2
ITTVA,2
EYFYD,2
LNLFP,2
IHLVA,2
NKQSN,2
HAHIM,2
KVTLS,2
VNSVC,2
SGPIQ,2
RDKHR,2
DTLVQ,2
RHYHD,2
WSVAT,2
TTFEI,2
AEMDE,2
DHQHL,2
QYTVT,2
QYTVA,2
YYLLD,2
YYLLY,2
NSHKN,2
PPDPK,2
TTCCP,2
ILQIP,2
ILQIQ,2
NTSRS,2
LLWMP,2
EDIYD,2
TTQIY,2
TTQIA,2
VEMYY,2
VEMYE,2
MTWRH,2
CRQIP,2
TCEQP,2
NKVMP,2
QITVT,2
YDLDL,2
YHMYD,2
PITVS,2
ITYVT,2
KSTIF,2
KSTIS,2
LTVEA,2
TSQLH,2
CTFQM,2
DDRDD,2
KTMCH,2
YNTEQ,2
SMAIN,2
FYMYF,2
SCIAT,2
DYFVY,2
DYFVD,2
NLIKQ,2
FYSIT,2
DVLYV,2
LAFTP,2
DVLYE,2
PEKKT,2
ILSLQ,2
YAMYP,2
AKEIP,2
SESVA,2
DVLVE,2
GFTIM,2
DVLVD,2
DVLVA,2
TRMMN,2
FVIDE,2
VTKSS,2
NGHTL,2
VLMDD,2
DEMVY,2
DEMVV,2
DEMVE,2
DEMVD,2
GSNIL,2
YDMEL,2
RSAIP,2
QTNTP,2
ESSLH,2
QATIN,2
ICYQA,2
TIMPC,2
THCHP,2
SLKVA,2
AHALH,2
NGQKN,2
MTIPC,2
ETSVH,2
PTYIT,2
RLEAA,2
TCTIA,2
VYMVE,2
VYMVD,2
DYIQD,2
VYMVY,2
NQIYD,2
YALYP,2
ATSIQ,2
PRTLL,2
MYTEN,2
VDMDL,2
HHTLE,2
QTTEQ,2
PHTRG,2
ANYVS,2
PCTVQ,2
RATHQ,2
PTIMP,2
LCMED,2
LINVN,2
QENHL,2
LYAEN,2
TMSCA,2
HTYYP,2
KSSIH,2
TVDQT,2
YTTNR,2
PQNIH,2
YYLDF,2
YSSHL,2
FHATN,2
DELYV,2
DELYE,2
TTFMP,2
YLMQQ,2
LWTMQ,2
RQWHD,2
DVMEE,2
DVMED,2
QTYLN,2
HYMDD,2
HYMDY,2
QLTLN,2
YDLLD,2
YDLLY,2
YFIFY,2
VTYIA,2
YNEVQ,2
DELDD,2
DELDE,2
DELDV,2
SYHQT,2
TETYS,2
DYMDF,2
THTII,2
STQVS,2
VVMED,2
VVMEL,2
VVMEV,2
VVMEY,2
HDMQD,2
SSWQL,2
TVAFK,2
HTNVP,2
HTNVA,2
THFHT,2
PITMC,2
LTPHG,2
DEMFE,2
HAINC,2
ETTHL,2
STNIQ,2
VEIDY,2
VEIDE,2
DDLLV,2
DDLLD,2
DDKDE,2
YVILE,2
YSDIN,2
YSDIL,2
HSWQN,2
DLMEE,2
DLMED,2
DLMEV,2
DLMEY,2
SRHSR,2
FYMTN,2
LSPVP,2
QTRVA,2
IHSIP,2
NHNHL,2
QKKNH,2
DEIHD,2
KSWTE,2
TTTYL,2
STTYA,2
FQLSD,2
STTYN,2
STTYK,2
MTNVI,2
DYIYV,2
DYIYY,2
DYIYD,2
DYIYE,2
ETQAY,2
FVMEE,2
SYTLA,2
HLTHQ,2
VDIHD,2
VGLET,2
QSSHK,2
QTTMQ,2
QTMVN,2
PKQIT,2
TSCVL,2
SATIM,2
QSNPS,2
PMTVN,2
GTQIP,2
YQNIT,2
FYLHY,2
LETHR,2
AITLP,2
ENVTN,2
HNHNK,2
NSKEN,2
VDILD,2
RTQVV,2
TYSQQ,2
DYMVE,2
KRSIN,2
YISHN,2
LVTYK,2
SHQIA,2
YTTFS,2
EWIVQ,2
NPMIE,2
YYFYY,2
YYFYV,2
NYTCQ,2
TFTIS,2
LATIY,2
IRTQL,2
AVMEE,2
LSLQP,2
YELDE,2
YELDD,2
YELDL,2
YELDV,2
PCDEE,2
LANYN,2
SSHIV,2
HTYYD,2
LSTIQ,2
LQSVH,2
TTLAN,2
ETLSQ,2
NSQIP,2
HTPVP,2
KKITM,2
HTCVN,2
VYLED,2
LFYET,2
DELLD,2
DELLE,2
QQTVD,2
QQTVQ,2
HQNVQ,2
DQMDE,2
FTQYT,2
NMHVP,2
DFMDY,2
DFMDD,2
DFMDE,2
DFIED,2
MHAAL,2
AYNLP,2
YKLLP,2
KTTHV,2
VTSEW,2
SESFE,2
YYNET,2
DDLDH,2
DDLDE,2
DDLDD,2
DDLDY,2
DDLDV,2
DAYTK,2
DYFYY,2
DDIYY,2
DYFYE,2
DYFYD,2
YVIDE,2
YVIDD,2
EAKTA,2
AMQVT,2
ERYHP,2
MNQIQ,2
NKDNM,2
LMNEH,2
GTIVN,2
KYSKT,2
TTAIL,2
FSQEE,2
YTEYH,2
DDKED,2
YVIYD,2
YVIYE,2
YVIYY,2
YVIYV,2
MTVFY,2
THNHA,2
IKLHN,2
YNMIN,2
VYMFD,2
TLAVP,2
HEQIH,2
YCTHM,2
PYTMA,2
LYNMP,2
DHDIE,2
FNDHV,2
SSMVP,2
TTDVN,2
EYIYD,2
YLLED,2
YFMEY,2
YFMED,2
YFMEE,2
TYTYK,2
DYLYD,2
DYLYF,2
DYLYV,2
FSNFP,2
SLQIT,2
DDSDD,2
YALRP,2
DVIEV,2
DVIEY,2
DVIEE,2
DVIED,2
STILC,2
TYYSC,2
TYYSH,2
TYCLP,2
YSAMH,2
FDIVD,2
DFIEE,2
AMSIP,2
DQRHT,2
TKTYN,2
PPWRL,2
LQMEQ,2
YYILD,2
YYILE,2
EEMEE,2
STVPC,2
NGDIQ,2
SHCVK,2
MTTAL,2
DYNEM,2
VLLTP,2
EHTHD,2
TYFTN,2
KATIV,2
ATFKL,2
IRYLP,2
VDMEE,2
VDMED,2
VDMEF,2
VDMEV,2
DVIVD,2
AMLVP,2
QRPIK,2
KEKRT,2
HGYIS,2
CRKVP,2
TTAVQ,2
GTEKP,2
PYNIA,2
NYHMS,2
HTTEW,2
CAYLP,2
QTIVF,2
ADMDE,2
NDEEP,2
SHNIL,2
YKTIS,2
KNTQK,2
LQTVS,2
PMNVS,2
LHTYY,2
LHTYP,2
ITLIP,2
HDMDD,2
HDMDY,2
HDMDV,2
FEIYD,2
FEIYE,2
HQILA,2
EYLEE,2
RYVTR,2
YQTVP,2
HKTVT,2
GTMWT,2
DKPIP,2
DDLYH,2
DDLYF,2
DDLYD,2
DDLYE,2
DDLYY,2
DDLYV,2
DEMSE,2
FHMIQ,2
PAEVT,2
CLIVT,2
RIFHR,2
TMLLN,2
HPGKH,2
FDLDV,2
CVIYK,2
YDMDE,2
YDMDF,2
YDMDY,2
YDMDV,2
LTDHL,2
YYMVV,2
YYMVD,2
YYMVE,2
ESELT,2
DDIEF,2
DDIEE,2
DDIED,2
DDIEL,2
DDIEV,2
YTLAD,2
TTTVH,2
DEIEY,2
DEIEV,2
DEIEL,2
DEIED,2
DEIEE,2
PTQVL,2
DYLQD,2
KTYVS,2
TYTAA,2
SQYLQ,2
QQRIP,2
HIYPL,2
MLHTD,2
HIISD,2
EDMEE,2
DLLVD,2
TCYTP,2
TMTIS,2
QLEHN,2
EYIDD,2
AMSAD,2
TLIIT,2
ISKWS,2
PPEIQ,2
DHTEL,2
WKMTP,2
YTRDN,2
DNYYP,2
YYIDF,2
YYIDD,2
YYIDE,2
YYIDY,2
YYIDV,2
QSNVD,2
PTQCP,2
PTQCR,2
SWHEP,2
EYMYD,2
YDCVT,2
HTYIS,2
YTTIE,2
ADMEE,2
THLVP,2
MSTLP,2
VKSIN,2
DPLHT,2
PSFRP,2
QEHKT,2
AQVIT,2
WRLAK,2
CSRIA,2
DEFEV,2
PTHVP,2
TEIVT,2
DEFED,2
YELYD,2
YELYE,2
SCEVQ,2
YHMVS,2
TKMIP,2
DTTML,2
YEMEV,2
YEMEY,2
YEMEE,2
YEMED,2
YEMEL,2
KCLLP,2
EHPEP,2
TSQIP,2
WSTYP,2
QYLTN,2
YNTHL,2
KTMLT,2
RDEVQ,2
VPRNL,2
SSKVP,2
ITLQA,2
NVTYE,2
MHHVW,2
LREHV,2
YLIYE,2
VDMVD,2
VDMVE,2
TSQVI,2
NYSQC,2
DDLQY,2
VYTMP,2
PLLEP,2
KCPVM,2
HDTVP,2
HEMED,2
EQNYL,2
NQIIT,2
VATIQ,2
GVDHL,2
FVMYD,2
TNTIM,2
DIFEP,2
DFEVN,2
MQLQN,2
YDMLE,2
NGHHQ,2
HYNCN,2
TLELN,2
LYTET,2
ETPIP,2
SYTQL,2
HDIYY,2
VQYEQ,2
HHPHI,2
PDTNV,2
YITQH,2
SKTYA,2
LFSLQ,2
SQTTQ,2
LRPIP,2
DFLDY,2
DEIVE,2
DEIVD,2
DEIVV,2
QDLMN,2
DEIVY,2
WSEAD,2
ETHAD,2
YTALN,2
SPTMQ,2
TYSVA,2
DVYQQ,2
TYSVP,2
LSYQD,2
SYQMS,2
STLVA,2
CSQIH,2
STLVV,2
CDLVP,2
ITNVQ,2
INVEK,2
PHWEL,2
YDIAD,2
RATVD,2
LGLTP,2
DDFDV,2
QVNVQ,2
DDFDD,2
EHKVD,2
TQMCP,2
HITYE,2
LLTSH,2
YLMVE,2
QQLVT,2
PTQVS,2
VELDD,2
EDIVD,2
ITNMM,2
ITNMP,2
VEMVV,2
VEMVD,2
IKTML,2
LANVQ,2
HWLEP,2
DTSMY,2
QTYIA,2
QTYIP,2
SSEYA,2
LVPHI,2
NELVN,2
TSYIP,2
HYMYD,2
TTKIN,2
TIQVQ,2
PEFVP,2
HKFMK,2
PSFAR,2
DYKDD,2
NYYIT,2
WEWLQ,2
NAVIA,2
WVQLP,2
SFRLS,2
PITLH,2
HDMTN,2
MYYSN,2
ITYAQ,2
RSIIP,2
RSIIC,2
LMTVA,2
DHMDE,2
TTYFN,2
YTLMT,2
TTMRT,2
LKSVL,2
NPIMC,2
NYAKH,2
DYFDY,2
LCEFQ,2
NTNDS,2
LQTML,2
HSRIH,2
VDMEY,2
HQSVP,2
LYMDD,2
PRSID,2
DVILY,2
TWHHT,2
CHTVR,2
ITCLN,2
NVSRT,2
HPYVP,2
KSVWN,2
SRAKP,2
VLMVD,2
NTQTY,2
YYMFD,2
DYMEY,2
DYMEV,2
DYMEL,2
DYMED,2
DYMEE,2
YSNIP,2
SYSIE,2
FASHQ,2
DEMDY,2
DEMDE,2
DEMDD,2
DEMDL,2
DERDE,2
IFTLP,2
HNDQR,2
GKRLT,2
VEIEE,2
FVMDY,2
FVMDD,2
FVMDE,2
EYSQY,2
VYMEY,2
KTHHD,2
LWETN,2
YHMDY,2
NTFHP,2
KVDRS,2
QHTVL,2
QHTVA,2
CSLVP,2
EDSFK,2
LTQVQ,2
WQTVH,2
YQYFN,2
RSYVW,2
DDFYY,2
TGRQQ,2
KTLVA,2
YYTDD,2
YYLYV,2
YYLYY,2
TDNHE,2
PATHE,2
QDNVP,2
FELVE,2
VDMHY,2
TYVPC,2
VDMHD,2
KMLEH,2
FQTVD,2
WTIEN,2
LSLTP,2
HDQIH,2
GITIP,2
IAYLA,2
LSTLR,2
DLLEE,2
QKLTA,2
PYYVQ,2
AEMIP,2
DLIFD,2
FAQVN,2
EHLII,2
KTSVH,2
FYIYD,2
ATTIC,2
KTYEN,2
SDGTL,2
HYLHD,2
WSMHP,2
YTFTN,2
YKDAK,2
VFMYD,2
YNAMC,2
DDLAD,2
PHFQN,2
MANGR,2
PYKQQ,2
IRRTY,2
PSSIH,2
QQYFN,2
RTIQP,2
EEMED,2
DLMHD,2
FYMYD,2
SCLQN,2
GCLLD,2
HHCLK,2
ALDTP,2
HQIIP,2
YQQQN,2
LTYET,2
NNIIN,2
NDYNW,2
QAHYL,2
THLIC,2
NHNEK,2
HSSVQ,2
VFMDE,2
PNTIN,2
PNTIY,2
HSMIP,2
AELIA,2
HTALE,2
VEIVE,2
VEIVD,2
GFNTP,2
NNKMK,2
DEMLE,2
DEMLD,2
VVIED,2
CKTFA,2
IYTHY,2
IYTHN,2
DQHVT,2
ATATR,2
VPNPR,2
LRHAR,2
HLTEL,2
HTQHN,2
YDMAE,2
DYMVD,2
DYMVL,2
DEIFE,2
DEIFD,2
DYMVY,2
TKSYT,2
KPSLH,2
HSKVS,2
ATMAM,2
WDPIT,2
ATLET,2
VQTFP,2
LCTQM,2
CNQIL,2
SYREH,2
EINVQ,2
TYSFL,2
YDMAD,2
HDLDD,2
QTTCP,2
TVSDK,2
TMTLY,2
TFQVT,2
SNIVP,2
QYIIN,2
NSHVV,2
STLMP,2
YISVQ,2
DDMQE,2
FVYTP,2
NLTQH,2
DKSAT,2
PSHVN,2
HRIYP,2
HQEQP,2
HESWA,2
EDMED,2
EDMEV,2
RHCER,2
EYMYY,2
YCHED,2
QTSEM,2
TTHVS,2
WQSKP,2
TTHVH,2
YTNAL,2
DEFEE,2
SVTLE,2
VWMQN,2
YFFYD,2
TQMLE,2
MSTID,2
YTYTN,2
YSTLH,2
YSTLP,2
STHSK,2
QQCIN,2
DYMLY,2
TITIQ,2
AATVQ,2
GQLIS,2
EQLSQ,2
HQNIL,2
QLHLP,2
PILEP,2
LDMVD,2
QTCIA,2
NEMEE,2
TSYVN,2
YFILY,2
YFILD,2
DQLMN,2
DFIHY,2
MSEAL,2
CTIQP,2
NSLCP,2
YTSLN,2
QKLIG,2
SLIYQ,2
PYTIV,2
TICIR,2
REITP,2
DVFED,2
DVFEE,2
INLIT,2
VYIEE,2
VYIEV,2
VYIEY,2
AKTYV,2
ALDVT,2
TQMHP,2
HLVQC,2
RRKVA,2
KSLET,2
DFMVD,2
DFMVE,2
DFMVY,2
QSPIE,2
FDMYY,2
NSELT,2
VFMDD,2
DDLVY,2
DDLVV,2
PAHAL,2
DDLVE,2
DDLVD,2
WESYH,2
RYLAD,2
TPLMK,2
SEVHC,2
STTLT,2
PSHVA,2
VYMYV,2
QLNSS,2
IQHTR,2
PTTCA,2
YPNVA,2
CAHVV,2
YITIP,2
YITIA,2
QTNVD,2
QTNVL,2
CQLLA,2
SVTIP,2
PSTVF,2
TQTYK,2
NGQIQ,2
DDIHV,2
DDIHD,2
DDIHE,2
PMDIC,2
TYLHH,2
WVTHA,2
DMPIC,2
HSPHK,2
TVLTN,2
SAMHH,2
TQTYL,2
RHREN,2
TTSKA,2
DFLYV,2
LQYEN,2
AWEYP,2
CLAFP,2
PSMKP,2
VTNYD,2
AEWIT,2
ESMRT,2
ETLTN,2
DLETN,2
FYQQT,2
ILTAN,2
NTVHN,2
PQHIS,2
LTQIQ,2
YESEP,2
YDILE,2
QTLIT,2
YDILY,2
NETLR,2
HSQVS,2
YTTLH,2
YTTLN,2
QYTLD,2
SIILQ,2
YYFSQ,2
PASQR,2
FSHHA,2
FYFYD,2
PTHSQ,2
PQVIN,2
CSAVP,2
QHSYQ,2
TNAIN,2
NEPNN,2
THNQC,2
QTSVP,2
TWTAN,2
NHLIH,2
QVHVS,2
HTSIN,2
HTSIP,2
YFIDD,2
YFIDY,2
QKRVQ,2
QKLAN,2
KTNIN,2
KTNIP,2
YTYMH,2
DASQL,2
YVMEV,2
YVMEY,2
INMHQ,2
KRFAQ,2
DAELT,2
ATDIQ,2
MVLQP,2
VMSRW,2
SKAIL,2
FEMEV,2
FEMEY,2
FEMED,2
FEMEE,2
FEMEL,2
PTLIP,2
TTLYA,2
LQAVQ,2
YLIFD,2
PMHVP,2
TENHP,2
NTNIN,2
DDLND,2
TQNAH,2
HSLVS,2
FLEPH,2
PTDNR,2
GHNIH,2
HMSLW,2
LTCEP,2
TVFIP,2
YDMQD,2
HMHSN,2
KKHIA,2
YYMEV,2
YYMEE,2
YYMED,2
DYMFY,2
DYMFE,2
DYMFD,2
TKNLM,2
PTSVA,2
DEMAD,2
DEMAE,2
PSLQP,2
DYLLD,2
YFMFD,2
THNNH,2
TTPIQ,2
HSQNR,2
EIILQ,2
PKTMN,2
TYTLA,2
ITHAL,2
TKLTP,2
LTTMM,2
HLCLH,2
YEFDE,2
YTAIP,2
HTTEP,2
PTVLQ,2
HTTEH,2
HTTEI,2
YTQHQ,2
WHEHA,2
STYEP,2
CSIQD,2
STYEI,2
MATIA,2
APGRR,2
WTLNC,2
FVIYD,2
TNPIN,2
YDIDY,2
YDIDV,2
YDIDL,2
YDIDD,2
TLLHA,2
WYSTP,2
YTAVT,2
YTAVY,2
SGLIH,2
VWNAQ,2
DDMEL,2
DDMEF,2
DDMEE,2
DDMED,2
DDMEV,2
TTYDE,2
YYIVD,2
YYIVE,2
TIHSR,2
FSTVP,2
HSTEW,2
TNYIN,2
PMNVN,2
ETPYN,2
TNFYH,2
GSPVE,2
LASKT,2
TKTVE,2
FDIFY,2
TLTLD,2
SKPIL,2
EYMDD,2
FVLDD,2
YHQYC,2
LNLQH,2
CIMNK,2
NELYN,2
ETLQQ,2
YTNTK,2
MPFQQ,2
LYSTP,2
ARAWN,2
DAVLE,2
NTEVA,2
YTPVL,2
PTLMP,2
VMINT,2
RLCPK,2
SDEQS,2
EELDE,2
HDMDE,2
LHTNI,2
LNWIP,2
SDMDD,2
SSKIQ,2
DFMFD,2
HATCM,2
HAITR,2
DDLFD,2
ETDIT,2
VVMVD,2
VVMVE,2
MKTHQ,2
IRHLP,2
PYAIT,2
EQYAQ,2
VVWHQ,2
HQSKD,2
YEIED,2
YEIEL,2
LTSVS,2
YDMYD,2
YDMYE,2
YDMYV,2
VDMYV,2
MHMTR,2
NRFIP,2
YSQHD,2
ATHHL,2
DYLDY,2
DYLDF,2
DYLDD,2
DYLDE,2
TLNTK,2
VDFDD,2
DATIN,2
LTSMQ,2
SSMHN,2
DNGKV,2
TTTHN,2
SLEIP,2
LPQAR,2
FSYDQ,2
HTTMN,2
DYIHY,2
DYIHD,2
INTEL,2
VDIYV,2
VDIYE,2
VDIYD,2
DAMEE,2
TYYQN,2
VDMAD,2
INVIE,2
DDLYL,2
IYKNQ,2
LKEQP,2
FDIDD,2
FDIDE,2
NFLYP,2
YTKLN,2
QNLIQ,2
YYIND,2
NYTIQ,2
IIRTL,2
DSMVH,2
DYMHE,2
KAMQD,2
STSIP,2
VANVE,2
STSIH,2
FTNVL,2
AEMEE,2
TTHSP,2
DDMVV,2
CCAVP,2
SCIMR,2
DELVY,2
DELVV,2
DELVD,2
MLFQN,2
AYTQE,2
YSTAL,2
FTYQP,2
PYTQP,2
IQYQM,2
STMRC,2
SQNVH,2
TKKHE,2
FHTIM,2
YAIIP,2
TAIPF,2
NESIM,2
RSLIS,2
TVYMP,2
TMHMP,2
YDLEV,2
YDLEY,2
YDLEE,2
YDLED,2
NNHVP,2
TSINT,2
LYLDD,2
NHLRE,2
LPIPC,2
TTLIA,2
TTYQQ,2
KHNLN,2
NYNNH,2
DDKDD,2
PFCLR,2
FETEL,2
YSALL,2
PLTMQ,2
VYMED,2
DYTMA,2
SQSIA,2
QLDIP,2
CVSVR,2
YYMAD,2
FNNRG,2
YTLCH,2
TGTIM,2
DETEE,2
NGIYN,2
PTKSK,2
VLMEE,2
VLMED,2
DEMQD,2
DEMQE,2
HEHYN,2
NTNVW,2
MTEHN,2
PTMIN,2
PTMIC,2
DVLED,2
DVLEE,2
YSKIH,2
DVLEV,2
STIQL,2
DVMAE,2
DVMAD,2
YDMDD,2
ADIQM,2
TWMIN,2
RKETP,2
YDMFY,2
YDMFE,2
YDMFD,2
CDIQN,2
DYLHY,2
MQLVT,2
HTLMH,2
DDFED,2
DDFEE,2
DYMSD,2
EMHHC,2
HTMAA,2
WPLKA,2
TTEIT,2
RTTEP,2
ETSIV,2
GKHYY,2
LIHNT,2
DVNYY,2
QRMCP,2
KSNKL,2
KSRWK,2
FDILD,2
QVAHL,2
TSPHL,2
PTVVC,2
VVMEE,2
YYMEY,2
YKYIS,2
YYIFE,2
SIRIP,2
YSYSP,2
PTAVP,2
GTTVI,2
EVMED,2
EVMEE,2
RTDQL,2
FLMDY,2
CYTET,2
ITFQD,2
IYVNE,2
PRPIH,2
LTNIE,2
TVTQP,2
LRNFC,2
ELQYA,2
QYTQK,2
QVSIQ,2
HETID,2
HETIQ,2
HETIP,2
GRHIS,2
PMSMT,2
AAYQL,2
AVNVE,2
YAHMI,2
FYIVD,2
AVTHK,2
VELVD,2
VELVE,2
DRAHY,2
FYNTK,2
QLTMQ,2
DELEE,2
DELED,2
DELEL,2
WYHHC,2
DELEV,2
DELEY,2
TTLAL,2
SATVL,2
YDTVD,2
DHMED,2
VELED,2
SVPIL,2
QKSKN,2
PFVFK,2
NHLPR,2
PYTDP,2
YSTVL,2
ELLYP,2
VVMFD,2
ASAIN,2
RISHN,2
HQTIH,2
LTVQC,2
VTMMP,2
NVSIQ,2
QNNKA,2
QNNKH,2
QVTLS,2
WETVA,2
SMHFN,2
AQMCA,2
HHTHY,2
DEMYV,2
DEMYY,2
DEMYD,2
DEMYE,2
VYSTN,2
TYTVN,2
RPKDN,2
HQDEK,2
DVMYV,2
DVMYE,2
DVMYD,2
DVMYL,2
YHMHD,2
YEMVE,2
YTAMP,2
SNRHN,2
QLSVY,2
DFIFD,2
SITMA,2
CYLKT,2
KHRTT,2
KSNIN,2
MTDYN,2
ITHDL,2
SYNYM,2
YAFTR,2
CSIIT,2
TYDTQ,2
LAAVA,2
QSTIS,2
QSTIH,2
QSTIM,2
QSTIE,2
AKLIP,2
DHMDV,2
CQYHP,2
DDFVE,2
DDFVD,2
DDIVE,2
DDIVY,2
SKLKI,2
TVHHA,2
LETIM,2
RTTVT,2
RTTVQ,2
TIYHC,2
QVPIP,2
WGDLP,2
TRSIP,2
TTTEP,2
TIYHP,2
PSCVV,2
QQQIA,2
YFMVE,2
PTQIQ,2
HNLVT,2
ASIHL,2
DLLED,2
DLLEY,2
PNTVC,2
TVNMP,2
LSSIP,2
LRTQN,2
AYLVT,2
LTRRM,2
DDMHD,2
DDMHE,2
TIHVT,2
QYTIN,2
DDMHV,2
PTLQL,2
HSTHQ,2
AAYIH,2
AYVHC,2
EDNVH,2
FEMLE,2
PRLHP,2
QSLPV,2
TKMTQ,2
VSITH,2
NQRIL,2
YWQAA,2
ELLTQ,2
YTISN,2
TECVN,2
ETLTP,2
YFIYY,2
YTSYN,2
WHSIP,2
DLILD,2
FQRRP,2
PGKTH,2
YVMED,2
YVMEE,2
NTYHL,2
TCEEM,2
PKYIN,2
TIPNL,2
DFMEV,2
DFMEY,2
DFMEE,2
DFMED,2
TLDRQ,2
FNVQH,2
TTLVN,2
QKRLE,2
YMASN,2
PNTRK,2
DDLKD,2
IETMQ,2
KTTIN,2
YVFED,2
PTMYP,2
RTGIN,2
TYHTN,2
DVMQD,2
QTEVD,2
HDNEQ,2
CELKQ,2
PVRIP,2
YTLVS,2
TSTVP,2
TADSV,2
TSTVK,2
KLSNH,2
PRARI,2
YDMVD,2
YDMVL,2
YDMVY,2
EMSLN,2
HTRSK,2
LFNEP,2
QTQDY,2
YYMHD,2
ETSYS,2
VYMEV,2
VYMEE,2
CSTIT,2
DLTYP,2
IYEQP,2
QTTVV,2
NHYQN,2
TATRA,2
NGRIN,2
TSKMN,2
YQSKS,2
HKHIH,2
DYIEV,2
DYIEY,2
DYIED,2
DYIEE,2
YRMFQ,2
YFMDD,2
YFMDY,2
HYTEP,2
DYRDE,2
TYTVS,2
SMTLQ,2
NTHCP,2
TYTVA,2
SHHVP,2
YYTYE,2
PSLVS,2
STVNC,2
ATIVT,2
MYTID,2
MYTIT,2
PKLVP,2
PNTKN,2
QISIT,2
QISID,2
YDFYE,2
YDFYD,2
YEIYV,2
YEIYE,2
YEIYD,2
YANIQ,2
HSTIQ,2
YSPHA,2
YSLTP,2
TELLP,2
TNVIQ,2
YANIS,2
TQLMP,2
TKSSE,2
RYMEQ,2
PSTIP,2
NSRAL,2
FDLED,2
HKLEP,2
FDMYV,2
FDMYD,2
TTIVG,2
TTIVQ,2
YLMED,2
YLMEE,2
YTSQD,2
PAMNH,2
DLIDV,2
QQTQL,2
HILMS,2
VEMED,2
VEMEE,2
VEMEV,2
VEMEY,2
LRVYH,2
HLRMQ,2
PIETA,2
HYMHD,2
AHIQV,2
HTNIN,2
YYMEL,2
NSLEP,2
THQIA,2
TTFAP,2
MSQEP,2
TTYLN,2
TNEYS,2
NNVIQ,2
INYQN,2
PMHEN,2
IEDLP,2
HDMEE,2
LHSVP,2
VVMYY,2
DLMVE,2
VVMYE,2
VVMYD,2
EQNIN,2
LSMIP,2
FDMYE,2
PKHYP,2
KPKKH,2
NEHYQ,2
PNMLP,2
DYLLY,2
NQNIN,2
QTNMQ,2
TSEIN,2
EYLDE,2
YQTYH,2
HTHTR,2
TQTLK,2
LVMDD,2
STTVA,2
STTVQ,2
PMRVN,2
HIEHT,2
DVMLD,2
DVMLV,2
TEVYN,2
PMQLH,2
PMQLA,2
FYLNQ,2
EDLDE,2
HPSLL,2
NAHDS,2
WTSSA,2
LMHEP,2
DEIDV,2
THTYN,2
DEIDY,2
DEIDE,2
DEIDD,2
VMYWP,2
DTRIN,2
ACNVF,2
LHQIP,2
DDFFY,2
DDIFF,2
DDIFD,2
TNNNK,2
HRAYP,2
KHPYK,2
NSKTR,2
YNLIP,2
PTTIY,2
YDIYY,2
YDIYV,2
YDIYL,2
YDIYF,2
YDIYD,2
YDIYE,2
DLIDD,2
YEEWS,2
HAHVR,2
LQMLN,2
YYIEE,2
YYIEV,2
YFMYV,2
HDIDD,2
LTTFT,2
THSVQ,2
SHIHS,2
NTLMP,2
FVYRH,2
HQLIQ,2
WITKP,2
YDFDD,2
YDFDE,2
YDFDY,2
IPNIS,2
KYNLP,2
YTWHC,2
YLTFP,2
YTPYP,2
HITVS,2
DDNYD,2
KCQVA,2
MTHLP,2
VDMYE,2
VDMYD,2
VDMYY,2
WEVTD,2
TMHHA,2
IQLAN,2
SRTME,2
TTSAL,2
PKVIN,2
FYTMA,2
LYTLA,2
YPRHH,2
YETEP,2
VTMDT,2
LTELT,2
YDLHD,2
AVIVS,2
PQSIQ,2
TVYHQ,2
FDMLV,2
FDMLY,2
SVHIP,2
QYETY,2
TTTIL,2
SIPGN,2
PVIIS,2
HEIED,2
RYIAE,2
TCNVL,2
HNNHA,2
TKTLN,2
TNMIP,2
PTQVV,2
INYYN,2
YHLYD,2
ITYHN,2
TYNVT,2
AVVIQ,2
HNARY,2
VDLEV,2
VDLED,2
VDLEE,2
YQLLS,2
HATMQ,2
PCLIP,2
PVTIA,2
MLTVA,2
VTRVP,2
LAVLN,2
PTMLQ,2
ECQVP,2
SFPIN,2
DVMDD,2
DVMDL,2
DVMDV,2
RQTIA,2
PTCVQ,2
LTYVN,2
LTYVS,2
VHTEH,2
IHSMP,2
LRVTR,2
TKSIP,2
VETLP,2
LTTIL,2
DEILE,2
DEILD,2
DEILY,2
IDTYL,2
DYLVD,2
DYLVE,2
DYLVV,2
NSYLP,2
PMRIT,2
PTTLL,2
VVIDY,2
QPHRS,2
YDTDD,2
FANIQ,2
MYNSN,2
EQRIP,2
VDIDV,2
VDIDE,2
TVRLP,2
RSTLP,2
QTTIS,2
QTWIQ,2
NPKHR,2
TENRN,2
AVPTH,2
LETLN,2
DDIQD,2
MATIY,2
PHNVP,2
VQSLY,2
FELDE,2
TYGAL,2
CKTIK,2
NALIP,2
FCHEQ,2
TTQFN,2
EEMIQ,2
TSLAN,2
TSLAQ,2
QMLIQ,2
DEKED,2
DEKEE,2
DYNYH,2
CKYVS,2
TYVYT,2
VDMQD,2
DMTVP,2
HDMED,2
DISHR,2
IHISC,2
VYIED,2
LTIMP,2
FDMDY,2
QTHAK,2
FDMDE,2
DEFVD,2
DHLDD,2
KWTRH,2
VYLYD,2
THQYR,2
HSYIS,2
VYLYV,2
TNEIP,2
GSLIQ,2
YDIDE,2
YDIDF,2
GLRMH,2
VVLED,2
VVLEE,2
WTTQK,2
QRSKL,2
ISLAQ,2
YDRTP,2
TTNIN,2
VDLLD,2
DEGHM,2
DDLHY,2
DDLHD,2
TIIRK,2
DYFED,2
SLFMA,2
VDLVE,2
VDLVV,2
VDLVY,2
TKHHV,2
YYFDD,2
DFMLE,2
DDMEY,2
YQLDN,2
DLIEE,2
YTLQP,2
HAMLP,2
DYMDV,2
DYMDY,2
DYMDE,2
DYMDD,2
DYMDH,2
DYMDL,2
MSLTP,2
DEMGE,2
DEREE,2
ETMTE,2
KCETR,2
CTAVY,2
SYSVP,2
FVMED,2
LTGIA,2
IFTMA,2
FELHQ,2
VSMIQ,2
QSTFY,2
IVLMP,2
PTQQD,2
DEIQE,2
QLSLA,2
TRSLS,2
KKNFI,2
TTWDY,2
DDIYL,2
DDIYD,2
TTNML,2
DYIFE,2
NAHRT,2
AIEEP,2
GLQHN,2
DVIYD,2
DVIYV,2
DVIYY,2
EYMVY,2
QSEQQ,2
EYMVD,2
YDIFY,2
SSTHP,2
DHIED,2
YDIFD,2
LSTVP,2
RNQVA,2
YEIDD,2
YEIDE,2
YEIDL,2
YEIDV,2
YEIDY,2
AYLSP,2
ELHMP,2
DHIQT,2
EELED,2
EELEE,2
YYYEP,2
DFDEP,2
NKHYD,2
TTQVN,2
YQTYR,2
YQTYS,2
LQLMT,2
TSLIT,2
QKHEN,2
HSTCR,2
VLLPN,2
CYNED,2
ILTRL,2
DDMNE,2
DAVVQ,2
IQNMP,2
KKLTE,2
QQTIP,2
VTNEQ,2
HNLRH,2
HTYEN,2
YFSHD,2
QTHIP,2
WALTN,2
NDLIT,2
YTNVT,2
PTSEF,2
DELHD,2
DELHE,2
DVMLE,2
TIHDN,2
YVLDV,2
VELDE,2
VELDY,2
YVLDD,2
RTTHN,2
DTTYH,2
YEMQE,2
PETFQ,2
KPRHL,2
TSQEP,2
IVFTP,2
TTMAS,2
EQAVQ,2
RKVTT,2
QCNIQ,2
LKFQP,2
VYILD,2
ASSIH,2
DELQD,2
ITNIE,2
RTIVA,2
PKHDT,2
SDDIA,2
HHCIN,2
ACPSR,2
FFMDD,2
IPEVN,2
FKTVS,2
TSTLD,2
DYMLE,2
DYMLD,2
KININ,2
DYLFV,2
AGRRR,2
YNLQN,2
INNNV,2
FYMED,2
VVIFY,2
FYMEY,2
KTQIC,2
YVMYD,2
EYSKA,2
NKMEP,2
HTQIP,2
SIKRR,2
MRINN,2
DEIYD,2
DEIYY,2
GNRAD,2
DEIYV,2
HEQVP,2
LAQIQ,2
VEMYD,2
YSISP,2
HQKIR,2
THTYQ,2
INIVQ,2
RIWHN,2
HYTRT,2
PNFVQ,2
AYFAP,2
FDIFD,2
LFTIP,2
YYIHD,2
DDTDE,2
DDTDY,2
AFTAN,2
LITVT,2
ITWIN,2
PSLLQ,2
REYLA,2
MMSIN,2
AIHHN,2
HQLLH,2
YDLDV,2
KESHD,2
YDLDD,2
YDLDE,2
EDMDE,2
EDMDD,2
EDMDV,2
LFTRS,2
DDMVY,2
DDMVL,2
DDMVD,2
DDMVE,2
MTQVQ,2
MTQVP,2
YTWMP,2
MNTKS,2
CESIM,2
HSTVS,2
HSTVP,2
DCEHA,2
ITTHH,2
PTFLP,2
LDMDD,2
YVMVE,2
YVMVD,2
CTAVD,2
WTTAQ,2
TAIVN,2
SIHIP,2
TLYVT,2
ENLYL,2
NPWNQ,2
HPLDN,2
LYTKL,2
LYTKV,2
YEMYE,2
YEMYD,2
DVMEL,2
PHHVP,2
PYQEL,2
AHNTR,2
THHHN,2
YTFEP,2
DDREE,2
KTTTN,2
YVMYE,2
ITMIN,2
DVFDD,2
VYIDE,2
VYIDD,2
VYIDV,2
MPPNK,2
LAMIS,2
EICTP,2
ANHEL,2
GQHVT,2
EYLYD,2
SAGVP,2
PPHLF,2
VFMEE,2
VFMED,2
PYFIT,2
ASHHM,2
LHNHN,2
NVIQQ,2
ITIWP,2
WRHQL,2
SDMDY,2
ISNID,2
TRTTG,2
YDMHE,2
NIHYA,2
SVYTP,2
AHRIA,2
FEMDY,2
DYMQD,2
DYMQE,2
DEIAA,2
DYIVL,2
DYIVD,2
THEQT,2
QSHHN,2
PHDYD,2
ICTLN,2
YSYNS,2
SPYVP,2
VVIYY,2
LAITH,2
QTRVV,2
GILEN,2
NPIHL,2
HWVMT,2
TVIVT,2
YDIVF,2
YDIVE,2
YDIVD,2
IWNEN,2
QYYQT,2
EQCVD,2
LHCYP,2
PRTVH,2
SMEQL,2
PTLLP,2
NTLVN,2
HQLTP,2
YYIED,2
LHVNV,2
HYTAD,2
LSHFP,2
PIHLP,2
NNLRS,2
TALVN,2
EYMVV,2
QSEQD,2
YYLED,2
YYLEE,2
HETKN,2
YNIDD,2
NSARA,2
YLTIT,2
TTIAV,2
KHSQN,2
CHHIL,2
WTTIS,2
HESVP,2
PETVA,2
WHTFP,2
PETVP,2
PETVS,2
LCLTD,2
YEWHS,2
HTIEN,2
NKLRI,2
TANVP,2
HYMED,2
TSYMN,2
MISEN,2
PVILP,2
YTYHD,2
STLVT,2
LKLTH,2
DLMYP,2
DLMYE,2
DLMYD,2
FEMDV,2
FEMDE,2
FEMDD,2
VVMDD,2
VVMDE,2
VVMDY,2
LSHIP,2
TSDIP,2
NQYIP,2
YEREE,2
SHDVN,2
FKLSP,2
GTTFA,2
TTMVN,2
AHNKD,2
YLIEE,2
PPHDP,2
PAFNS,2
KLSMN,2
RYVVH,2
