YNSSA,1
VLQSA,1
NTDGQ,1
NSRPD,1
HTHYA,1
LFMQP,1
MANSV,1
RTSSH,1
RTHAT,1
RTSST,1
NTTRH,1
NMDNT,1
TNMSC,1
LDQQP,1
QECPH,1
QCHDL,1
PRRQT,1
TCAMT,1
STCPQ,1
RHPPM,1
QTEPA,1
RHPPA,1
TEFQS,1
RHPPT,1
PQNST,1
NNNYT,1
RPMSH,1
PQCMS,1
RPMST,1
RPMSS,1
RNSNT,1
HQHAV,1
HMHPY,1
NHSGF,1
NHSGY,1
HLPKP,1
QRHGS,1
SNYSS,1
TSRNT,1
NPPSS,1
NPPSP,1
STNHT,1
WSNNA,1
RASTM,1
RASTT,1
TSDST,1
LTTWH,1
NTNHG,1
HKNNT,1
HKNNS,1
NTPDF,1
THNAS,1
IPPES,1
QPNGS,1
QPNGT,1
FSNRT,1
EASAS,1
IFNGT,1
TRSTS,1
PMRDQ,1
PSDDW,1
LDTSD,1
FTSNL,1
KHQHP,1
IMNNT,1
SPTRT,1
SPTRW,1
HIPPT,1
QCTNS,1
RSEPT,1
ISPTT,1
NNTGP,1
PQTGV,1
RIAPP,1
RIAPT,1
HVHTY,1
KSHSS,1
KLSTS,1
LANTN,1
LANTS,1
LANTT,1
HNCKT,1
WTDPQ,1
KSNEH,1
QVHTI,1
QVHTV,1
TVHTS,1
LTTLN,1
NGHTM,1
NDQQS,1
YDNTT,1
HTQTS,1
QTEPG,1
YAKPT,1
NPRKI,1
QSNQT,1
RRPAS,1
SSIPT,1
YTHNG,1
QSNQA,1
QMLNN,1
HKSWN,1
TTNNS,1
RTTTW,1
TTTGA,1
CTHGT,1
APATP,1
DEHPS,1
HSPTR,1
EHRNQ,1
HSPTA,1
HSPTH,1
QNRPS,1
QNRPT,1
TYTPT,1
VWQNV,1
CTDAL,1
CTDAK,1
NICNP,1
RLGNS,1
RQPIS,1
RTPMT,1
PNAPI,1
ASHHA,1
NALTT,1
RTQQT,1
PHPNN,1
TSRAP,1
SKTNQ,1
SKTNG,1
HDPTH,1
VNADQ,1
SQTHT,1
KPIST,1
SSNTS,1
TSPYN,1
NPRPT,1
PDPHT,1
SRYPS,1
DRQNS,1
QDTPI,1
QINLT,1
TLPTQ,1
TLPTL,1
PASTR,1
EPPRT,1
LPTST,1
LPTSV,1
TRLTP,1
PTRTC,1
NHFPN,1
PTSAT,1
PTPTA,1
TIHPT,1
PTPTT,1
PTPTQ,1
PTPTS,1
THANM,1
PTQRT,1
FLNNS,1
FLNNT,1
KASPE,1
YNHQT,1
NTSAC,1
NTSAQ,1
NTSAV,1
NTSAT,1
CAKHS,1
QARPP,1
ITNAS,1
HSNPS,1
HSNPT,1
YNNKS,1
HSNPM,1
PLNPT,1
PLNPS,1
PLNPQ,1
ASPKY,1
RNNNH,1
RPHTT,1
RENTS,1
SNPPE,1
MPNRS,1
SGPSM,1
CPKPP,1
QRNTL,1
TPAPN,1
HPRAP,1
HPRAQ,1
HPRAS,1
SKPHG,1
NSSLS,1
QSKPT,1
QSKPS,1
NMNST,1
PCNRS,1
IMPNH,1
SDNTT,1
NMCIN,1
QDDPA,1
VRSSS,1
KYHTQ,1
HTQPT,1
RAKPT,1
VQHPT,1
TRNPE,1
PMLQG,1
QHDQH,1
HPPQT,1
SQPGS,1
SIAML,1
PYSPA,1
GMKPT,1
MSQPH,1
MTRTT,1
PARAS,1
PARAP,1
HEPIF,1
QPTPV,1
TPNPH,1
QPTPE,1
QNTSQ,1
TPNPT,1
HRTPS,1
DSPIH,1
RNNSL,1
RNNSI,1
RNNST,1
RNNSS,1
RNNSQ,1
GLNTA,1
QHHPS,1
PSSPA,1
QTHWP,1
DTSTN,1
CKANH,1
DTSTT,1
VNNYS,1
NIPTD,1
KPRKQ,1
AMPPN,1
LSTSK,1
SSQTH,1
ITTDI,1
KNSPS,1
KNSPT,1
RGHHT,1
LTPQT,1
MNHTF,1
LTPQS,1
TTLPP,1
TTLPS,1
TTLPT,1
PISPT,1
LNNLT,1
ASCSM,1
SSNNT,1
TGCIH,1
SSNNL,1
SSNNH,1
TTPRS,1
GDSLG,1
GTTNP,1
HASTG,1
ATIPT,1
SIAPS,1
NTINS,1
IPVPT,1
NNRPE,1
PHISN,1
ARQLP,1
NTYST,1
ENTTP,1
SPPTN,1
HSAQP,1
GGNST,1
SNVSQ,1
CQRGD,1
RHPHT,1
TQSAR,1
HISTI,1
PAPTS,1
NISGQ,1
NKPTH,1
DTQPS,1
YPNGS,1
DTQPN,1
NHAAE,1
SNQSH,1
DHACI,1
AAQPP,1
LGPAP,1
LGPAA,1
NPPKT,1
NNTPF,1
RSNNT,1
SSNST,1
SSNSS,1
SAQRC,1
SNKYS,1
NDPPP,1
VTQTS,1
YDQQS,1
NQNSS,1
LASNN,1
TKHSQ,1
QTNGT,1
YDQQT,1
YPSHY,1
TSTTS,1
TNNTT,1
SVNGT,1
SRTDA,1
HANQS,1
HTRQT,1
KIPDS,1
STTPY,1
STTPT,1
STTPS,1
NCHHS,1
HTDHP,1
MIANP,1
QPRSQ,1
TNNST,1
TNNSS,1
PLQTT,1
NNNKS,1
NLPPN,1
CDAPN,1
NANHT,1
SYNTI,1
WNRTV,1
HPSFE,1
RSEHP,1
NPQPH,1
HHFNT,1
NNSEN,1
SHGTT,1
YPTTT,1
NHHNH,1
CNQPH,1
YPHHR,1
YPTTK,1
PCQHG,1
WTNNT,1
YPKTT,1
HNCSP,1
HNCSH,1
QARLG,1
STANG,1
KDPTR,1
RPTNT,1
ANSHT,1
CMHLA,1
KCYSI,1
KPHPT,1
WPSLA,1
PNQQT,1
KPSHS,1
APTQS,1
YSNVE,1
KKNKT,1
INNAS,1
SSPSM,1
DNNPL,1
YTRPS,1
TTPAQ,1
NASDQ,1
IIAPT,1
TNNHQ,1
MTNDS,1
RLRTT,1
TEATH,1
SPTAH,1
WPHSQ,1
WPHSP,1
QEQGA,1
CTTRH,1
NACKT,1
KMPHT,1
PGMGV,1
DTNPT,1
HCAPT,1
HRTMD,1
GSQPY,1
KAPTQ,1
IFPNH,1
QPPSN,1
RYPHT,1
RNAHS,1
KVNTT,1
RNGTT,1
SRPFT,1
RPTSS,1
DACRA,1
CANPL,1
TSKTT,1
NDAST,1
KMKPS,1
LNGAY,1
KMKPT,1
TKNNT,1
SNNHT,1
SNNHN,1
KVQPD,1
HAADA,1
CTKPK,1
QINTL,1
YTSPT,1
TSSAQ,1
QATPS,1
QATPP,1
QDNNT,1
TNSMT,1
NNTGL,1
ENHSH,1
GPDDQ,1
TPSKS,1
LHCTI,1
CMNPS,1
RLQPT,1
QDIPS,1
IGRQS,1
RCNNT,1
PTLAE,1
QFNDH,1
LTNPS,1
LTNPR,1
LTNPV,1
LTNPT,1
HDAPT,1
DKDNR,1
FLTTP,1
LDSNI,1
ITTPT,1
YNNSM,1
KANPM,1
ASPST,1
ASPSP,1
KAAPE,1
KANPQ,1
NPFQP,1
NPFQN,1
SHATR,1
PCQPT,1
HPNKT,1
HPHSQ,1
NDSHA,1
SGPKT,1
TLPAT,1
NDSHP,1
NDSHS,1
HSKPD,1
ESAPT,1
GNAPH,1
QSQTT,1
CQNNT,1
NFQIT,1
SLPTG,1
LMPTS,1
LMPTQ,1
LMPTT,1
SVHTS,1
LLKPT,1
WMEIT,1
LLKPN,1
HQNPP,1
LFPLT,1
LRTKP,1
KWNPK,1
CYYMP,1
TTCTH,1
TSIPS,1
PTEQT,1
DGNQS,1
YTRSN,1
HTESH,1
SQSDT,1
HSTYH,1
CTPGH,1
PADPD,1
DSNKP,1
SQNQT,1
NWGPT,1
PAKRP,1
TSHPD,1
TCHPE,1
YANPP,1
HSNGS,1
QEADH,1
PGNAN,1
NCSNN,1
NAPAN,1
TCSHR,1
TAYNA,1
TAYNV,1
KPTYG,1
DSSQS,1
HQNMT,1
ADKSS,1
WNNST,1
WNNSF,1
PCNAT,1
KPRST,1
TAHSQ,1
RHTVQ,1
QNHSC,1
LPIQT,1
TPNTS,1
TPNTT,1
ANNAT,1
MDDQS,1
PIDQH,1
KTGQM,1
LPAIT,1
HTTMP,1
LPAIP,1
SPASS,1
RTNMS,1
NSPQT,1
VLNNS,1
RQSDS,1
TENYP,1
NAKHD,1
GKPTS,1
PSYRH,1
IIYTT,1
GKPTG,1
SESQL,1
LAGPT,1
HNPTS,1
WIPPT,1
ATTPS,1
QPMYS,1
LHSPP,1
QPKTT,1
PKPTS,1
ALDRP,1
ILSNT,1
RVTQY,1
SSQKP,1
ERSNT,1
PNGPA,1
RPSNP,1
RRPAT,1
SHNST,1
PEPST,1
SQHPN,1
YPSPD,1
HTNHS,1
RPPTQ,1
PTGSQ,1
ELTSQ,1
NCNNS,1
NPCHS,1
NPCHT,1
LPATN,1
QNQFT,1
LYRAT,1
PTKPP,1
PVSPP,1
SNKQN,1
STNSG,1
HTRYN,1
QPSKT,1
AELMT,1
LESTS,1
DAEKS,1
NCKDD,1
FYSTP,1
NTTGI,1
ETGSD,1
RCHPD,1
PYQYC,1
STTHH,1
PMRTT,1
PMRTQ,1
PTSGR,1
PMNHS,1
HIDTT,1
QHQNI,1
PYVQT,1
PTNHT,1
PTNHS,1
NNRAS,1
MTYTQ,1
ALSWT,1
QHPPL,1
YNLTT,1
DATNS,1
KGHTQ,1
HYPYT,1
NIHTT,1
DTRCT,1
ISPDK,1
SHPLT,1
QTRNQ,1
ANGTT,1
TSTGA,1
PMKTT,1
HPAPT,1
NDNLT,1
HPTPF,1
RNDPN,1
TSNHH,1
NPKPY,1
LEPHT,1
KPSPP,1
NLLPT,1
PAQTR,1
QPNRS,1
RTTDT,1
HTGTF,1
NMTSS,1
NMTSG,1
SPSQR,1
SPSQS,1
RYNNS,1
RYNNT,1
SWVWG,1
YSHPT,1
NASLW,1
THPTR,1
SNNRP,1
INNTT,1
QQHPK,1
YPTGN,1
QQHPP,1
QQHPT,1
TDKPL,1
TDKPD,1
HQKNP,1
AVHSV,1
TDKPT,1
ALSNP,1
LNPNM,1
LNPNG,1
LTKTQ,1
LNPNT,1
LYKHS,1
VPSQT,1
NERGQ,1
SATGA,1
CRRPP,1
SRPNQ,1
QSTPT,1
LRPNT,1
PHTPH,1
PHTPP,1
LNASH,1
SNNPT,1
PNASN,1
SNNPI,1
NDHPN,1
HYTYT,1
SSPLP,1
IVQNI,1
ADNNS,1
KSSPT,1
PIHTT,1
PNRGP,1
NYFNA,1
NHTAI,1
TTRAA,1
QQNTQ,1
THSPQ,1
SERSQ,1
GSARN,1
KRPSP,1
QAPSL,1
LSNAN,1
MIECI,1
QPQHT,1
TPTEH,1
LNNHT,1
SMPTL,1
CSQPK,1
YAQST,1
HNVSN,1
PGATH,1
SCSPH,1
RLPPD,1
YNHAG,1
LTNHQ,1
HESSN,1
TPDPL,1
KPPKT,1
LMQPT,1
LMQPS,1
LYAGI,1
QGPRW,1
HPNST,1
RSGAV,1
CVPGT,1
TSPTL,1
TSPTH,1
TSPTA,1
TSPTC,1
KPGPQ,1
TSPTR,1
SAKPP,1
CESTQ,1
QYTPR,1
DNSTC,1
DNSTL,1
DNSTN,1
MQNRS,1
AAPTT,1
PANNL,1
PANNT,1
AQPTV,1
NTEGI,1
LFPTK,1
GAVNS,1
HASPA,1
HTPGL,1
PHRTH,1
QWWNN,1
NTSTQ,1
YNQSA,1
YPPTS,1
PEYPD,1
SQNYT,1
QQTGT,1
QAAPM,1
DMRTQ,1
WHYSI,1
RSPSC,1
QTGTQ,1
LASGI,1
TAPTR,1
PQKSN,1
RVPST,1
RVPSS,1
HPQTA,1
GDCDT,1
HPQTT,1
PMYNT,1
HQNET,1
QLTNV,1
QLTNT,1
QRTTH,1
RISVS,1
QTHGS,1
PPPYH,1
QRCAK,1
TAHKP,1
HCSHT,1
QKSHH,1
PVYTT,1
DPHGS,1
TGSFS,1
NSPST,1
NTCHS,1
TRPRP,1
LSQND,1
VTTTS,1
PPKSA,1
LLQLT,1
QHNQH,1
QHNQT,1
SMAYM,1
PHPTL,1
STQPP,1
STQPT,1
DSPDV,1
YNTKA,1
TPPPM,1
TPPPT,1
ATRTT,1
FRNPN,1
ATRTP,1
DLSNL,1
LIPPT,1
NAQEN,1
STNLT,1
LIPPA,1
STGGV,1
ATNNP,1
TNSDW,1
ITCPS,1
LSQAN,1
RVNSS,1
TYNTH,1
SKGQT,1
HCYTN,1
SDDDS,1
QPLPT,1
PPTGI,1
APPQT,1
LNNAT,1
HASGS,1
LYLPT,1
NPNPT,1
NPNPS,1
NYSNT,1
NYSNN,1
QTDNI,1
PITSS,1
PLSTA,1
TTGRH,1
SIHIP,1
RTGKP,1
HSSRP,1
THRHF,1
QNQNH,1
NQSTQ,1
TTAQS,1
SPKQS,1
VTHGT,1
SSDRS,1
QMAPH,1
RTSVW,1
HSRPT,1
HSRPS,1
HSRPL,1
QPYTS,1
QPYTT,1
NTNMT,1
NTNMS,1
AESPP,1
NSINS,1
ARPMP,1
NATNN,1
LLSQT,1
NSRSD,1
RWDPQ,1
CRTDP,1
PRSPS,1
PTNPD,1
PQPTS,1
TLNGT,1
NINNT,1
SAPAT,1
SAPAF,1
CGKPP,1
CPNNT,1
EHHTK,1
KEPTH,1
YHKPS,1
QSPRT,1
ECSHS,1
AKITY,1
MNRSS,1
ELSSQ,1
SITLN,1
YRSLQ,1
QNQSE,1
QNQSH,1
QNQST,1
ARPKF,1
NQTPV,1
KDLPR,1
LQSTS,1
QNPSP,1
HPPGG,1
QNPSI,1
NHITI,1
NHITE,1
QDHNP,1
QVTPK,1
QVTPP,1
SNHTS,1
RQTPA,1
LDTPT,1
LFGPL,1
HSHTQ,1
SPTQS,1
ASNNI,1
SPTQI,1
CALRP,1
MTNTT,1
MTNTS,1
FWPTQ,1
RTTLS,1
LYPPP,1
ITNSN,1
TPVQT,1
LPRPA,1
MKNKT,1
HPNQT,1
LPRPS,1
NSMHP,1
NNTDH,1
NNSPT,1
NNTDY,1
ATSSP,1
RNSPW,1
QPALT,1
HSPLN,1
SYGRS,1
MAHTT,1
DAPTT,1
TVLPA,1
PQGPE,1
RVLPG,1
ISPQT,1
KGKPP,1
NNNGN,1
QTASS,1
IAKPT,1
RSNQP,1
MPKPS,1
AVQPT,1
ISTRP,1
LAAQQ,1
TCNPH,1
APNQT,1
HTKAT,1
RQAQT,1
SSSNV,1
SSSNS,1
PCPQT,1
SADRS,1
SADRQ,1
GNHNS,1
ANPTK,1
TRMFT,1
YPNKT,1
YPANH,1
MDNNL,1
TTNKT,1
TTNKP,1
PNHPT,1
SAHTS,1
SAHTT,1
SAHTL,1
KNNRT,1
VTQPS,1
CTDLH,1
CTNPK,1
DKNTT,1
NTKTP,1
LETNS,1
FKTTA,1
NYPKT,1
QKNDT,1
QYSHP,1
ATLTL,1
HNHPY,1
MSSTT,1
DANQS,1
MTTPS,1
QNRSG,1
QPVTI,1
YAGNN,1
RTQTL,1
DADGT,1
AAQTT,1
NTVTT,1
RSHPM,1
WNKSS,1
PRPPH,1
TCVPT,1
QSWDC,1
RNASQ,1
REINQ,1
PTQRP,1
RSHPT,1
SATTS,1
SSTNE,1
LRPSS,1
RSRPK,1
TMPSR,1
VTPTS,1
VTPTR,1
VTPTW,1
PIQTS,1
TNQPM,1
YMNMT,1
IPHST,1
ENRPT,1
PIPNE,1
SNSNT,1
RGTEQ,1
HAFPT,1
NLAPY,1
NSHYL,1
LPTPT,1
GNPSQ,1
YNHTN,1
YSSNT,1
YNHTS,1
TPTRQ,1
NTSLS,1
TPTRT,1
FTTTP,1
HETND,1
SYHTT,1
HHPTS,1
LATGC,1
TPSHR,1
TPSHP,1
QPTHA,1
RCNAT,1
SPVPP,1
GHNKT,1
NVAPP,1
QPISS,1
TSNPT,1
ITNLT,1
NPQSV,1
MPIQT,1
SIENH,1
EPLGS,1
VGNFS,1
PENKT,1
HLANS,1
APKQS,1
QDPMT,1
AYKSV,1
KPTIL,1
CLDGP,1
LGLNT,1
PANQT,1
ANQSQ,1
CTQPT,1
NPTYA,1
LYRTT,1
HTPTA,1
HTPTC,1
PHNMT,1
NSSEH,1
TGSNT,1
RMEPK,1
RMEPN,1
PYNSS,1
DDHTS,1
PCRSV,1
SSHPT,1
ESTHT,1
SENAS,1
ILQTT,1
QNGNH,1
RMDNS,1
QPTSQ,1
QPTSP,1
QPTST,1
STRTQ,1
MSPKP,1
TGHSG,1
PRVPT,1
EITTE,1
RLNLT,1
MLSPT,1
PTGRY,1
LASTN,1
LASTK,1
LASTT,1
LASTQ,1
NIAPY,1
PDAPR,1
PDAPT,1
YPKNP,1
GPSSV,1
QHKSQ,1
QHKSG,1
KSDQG,1
NCSSH,1
NWPNT,1
LRTAP,1
PYAPE,1
QRSMP,1
KSTDS,1
INNLT,1
KPTTM,1
DKPPE,1
LVTSA,1
LTLAN,1
HTNPG,1
HTNPE,1
HTNPD,1
QAPPQ,1
HTNPT,1
ANNTT,1
SRVPT,1
SDQLI,1
YIHST,1
LRRPP,1
NHASN,1
HALPP,1
GCLPN,1
TARPT,1
HASQG,1
IIHTT,1
SFTAN,1
LTPNF,1
LTPNT,1
RTRPT,1
RTAPT,1
SSNKT,1
SSNKS,1
RRMPT,1
SPKYA,1
SNPPT,1
RTNRS,1
RTNRT,1
ITPPF,1
QPTNT,1
NSSST,1
NSSSS,1
QQSTI,1
VLPLM,1
NSSSD,1
NSSSH,1
NSSSI,1
NSIVT,1
LAPPP,1
SPPSP,1
YASAD,1
KANMS,1
SPPSN,1
SYPTK,1
QPRKS,1
RPMNT,1
NCKPQ,1
CAENQ,1
TSEPP,1
LKGTT,1
SHYHT,1
LGYST,1
SNPYS,1
RINTT,1
DTQSA,1
AMQTL,1
SNQPQ,1
SNQPT,1
HANTT,1
VATPQ,1
HANTS,1
HANTA,1
YRYPT,1
YRTPH,1
FGSVA,1
SSNPT,1
QILPE,1
HLPPQ,1
HTRDP,1
DPKPP,1
DPKPT,1
PNPGT,1
IPPHT,1
LQQPK,1
KCNNT,1
ATQYP,1
PAHPS,1
NSSHH,1
PTRPT,1
TRKLP,1
CKLTA,1
LQPRP,1
TNHNT,1
TNHNI,1
VCPGN,1
SLEPT,1
MSKTQ,1
NTPAP,1
HSHLS,1
SLRPT,1
KTPTV,1
NSRNT,1
ASNFY,1
YSNNT,1
HPASA,1
DSCSR,1
QNYST,1
SYSHT,1
CKKNT,1
TLAPE,1
CAVPS,1
TNNPK,1
RQMAT,1
NNYSS,1
HPISS,1
SYNPA,1
LTSIS,1
TNHPS,1
HLTNS,1
HNCNT,1
MQEPP,1
HGPEC,1
NVLIP,1
ANGIT,1
VSTPK,1
KKKPP,1
KSHTQ,1
KPDPT,1
EYPAP,1
APTTT,1
KCIKS,1
TTKPT,1
SAHDP,1
TTTLS,1
KNPPL,1
IPSST,1
NGNNS,1
NGNNP,1
LPHHP,1
LNQTM,1
TVSPY,1
LNQTQ,1
ETNRA,1
DPSMS,1
LCKMP,1
WQPIQ,1
TTNSS,1
AQNGY,1
YSNST,1
THPAS,1
IKMSG,1
NAHPS,1
KLNNH,1
KAPQS,1
PTLYI,1
ALSSN,1
INSAQ,1
YDNNT,1
QHPDD,1
TNPMT,1
RITPT,1
LSSPS,1
LSSPP,1
LSSPT,1
HPHKS,1
SHRSN,1
RNQTS,1
RNQTL,1
DTPPP,1
RRQSA,1
QADNS,1
NENAT,1
PPSQV,1
HGTNN,1
KNNAS,1
HEKNP,1
PTPQG,1
PTPQT,1
PPCMI,1
SSPTS,1
MIQTT,1
NTPRP,1
KTRST,1
QWRPT,1
HRQHQ,1
NLNAS,1
KNYNN,1
RANST,1
MTTCS,1
FSHTT,1
SLSSS,1
SMPAP,1
FLPPP,1
TQVTI,1
DAVTQ,1
HDPNS,1
TPSPT,1
QGNQA,1
HDNQS,1
PWNPS,1
HRIPG,1
PSELT,1
PYNPP,1
NAGND,1
ATHNT,1
HPEPT,1
HDQHC,1
SNPKT,1
HPHPT,1
NNLDP,1
SNPKD,1
CSKQS,1
HDASS,1
AANST,1
SAAQG,1
YANHS,1
RSMTT,1
TAPDS,1
QTPDT,1
ANCLR,1
KYNGT,1
QTFNH,1
KVTIT,1
MSTRH,1
MWSSS,1
RAMAT,1
YTNHT,1
QDPEA,1
PSHTT,1
YKPQA,1
LNSSQ,1
LNSSS,1
QYLSH,1
VAPST,1
VAPSS,1
RRGTT,1
AHSTI,1
AHSTQ,1
KENNT,1
CTVPN,1
YNEHY,1
HTQPS,1
LLPTS,1
TATPR,1
TQHPS,1
TQHPT,1
TQHPL,1
RPNNS,1
HQNPN,1
HPKTQ,1
HPKTT,1
RNNTP,1
RNNTD,1
HNASH,1
HNASN,1
HNASQ,1
VITNG,1
HCYDN,1
DGIPK,1
LAYNQ,1
PKPTK,1
RHGNP,1
ANHPT,1
LSNHT,1
LSNHS,1
NPHNT,1
HTNHT,1
ANNLT,1
NAHHT,1
NKSFG,1
TEQPT,1
DRLTT,1
NKYQT,1
NKYQN,1
YQRTH,1
QPQPT,1
QLGPP,1
SHSPL,1
SPATH,1
HTAPN,1
HPKQH,1
AEHLP,1
QNNDT,1
KNTSI,1
TTNRT,1
MFNNN,1
KNTSS,1
RLPPP,1
SMATA,1
SMATT,1
FKPYT,1
HEHFS,1
KTSPT,1
KTSPA,1
QPCPS,1
MPPTG,1
QPSST,1
STWQT,1
ISLPT,1
LSQNT,1
HCNLG,1
RTIPC,1
LTMPS,1
PPTLQ,1
NPHST,1
NPHSP,1
HWPLH,1
PRHTS,1
PRHTQ,1
PRHTN,1
RSRNA,1
KGNNT,1
HASNS,1
HASND,1
SSQNA,1
SSQNW,1
SAPQH,1
NECSI,1
RSQDP,1
SNHTL,1
SNHTI,1
DIYTG,1
PVSSV,1
ESPKA,1
SRESN,1
NQSAQ,1
HVTYP,1
VTHPA,1
NQSAA,1
TRKTQ,1
NCNSS,1
HTHKT,1
NSTTT,1
NSTTD,1
ATADT,1
NATYE,1
TSNPK,1
APTNP,1
LPKAS,1
TSNPQ,1
QPSLA,1
PTNMT,1
CGTNK,1
CGTND,1
NTQSC,1
PAEPP,1
ALPTR,1
IAPTI,1
TNTST,1
NSPLQ,1
CGRPS,1
RPTTS,1
QIPPT,1
ATNPT,1
ISPAT,1
KACTT,1
QHPST,1
IYNNS,1
YPNYT,1
TMQES,1
HNSIA,1
HPGIA,1
SSCTS,1
ISNGL,1
PIDPS,1
RPNET,1
NHYNN,1
TRTRN,1
NKNKT,1
KSQSA,1
KSAPT,1
APYTS,1
IISNV,1
AEHHH,1
TLIPE,1
KPNNT,1
MSPDN,1
SSPTT,1
SSPTR,1
SSPTF,1
TTTTT,1
HAKQT,1
RFHTH,1
AWSPN,1
KTPKS,1
PNQTI,1
VHPST,1
CMPNK,1
GTSPT,1
ASNST,1
ASNSS,1
MTPAI,1
APTGN,1
VTRPS,1
LQPAS,1
LLPTT,1
QPNQQ,1
QPNQS,1
QPNQT,1
NSKST,1
TPAPR,1
APTGR,1
PLHAT,1
SCRNN,1
NNTIT,1
TEQPL,1
QPQPQ,1
NASAD,1
NASAQ,1
NASAS,1
CTNRN,1
TYSGM,1
TVPPR,1
QPPVT,1
LAHPN,1
AASAT,1
RPTTV,1
RPTTT,1
TATNT,1
RPTTA,1
AIQQT,1
CPTNV,1
PDTTQ,1
RSKHT,1
APTGA,1
CVTPN,1
HSSNP,1
RNGST,1
YDGNG,1
TRNMV,1
AWDNS,1
RSDNN,1
NPREN,1
IAHKP,1
RSCPA,1
NGTRC,1
NGTRT,1
NGTRP,1
YTKPT,1
NTATQ,1
IPIKP,1
IPIKS,1
NRSSY,1
TNCSN,1
TSPLL,1
YVKPS,1
ANRTT,1
TQAST,1
FPTNT,1
NRTSS,1
HNVPQ,1
ILRTQ,1
TQPPS,1
TQPPT,1
GHQTP,1
LPNDT,1
NVHTL,1
CAQNL,1
PMSTG,1
HQKPT,1
PMSTQ,1
QLLQT,1
HPNLA,1
NNATN,1
VIPTS,1
PQQTH,1
KFTPK,1
YPNQT,1
TNVPT,1
LPAAQ,1
ADNPQ,1
QADSA,1
PAPKH,1
HDKPT,1
NAKPN,1
PPLKP,1
HWCTH,1
EEATC,1
TALPT,1
TALPS,1
GNVTI,1
LNRSS,1
LFTPA,1
LTIST,1
LNMAQ,1
NPATS,1
QNLPT,1
PPCSR,1
NKFNV,1
RYPQN,1
LPNPT,1
IPNNT,1
PVQTC,1
RYSQE,1
NPNRT,1
HSTTQ,1
SPHQT,1
PTETP,1
DLNST,1
ITTNI,1
PSKPT,1
PSKPS,1
PSKPP,1
ITTNS,1
FYSHS,1
NTCPT,1
TTSQS,1
NTCPS,1
TTSQG,1
RLIHS,1
NTYYS,1
TPSGI,1
NNENN,1
NVKPW,1
NNEND,1
PTHTG,1
PTHTT,1
DKKTT,1
PTHTQ,1
PTHTP,1
PTHTS,1
HNTGP,1
QHRTS,1
RPETI,1
MPNDS,1
STAIN,1
TLYTH,1
AAPSQ,1
SAYTS,1
KSTTT,1
TAQPD,1
SKVPA,1
GHSPD,1
SDHPT,1
TNCSP,1
CSNTQ,1
NKLTN,1
SIVPQ,1
LSNPT,1
TFSPT,1
PCGPT,1
HWPHS,1
IDSDV,1
IDSDS,1
QSNNS,1
IDSDP,1
MTHPI,1
MRGPS,1
TGNTT,1
YYPPT,1
IDANP,1
VWPTS,1
KNETS,1
PLSPT,1
QQNLS,1
WPPRT,1
PFLPP,1
RVTNT,1
QFYAP,1
MGLPT,1
CKSGG,1
RELPD,1
RELPT,1
CPANQ,1
RPSQY,1
SNVNW,1
YTAQN,1
HDNTT,1
QINPY,1
NRNVS,1
PHVPP,1
RPPQT,1
LSKTT,1
RRKQT,1
GTIHT,1
QWNAT,1
NQHTH,1
DNRTN,1
RRTPT,1
PNNTT,1
TSQTH,1
LFVQS,1
NYSSK,1
QAANT,1
NYSSS,1
NYSSQ,1
SESSM,1
NSTLS,1
NSTLF,1
LSKPS,1
SITTT,1
SPPFP,1
TQNHT,1
TNQAV,1
RLDQQ,1
TPCDG,1
HHTLR,1
NTNRT,1
PQPSQ,1
PQPSH,1
PQPSL,1
PQEQQ,1
SMRPT,1
NATQM,1
QIHQH,1
GDTTV,1
CTNLS,1
SKCNS,1
PDRAP,1
HLNSS,1
QTNYS,1
YPCSN,1
RNSHW,1
NHNSG,1
QGYSN,1
NKNSS,1
NGSSD,1
PRAPN,1
LNEPD,1
QLPTT,1
TSRPQ,1
TSRPT,1
NHPTL,1
RASRQ,1
SHHNP,1
HYNNT,1
VPTPT,1
YPNGP,1
DEYRQ,1
DTQPH,1
YNPSC,1
PTSYS,1
DNNMG,1
THTPT,1
THTPP,1
THTPE,1
KQNNT,1
KQNNH,1
NGHLP,1
THPQY,1
NSTPA,1
QPNYT,1
KQHPT,1
TNHSQ,1
NGQNL,1
QPHST,1
KIHNH,1
EHNIP,1
HHRPN,1
SPTTT,1
SPTTS,1
QTRPK,1
HHSRY,1
QTAPN,1
RQPTA,1
QTAPW,1
KLPTA,1
QTRPT,1
WACSH,1
HNSTP,1
TYDPP,1
HKTTA,1
HNSTD,1
HNSTH,1
HPANH,1
NQTNG,1
NQTNL,1
RSTMH,1
KMNFS,1
LPNNP,1
WCGDK,1
TTGNT,1
TTRTP,1
LALIT,1
ISAQI,1
KPNQT,1
ESSTH,1
RDTNG,1
NKTGN,1
NKTGY,1
AEVNS,1
PPLST,1
QAYMT,1
APNTT,1
CMPSH,1
KSQPK,1
GTASQ,1
YKEQG,1
HHNHI,1
KIHSH,1
QPQMS,1
KNNQI,1
HHNPC,1
NASRA,1
CDQYS,1
PRTTI,1
PRTTL,1
PTART,1
QPPAH,1
PTARL,1
TQNTS,1
NLTHY,1
SWPPT,1
SRPTQ,1
TSNTT,1
RSTPN,1
RSTPT,1
KLSDA,1
TNPFT,1
MPRET,1
LTNMT,1
ITNTS,1
ENQPE,1
QIHPT,1
CHKEP,1
DRGPS,1
SHTTT,1
EDSPK,1
RNGFY,1
LTHST,1
HQPPT,1
HGTQT,1
EKNDS,1
LTHSA,1
LTHSL,1
LTHSH,1
YHHPH,1
KPPNP,1
HLLPG,1
HLLPA,1
HPNTP,1
KPPNI,1
APSQR,1
LMQMG,1
IAHTH,1
QTPTS,1
PVNPP,1
QNFSS,1
NNKYN,1
MNDPS,1
PKTTS,1
YRHPT,1
WPTTS,1
NSQSG,1
TQCST,1
ETPPT,1
FAQGH,1
TPTPG,1
HSYST,1
NNPTS,1
CNTGQ,1
PARTS,1
MPANI,1
NTTDH,1
RHKKL,1
TKPPH,1
QSQTS,1
QPIPN,1
TAPSS,1
MLSHT,1
TACQQ,1
TAPSH,1
KPHPE,1
YDLQT,1
AKKHY,1
AKTTG,1
LTINS,1
SALDM,1
HAPTN,1
LNSNT,1
HAPTG,1
LNSNQ,1
HTPDT,1
PHNNS,1
TANTS,1
PIPPK,1
PIPPP,1
QMPSH,1
SPRMP,1
HTSHH,1
GRINS,1
LCNSS,1
LCNST,1
TQCHH,1
TTPGP,1
GNTPP,1
TFPNH,1
QNNTY,1
QNNTQ,1
QNNTK,1
TPGNS,1
MTRNC,1
TESNG,1
SRRQQ,1
LHTGP,1
ATRSS,1
ITPHS,1
ITPHT,1
DARQS,1
CSNAN,1
HPSQV,1
NNNSR,1
KLKST,1
NNNSS,1
HNQMI,1
EFHNH,1
PHNSS,1
GINRT,1
KSEPT,1
KSEPQ,1
ALNST,1
QNAHP,1
LMTTK,1
NQPQH,1
APPTT,1
GAHNS,1
GAHNH,1
AAANV,1
KNRTR,1
KNRTN,1
SVPPL,1
PNNLT,1
QAHNT,1
KTNST,1
NSSPN,1
LESAS,1
NSSPA,1
KHHTV,1
NSSPT,1
NSSPQ,1
QNGPT,1
VMNHT,1
HREPL,1
CSGQP,1
SPPNN,1
PYANT,1
PYANS,1
HHTDY,1
ITPSD,1
STNNL,1
LPKQN,1
STPDV,1
STDPT,1
NTTPP,1
NTTPT,1
SCVPK,1
FCADA,1
HPTQP,1
HDNIT,1
NVSPM,1
QLNNP,1
QLNNT,1
NVLQN,1
TAQTT,1
ISDES,1
LMPPT,1
PQNQT,1
HPPLT,1
LSPSQ,1
LSPSP,1
LSPSS,1
TMPQL,1
NHNKT,1
HYPTS,1
NHHST,1
PWTTQ,1
QTNAT,1
SNRTT,1
NKPAY,1
CIDPD,1
SNRTN,1
SDPPL,1
SDCPQ,1
TIRPK,1
PVPLT,1
CRFKS,1
QNQTI,1
EMSPN,1
ENPTQ,1
KKHNT,1
QYNPT,1
YSNKT,1
YSNKP,1
STSTH,1
SLQSP,1
IPSKS,1
TNQTC,1
NLSHH,1
PTSQP,1
NLSHS,1
KQQSS,1
TQTPY,1
TQTPT,1
SPSNI,1
TQTPQ,1
SPSNV,1
TQTPL,1
NITGQ,1
DATPS,1
PWHTL,1
RSENS,1
ATSTH,1
ATSTV,1
ATSTR,1
TPHTT,1
HNESQ,1
TPHTI,1
SPTSH,1
FTHPS,1
RHHSP,1
TPGSN,1
QQSNS,1
ISQHT,1
AAHPQ,1
ASRTQ,1
IKPPP,1
ANTPT,1
HKPNT,1
SYASL,1
YDPTS,1
HYSNN,1
PCPTQ,1
PIPST,1
QTTRC,1
HCQPN,1
NSYPT,1
HTMPI,1
QGQEH,1
HAMPT,1
TESQT,1
TASPS,1
PHMNT,1
AMSSP,1
AQNDS,1
TTNLS,1
HSQTT,1
HSQTV,1
QNSPS,1
QNSPT,1
QNSPL,1
WQNPY,1
KNPSY,1
IPSTQ,1
IPSTP,1
MTPTA,1
NEKPY,1
SMTHH,1
NTADP,1
HIPIT,1
HIHDP,1
LAQPR,1
SPNND,1
AISPS,1
RQGYP,1
AISPT,1
QPQEN,1
RTPSA,1
HRQPP,1
INDSG,1
TPKPT,1
TNPNS,1
EQHPS,1
CLKWS,1
EQHPK,1
HPMPH,1
HPMPS,1
IKSTQ,1
HNDST,1
RTQSH,1
RTQST,1
KANNP,1
NHTFL,1
HPDNT,1
TSPGA,1
HDQPY,1
HDQPT,1
QSNHS,1
QSNHT,1
LTQPM,1
SNSST,1
SNSSQ,1
WQTTT,1
SNSSA,1
DNSGG,1
QNSMH,1
RSYPT,1
THESA,1
QINNT,1
QINNS,1
IHPAN,1
FNTTE,1
NMNNT,1
IPTPQ,1
SHQTI,1
QTCNT,1
QMLPQ,1
TTHGV,1
AQSAT,1
SISLT,1
PSRTA,1
PSRTS,1
KNNLG,1
KNNLS,1
LLTYT,1
TITTP,1
YAKST,1
ILTSQ,1
KTKNG,1
PTQPS,1
PTQPE,1
PTEDE,1
PMSAT,1
DYTTQ,1
TYPHT,1
NTSGS,1
PLMPS,1
AANPA,1
TNAPA,1
ASMNP,1
YHTPQ,1
QGNRS,1
QGNRT,1
TLMPS,1
AWNRP,1
PENNS,1
PENNY,1
YVSSQ,1
KSMPT,1
RSGSS,1
GCQAH,1
MPNTS,1
MPNTT,1
REGNI,1
SHVPT,1
TSGLT,1
KGSSP,1
HVGQP,1
DIDPD,1
LLDST,1
PNCAA,1
HTSPT,1
PACTT,1
TRNRS,1
QNPNP,1
TQRPT,1
KTDSD,1
YGDSH,1
HRWPT,1
PYRTQ,1
PYRTS,1
HIYNN,1
FAQTQ,1
PSPPT,1
CTVST,1
TPNNS,1
LATQT,1
PSPPA,1
ATDPT,1
HLATE,1
NIRPT,1
RNNQT,1
DMGPQ,1
KISSL,1
RLNQS,1
HNPAS,1
SRTYN,1
KPTST,1
TLSAT,1
NVNEH,1
KPTSI,1
RDNPV,1
PETGP,1
GHYPE,1
NEPPH,1
LTEPT,1
SARNI,1
STGTT,1
STGTI,1
QQPPY,1
SKAPP,1
SASTT,1
APVPT,1
RKYNN,1
APPLS,1
LNNNT,1
LNNNS,1
PPQSQ,1
QIEQT,1
PIRTI,1
QYVNT,1
NGPDQ,1
SLPKT,1
SLPKS,1
HAYNT,1
LLRPN,1
TTPTH,1
TTPTT,1
PLGPH,1
TTPTV,1
HTASH,1
RTSIS,1
QPSTC,1
QPSTS,1
QPSTT,1
TNLIT,1
HSMQP,1
QEYPT,1
PDDWY,1
PNKPT,1
PLLSQ,1
HNNDD,1
NATAT,1
HNNDT,1
WTPTS,1
RPSDQ,1
HDNAS,1
RPGPT,1
EQPTS,1
RSITY,1
RSITN,1
HCNST,1
SNQMT,1
LNNST,1
LNNSS,1
YPYTG,1
YPYTH,1
VPMTA,1
LSPKT,1
PPTQP,1
SKSSP,1
NMSNS,1
SAQPS,1
HASKA,1
NPCNH,1
CWPNM,1
QKPTW,1
QKPTK,1
SNDMI,1
GTNTT,1
YLITT,1
GTNTA,1
QNDLP,1
HTANW,1
GLYNV,1
HTHHS,1
TTANS,1
MIRPP,1
YNMTS,1
PLPTG,1
PTNNS,1
TPLST,1
LHNST,1
IKNNS,1
KNSTY,1
NRFNN,1
YNPCS,1
TQNSS,1
PSNRS,1
PSNRT,1
CPGPN,1
KPKTT,1
TNDAG,1
TNDAQ,1
DDATQ,1
NNYNI,1
FWPKT,1
HTNKT,1
HPSHR,1
PQNDI,1
SYGAT,1
SMSYH,1
MCNNN,1
NPDNQ,1
RSKPT,1
NMSSW,1
RSKPK,1
RSKPL,1
NNNHN,1
NNNHH,1
RINST,1
ISPNT,1
KPVNS,1
LTSLR,1
NNNHT,1
NNNHS,1
CLFPG,1
TLIST,1
CWTHN,1
SDSRP,1
FDSNM,1
NKNNQ,1
NKNNH,1
PKQTE,1
TATVT,1
QASHS,1
ANFPT,1
LNQSV,1
LNQSQ,1
HTKTS,1
NSNHS,1
THCPG,1
THCPD,1
PNQST,1
KTPND,1
KTPNT,1
SSSQT,1
QACST,1
LQQNM,1
YSNTS,1
NRSKH,1
SPQTI,1
TTNTT,1
TTNTS,1
QPNTS,1
NRSKQ,1
SSPQS,1
PSQHH,1
KDDFN,1
LPRFT,1
RCLPT,1
HIPAD,1
TNSPY,1
PFTQS,1
KLNAS,1
HHIPN,1
EPNRT,1
QHTPT,1
IRPTS,1
EPTYP,1
QTKPS,1
KMNSS,1
NNITH,1
DTHHP,1
VIPLD,1
SANPK,1
SANPL,1
SANPQ,1
SANPT,1
INSNT,1
RPTQN,1
ISKPP,1
RPTQT,1
RPTQS,1
TKNPT,1
RNKPS,1
HMTPI,1
GTDTG,1
MHNNT,1
NHTNQ,1
YESTT,1
VDDPA,1
RRPPQ,1
SPIMT,1
SVRAT,1
NRTPH,1
NLNNN,1
NTASQ,1
YYTNN,1
NTAST,1
LVQST,1
TNSKP,1
KNCQQ,1
RANVS,1
KLTQT,1
ENKTS,1
LPNHI,1
NNPDN,1
QHTKQ,1
YSLPS,1
LHLPT,1
GSQIT,1
GTHTT,1
KTQTT,1
TEPTQ,1
PWNWL,1
SAATD,1
SAATT,1
LSLNG,1
IHLVA,1
NDSNT,1
MQNTS,1
FPPLT,1
YHHKP,1
YIPTP,1
MNTHH,1
YRAQN,1
QKANH,1
LLTNT,1
AFNST,1
TQMNS,1
CTGHP,1
MSNNS,1
RYPTH,1
SQIPQ,1
PPDPT,1
EACSQ,1
PANDQ,1
AEPKT,1
TGSSR,1
LFQPP,1
LFQPT,1
SCYPG,1
TTSLS,1
NTSRP,1
LLWMP,1
PAKTT,1
PYTPT,1
DSNMQ,1
PAKTG,1
PAKTI,1
HHNMT,1
YANRT,1
HAHPD,1
QEHNH,1
HSNAS,1
ITTIP,1
DSTPP,1
HSNAT,1
KANKT,1
QHSSA,1
QHSSE,1
SFTRT,1
TYGLR,1
HVSMT,1
CDHQH,1
QRTNT,1
CQNQT,1
RKPTT,1
PPPST,1
LNCTR,1
HPNYT,1
HPNYS,1
CMQHT,1
LPSYA,1
GTTPT,1
NFRNN,1
YTSNT,1
TSHGT,1
SPRPT,1
KPQQT,1
SINNS,1
MTHSN,1
FPHTS,1
QAQAT,1
LPKPT,1
TTVPL,1
TIPYS,1
TIPYA,1
TTVPT,1
DWQPS,1
SPAQT,1
RTSAK,1
STQNS,1
LAPGS,1
ARPPT,1
ARPPS,1
SWTPT,1
LVSNV,1
VLPAT,1
QHKAG,1
STPTS,1
HNNLT,1
TQQPK,1
TYNRT,1
NVTTQ,1
ITLNS,1
GATPT,1
QAKSQ,1
TAENH,1
AAAET,1
NDYDP,1
NPHTS,1
RNPAT,1
QSYPD,1
NPHTI,1
TKHYS,1
YGNPA,1
PPNST,1
PNNYT,1
TSQTC,1
RSNTS,1
RSNTT,1
TQNGN,1
HINLT,1
ELTQS,1
IHNTA,1
PDVNI,1
HATQT,1
LPARP,1
FNNSH,1
TTGTA,1
STNQT,1
ATQNA,1
RTHHT,1
YSDAS,1
NSTST,1
HTHPA,1
NATTG,1
NATTA,1
NATTC,1
NATTH,1
NATTP,1
PTDTH,1
NTDNH,1
PTDTS,1
TGQPN,1
SAPPP,1
PSHPA,1
PSGPT,1
SRRPS,1
HYTNQ,1
TYLTP,1
GSNIL,1
KTEPK,1
KLHTP,1
HPYKT,1
KSPTK,1
ITHPT,1
EPRLT,1
TKHDT,1
NHSPS,1
HPSPT,1
HPSPS,1
HLNTH,1
RNPKT,1
NNNPM,1
NNNPT,1
QTNTS,1
QTNTT,1
KENPQ,1
KSGGQ,1
WNATT,1
HPTRG,1
FPNTS,1
FPNTT,1
WTPAT,1
LPVYS,1
SKSQG,1
HKNGS,1
KPSRP,1
CYNRS,1
TISNC,1
KCSPQ,1
LLMGP,1
MTIPC,1
IRATT,1
SVINA,1
CTKPN,1
KIPSL,1
ARNLT,1
TTTQS,1
PTTHP,1
TGRTH,1
HIPYT,1
ASNTT,1
ASNTS,1
MTNNC,1
RMLPP,1
QQKPT,1
NNTNV,1
NNTNS,1
NNTNQ,1
NNTNA,1
NNTNN,1
NNTNI,1
YAGQT,1
TELND,1
RNTTS,1
ITAKQ,1
QPKTS,1
QSSPY,1
QSSPQ,1
QPKTC,1
QPKTE,1
MPQLT,1
PPNYG,1
KMNKT,1
HLIPS,1
KPNTH,1
LNPLD,1
KPNTT,1
HCFPS,1
TAPHT,1
APNKT,1
NKGPI,1
PPSLA,1
TWNNT,1
CWDDI,1
CVTKK,1
FFSTP,1
TTQGQ,1
NPAPT,1
GTHWR,1
TTNAT,1
SAHNW,1
TSSSN,1
NSWPY,1
TQATF,1
TPQQS,1
PTPFN,1
LTYNI,1
QGTYT,1
VQSPI,1
RTPDF,1
RTQNT,1
QQHKP,1
NHPSQ,1
TPTGP,1
QCRPQ,1
QPLPS,1
PYPRP,1
DRGSL,1
DKRKP,1
AIHSS,1
LTNNP,1
LTNNS,1
LTNNT,1
LTNNE,1
QGTSN,1
KSCTH,1
REHNS,1
NHTSI,1
NHTSA,1
LVTQV,1
NHTSS,1
YPLST,1
RVCPT,1
PHASR,1
LTHPL,1
LTHPK,1
NLNSS,1
TSSPL,1
YTTNS,1
SLNST,1
SLNSS,1
QLQTM,1
YNRQP,1
NTRTS,1
NTRTT,1
NSQTM,1
KHNPC,1
SPHTQ,1
SPHTT,1
AEPSS,1
FSRPS,1
KTQAS,1
TPYTT,1
QNAMS,1
YAQHH,1
TTSTS,1
TTSTI,1
WPTSQ,1
SPRTR,1
HHPNQ,1
QPTNH,1
HHNET,1
SCTTQ,1
QPTNS,1
HNYPG,1
PWSTS,1
SQTPS,1
HSNYT,1
QFTKH,1
NHSDQ,1
QPDSS,1
NQAPE,1
NQAPT,1
HPRHP,1
YCEPN,1
QTSPA,1
QTSPG,1
QTSPI,1
PCISG,1
RNNAT,1
DRNSA,1
QTIYT,1
YDSAT,1
TKPSM,1
TKPSL,1
TKPSS,1
HGGNQ,1
DTTHH,1
QDPSE,1
PVQNI,1
ENRTF,1
PVQNL,1
CPKGM,1
NTMHT,1
RAMST,1
RAMSS,1
QMPTT,1
HAPSA,1
WLEPT,1
ISSQD,1
RIQPE,1
PHNKS,1
GNTSN,1
KTNKT,1
KTNKS,1
SSHNN,1
SSHNS,1
SSHNT,1
TGNSS,1
NGPTT,1
THVLP,1
SNPQI,1
PTHNP,1
VNPTQ,1
DNLAS,1
YNTMT,1
QHSDP,1
QQNAS,1
ATNPQ,1
NVNNN,1
CGNHP,1
HNKSN,1
HNKSI,1
HNKSH,1
HDKKP,1
QQPGP,1
HRFTQ,1
SSKSP,1
SSKST,1
KPMQT,1
KPMQP,1
LNTSS,1
LNTSQ,1
PPTAG,1
WPAST,1
HDNQL,1
LYPNN,1
TSQQA,1
TSQQD,1
QAQTT,1
NTSKS,1
SDPHD,1
CVYPT,1
TQTSY,1
PITMC,1
AYNDT,1
QTQTW,1
HSSPT,1
HSSPS,1
CMKTP,1
YSSIT,1
PLIPD,1
AERPM,1
SVPSD,1
SVPST,1
PNDLA,1
TSRPN,1
RTSTA,1
RTSTH,1
HEHPT,1
QFPLQ,1
YNTPE,1
ETDSG,1
HGQPP,1
YNTPK,1
YNTPP,1
PMHTQ,1
NSTKQ,1
DCHPG,1
TNMPH,1
NATLS,1
QTIAA,1
PRAPA,1
TYQPK,1
NSNTT,1
PTMPY,1
QYNKS,1
PTMPT,1
HSWQN,1
VLQPN,1
YASGL,1
SPPMP,1
NSRQS,1
NISNN,1
QKQQQ,1
RPLRT,1
HCTPT,1
RPMPQ,1
NPSTN,1
NPSTT,1
RHPSN,1
NNTSS,1
QIPMN,1
DTKNQ,1
TAAPT,1
HTYYP,1
RSNGT,1
ASQTY,1
QSPTS,1
QIQAT,1
TLQPT,1
LYNRT,1
TRMPG,1
NHNHH,1
ISNPS,1
ISNPP,1
HYNNS,1
TMTRG,1
NLLNA,1
PSTPQ,1
PSTPT,1
HTRHS,1
QNCSS,1
RGQPT,1
QVHNT,1
QDQPS,1
ENPSA,1
TNGTP,1
TNGTQ,1
TNHTE,1
KTCNP,1
PTSTW,1
LPQPK,1
LFNNT,1
PTSTI,1
LTSNQ,1
CSTNH,1
SPTSQ,1
NLPKS,1
HIPQH,1
HIDES,1
TCTAP,1
NNRPT,1
KINAS,1
IYNPQ,1
WTATQ,1
HCTKS,1
PQTDI,1
QHPAP,1
MAQEA,1
HWNRT,1
PGHPQ,1
SYANL,1
NINST,1
INTTV,1
RPTAP,1
FPTTT,1
KPCTT,1
NINSN,1
WTSQY,1
HPTGR,1
HTRGG,1
TTDST,1
APNSA,1
PNKPA,1
DHGPN,1
PCPWA,1
KSNDH,1
YYCDS,1
RKTSG,1
MTPWR,1
CLTHN,1
MRHGP,1
SEQIS,1
KNNTS,1
KNNTD,1
KNNTE,1
SPTNT,1
SPTNV,1
KNNTI,1
SPTNQ,1
KNNTM,1
CTDNC,1
RKSSH,1
CTDNT,1
NGTAG,1
NSMSS,1
NGTAQ,1
HGHPQ,1
RTPLQ,1
TQGRP,1
PTQHH,1
HNHNH,1
QPGKT,1
IAQTN,1
RQQLP,1
EWPNT,1
RPNWN,1
QNTNS,1
HHSLQ,1
TNYPM,1
MPKKT,1
CGFST,1
CRKVP,1
TLEPT,1
LSSNC,1
HDQST,1
SNNAC,1
SSTLT,1
TKSQS,1
SHRIH,1
HYSPE,1
HYSPP,1
RNQRP,1
YTATA,1
PIASS,1
FANNA,1
TTQRY,1
IPTSS,1
LTRSN,1
AAPNC,1
HGTTT,1
PNSHT,1
PNSHS,1
KNNKS,1
TLTPK,1
TIHQS,1
SLTMP,1
CTQMG,1
PTQSQ,1
LSNTN,1
PTQST,1
TTRPK,1
LPTRT,1
TTRPP,1
ITRSN,1
TPRHT,1
NNPQS,1
TPTTT,1
MLPPD,1
PSGHP,1
HSNQS,1
ASVTP,1
LHHNP,1
HRTSQ,1
NTYTK,1
NTYTN,1
QCSAT,1
NAGDY,1
TQLDN,1
ATHDP,1
YVSPS,1
YVSPT,1
HDQNA,1
YVSPY,1
TACNQ,1
RPCPS,1
YACNS,1
QSKQP,1
QSEEQ,1
TGNPK,1
QTYTI,1
LNLSQ,1
RVQAT,1
HTGPQ,1
MTQTL,1
QDPKS,1
KPHWS,1
TLGMT,1
KPTKF,1
SQCPK,1
NPTWS,1
PCNST,1
GSTPS,1
YPRTS,1
AEQNH,1
YGPDS,1
HAKPN,1
TGNKS,1
QPTQS,1
TPNSS,1
QHNKT,1
PLNLT,1
PSPST,1
PSPSS,1
WNFPT,1
AGAAP,1
PSSSH,1
TETQQ,1
GCHQP,1
KAQMS,1
HPVST,1
NWPHT,1
NESSE,1
SDNHT,1
SRWPN,1
TLSLI,1
HPLPT,1
MPSGH,1
RISAT,1
LNNKT,1
HTNNT,1
TVPSH,1
LNTKI,1
YIHQT,1
RGGQA,1
PHNTS,1
PKSPA,1
PKSPT,1
HASSV,1
PAYTP,1
HASSA,1
THHTS,1
SLPNS,1
KNSSN,1
KNSSG,1
HACTK,1
LTPPA,1
TANEA,1
LTPPN,1
PNGNP,1
DNKSH,1
HSDHP,1
QNNPT,1
TRNLT,1
LQAHP,1
LQHTS,1
KNRSQ,1
HKSRC,1
TFKPP,1
NTGHT,1
NTGHI,1
ILSAT,1
RTNTA,1
NSITQ,1
RTNTM,1
HHTAS,1
RTNTS,1
RTNTT,1
NSDTS,1
STNAT,1
NNVNT,1
TPPQW,1
FENQT,1
QRSTA,1
PQPNS,1
IQQTT,1
INKTT,1
INKTQ,1
INKTM,1
HSAPA,1
ITSTT,1
YPPKT,1
PQCTS,1
LNNPH,1
LNNPT,1
PQCTG,1
LSPNT,1
QRGNN,1
DTAPK,1
DTAPY,1
SCATH,1
RHPKP,1
SNVPS,1
PRSFA,1
WNDTT,1
SNCPN,1
AMPLT,1
RPSGQ,1
TKHTQ,1
PPHPK,1
LMTNH,1
PANPP,1
HLNDT,1
FPNDP,1
ISAQQ,1
TSDTT,1
TMPTQ,1
SSNRH,1
NHHTH,1
APITT,1
KYSKT,1
FAKPT,1
HKTNN,1
HKTNL,1
KQPPS,1
NTGSN,1
QDHTN,1
TNQSE,1
TNQSN,1
KQHNH,1
PSNQT,1
HKNWT,1
HTRPK,1
NSNPT,1
HHKSP,1
HNDTW,1
YNVTY,1
NLPSH,1
PSHKP,1
GPTDN,1
ATPSH,1
LHNTQ,1
YSNLS,1
ATPSQ,1
ATPSP,1
HRVPK,1
NTTNQ,1
NTTNS,1
KINET,1
QPRPK,1
QPNLT,1
QPNLP,1
SYMPK,1
NNITS,1
SYMPT,1
HTNNS,1
LDAPG,1
LDNPT,1
ITVNS,1
LTSKS,1
APNTS,1
HTNNH,1
RDHFH,1
HPSGS,1
HPGSA,1
SNTLS,1
NHYPS,1
RFNHS,1
RPTIP,1
TVRPP,1
TVRPS,1
GCNSN,1
RPTIA,1
CINEN,1
LTDPH,1
RNTDE,1
LTDPT,1
TENPT,1
ERNTS,1
SSSTS,1
APTRN,1
SANHS,1
FKNGS,1
ETNLV,1
YQNQS,1
NSNTS,1
NSNKS,1
PNQNT,1
NSNKT,1
NAIPT,1
TTNQT,1
NGNLT,1
YSNQT,1
ARTPT,1
ARKQN,1
RTPTA,1
RTPTH,1
RTPTT,1
DLRPA,1
RTPTP,1
HHIST,1
QQASH,1
NASGI,1
NTQTA,1
KMNTS,1
MLLSS,1
LYRGP,1
SYNKT,1
TNSSQ,1
TNSSS,1
TNSST,1
WARST,1
QQQPT,1
TNSSN,1
PRTYS,1
SEPPQ,1
ISTAT,1
DTNSI,1
IQSSH,1
DTNST,1
NWASA,1
CPTPP,1
GTRTT,1
SSTDS,1
QISHC,1
TPLPS,1
LTANQ,1
CPGNT,1
PPVPV,1
ADNGS,1
NDHKH,1
QADLD,1
PNRNP,1
RHYPP,1
PPSSS,1
PPSSP,1
PPFQT,1
PTPSR,1
PTPST,1
PTPSW,1
PTPSH,1
HTTPT,1
HAHQT,1
HAHQS,1
SNSTA,1
SNSTH,1
TTWPA,1
SNSTS,1
SNSTQ,1
LPNMT,1
STVPT,1
VTNTT,1
VTNTA,1
LQSSA,1
LKNYS,1
YKPNN,1
LQSSY,1
RIKTQ,1
RVNPK,1
LITRP,1
STLFP,1
RTQEP,1
TYPGP,1
ATTPY,1
ENHPT,1
LINYG,1
TNSNA,1
GPPQF,1
TMNSN,1
TANTM,1
PCTLH,1
PSENT,1
NLRPD,1
YMTNE,1
VVPKT,1
QSQGT,1
LTNST,1
LTNSS,1
GIDAT,1
NGTST,1
SGSTH,1
ASPRT,1
KANSQ,1
VGNLT,1
CLNDT,1
LYTPP,1
FTNTQ,1
QNKTA,1
QNKTK,1
QNKTT,1
QNKTQ,1
WYPTV,1
RKLPH,1
HTPNA,1
YKPSQ,1
PSATK,1
TFNPN,1
MTHKN,1
CTPDQ,1
LCPKT,1
NSPNS,1
NMCPT,1
VKCPT,1
TGPNY,1
QMYPM,1
HPCTH,1
PLNDT,1
ALVPT,1
ILPHT,1
RCART,1
NLQTQ,1
TDNPR,1
NARPT,1
AIMTK,1
GSSPT,1
PDSHT,1
TETIS,1
SCTAP,1
STHTH,1
STHTV,1
STHTT,1
STHTS,1
STHTP,1
TNRPQ,1
TNRPT,1
HVTPK,1
HVTPN,1
HVTPM,1
TCDPH,1
EPLPG,1
LSTTK,1
NESKP,1
FLLPS,1
CVMTH,1
QTHPT,1
NNHTH,1
QTHPV,1
QTHPW,1
NNHTA,1
QTHPC,1
MQAQL,1
CQNRS,1
QLDPT,1
ISSDY,1
QWPTS,1
HTQLT,1
PNIAT,1
NCQSR,1
IANST,1
QLTAM,1
PSPNI,1
RLSPD,1
PSPNQ,1
PNNAT,1
PNNAA,1
THQHS,1
QVLPP,1
RTNTG,1
NSITT,1
CTRPR,1
TKNKT,1
RTGHT,1
QHASK,1
KAQPT,1
QCQHT,1
HNNAS,1
PAVTS,1
RTHPG,1
RTNLT,1
PLTKP,1
QPSQR,1
NADQT,1
HQSAS,1
YSKPP,1
HLVTS,1
HDGPQ,1
RNPNQ,1
EPRTD,1
ESGPK,1
EPRTT,1
LGVPF,1
NVTQH,1
SGNMS,1
CAYMH,1
PVRTT,1
ELTTQ,1
SSQHH,1
SKRPT,1
KSPLT,1
FNNTN,1
SNKPS,1
HSSSQ,1
KEPFV,1
AETSA,1
NGSQH,1
QWSPT,1
NPYRT,1
HSAPT,1
PTRNN,1
PVPQH,1
CTSKN,1
HYNYS,1
PTKQD,1
YTQSA,1
PTTPT,1
GKTDP,1
PTTPP,1
ATQSH,1
NTNTS,1
NINDT,1
TCQLT,1
STSIP,1
TCNPN,1
TCNPK,1
TEGAA,1
QCHHH,1
LHNLT,1
TLNNS,1
TLNNT,1
HASAA,1
NKPSQ,1
RHAGA,1
TNTQT,1
ITHSV,1
KPQTT,1
TRTPY,1
TRTPV,1
TRTPL,1
TLHPA,1
DQEQT,1
NHSSI,1
PNPVT,1
NMSTM,1
RNTLQ,1
KSNTT,1
TILQS,1
KCSSN,1
KANPS,1
LNPTM,1
LNPTG,1
NKTRC,1
NKTRN,1
NMTLQ,1
NTPPP,1
IPSYA,1
SPSPE,1
RAHAP,1
HTKST,1
KIMPN,1
KQNTS,1
NSGSA,1
CTAGN,1
NSGSF,1
CMPHA,1
QYYNN,1
RTTGS,1
NRSNP,1
NRSNQ,1
FSNNT,1
FSNNS,1
NRSNA,1
AQNQT,1
QPAST,1
DAQAC,1
HIPDT,1
LTSTA,1
LAIPW,1
NCVGQ,1
AYMPT,1
QPPTT,1
QPPTI,1
IYTPT,1
LIQNE,1
AAHFS,1
APDPS,1
GECRA,1
QQHST,1
HACQT,1
AIQSN,1
CPTHN,1
RDDQH,1
WTNRT,1
MEAPG,1
SSSGV,1
FNSTQ,1
MHGSN,1
QSAKG,1
RALST,1
CPQPV,1
CPQPR,1
CPQPN,1
SHLPS,1
CTEQH,1
CTHSR,1
HTKNN,1
QTLSN,1
HLFPP,1
ATHST,1
MHCPQ,1
CTTNS,1
RQNTS,1
TPQTM,1
TPQTI,1
AQSTC,1
IPKLG,1
RTPTG,1
AGPST,1
YSPAS,1
HETPQ,1
PTAHP,1
PTQCP,1
NYTSS,1
KLTTQ,1
ATHTT,1
ATHTS,1
YISST,1
VNVPN,1
SRPRS,1
KLSNA,1
KASAW,1
TMTTH,1
NNARP,1
RSSTH,1
RSSTS,1
YNNTG,1
STKPT,1
HNGAY,1
MCAHP,1
SSNRT,1
EYGAH,1
VNIHT,1
RPQPP,1
QATDA,1
TSGAH,1
GQPNS,1
LPMPS,1
HAHLT,1
ANLTQ,1
PLKTP,1
AHPTQ,1
AHPTV,1
TIHLS,1
AHPTG,1
QYGGQ,1
RSGTP,1
LTCPN,1
TINPT,1
TINPV,1
NRAPN,1
NYCHT,1
QPLNT,1
QFNPT,1
WPDET,1
SPHSA,1
KHNSE,1
TNKTN,1
TNKTH,1
TNKTT,1
QLFPI,1
TNKTS,1
QHYNN,1
ETPNI,1
ITTLN,1
QNANH,1
LPPHP,1
LPPHS,1
TTSSQ,1
TTSST,1
NAGYT,1
QPTAS,1
RQLPH,1
CHQST,1
KGSAN,1
RSPPA,1
RSPPI,1
ISHTI,1
ISHTF,1
NHSIT,1
ISHTS,1
CPLPL,1
CPKDS,1
EPVNT,1
QSRPT,1
KPTFA,1
ETPPL,1
SDTAN,1
TANRS,1
QVSTL,1
TAAST,1
VALPN,1
TTLGN,1
SENHT,1
SVPKT,1
TIPTN,1
TNEPV,1
RKNTT,1
RGVRT,1
KTNFT,1
HINSS,1
ITNNS,1
THQPD,1
NYNTS,1
NSPPN,1
LPSTD,1
HINST,1
NSPPS,1
QNNRT,1
YNTHS,1
DCTTS,1
QQNNT,1
FRNST,1
LDPDE,1
LPLNN,1
HRPEG,1
REMPS,1
DYPTG,1
YVPKT,1
DYPTT,1
DYPTS,1
TENRT,1
QFPTG,1
STQSG,1
STQSA,1
QSHTG,1
QSHTM,1
PIKPS,1
STPSS,1
STTQS,1
STPSQ,1
GRPST,1
RNVPT,1
CSAQS,1
QPMPS,1
ALTTR,1
HDNRS,1
KDSFH,1
PKHPQ,1
PKHPS,1
KPLPN,1
PKHPY,1
KPLPS,1
PRMAQ,1
LMSPP,1
LMSPS,1
PPPGS,1
VQKPP,1
AMNKP,1
MDTPT,1
NPSLQ,1
NPSLS,1
VSPLD,1
TRQTL,1
SPKPT,1
NQSWA,1
NRNST,1
LNHTT,1
QPTKP,1
PPNTT,1
PPNTP,1
QAHTS,1
SVNTQ,1
NSTNS,1
TPLPT,1
TTGSN,1
NTTNG,1
QPTKL,1
SCPTP,1
TAYPP,1
GPLYS,1
TQNNS,1
TQNNT,1
TQNNN,1
STTAP,1
HYPYS,1
QLISQ,1
NTNLT,1
STNTA,1
STNTS,1
STNTT,1
PTNSQ,1
CARAT,1
PTNST,1
PTNSH,1
HISHH,1
DLNNQ,1
DLNNT,1
RTIAS,1
DPNAA,1
NSNYH,1
PEPGT,1
TQDPT,1
GPATT,1
RHPTK,1
VNQGE,1
TEDPQ,1
YPNSN,1
AAWPE,1
HPYNT,1
RFNAT,1
TLRSW,1
NPTSA,1
YPSDS,1
ANTGH,1
YINAT,1
RPKES,1
RASPP,1
RKQTG,1
LPVPS,1
FSPTS,1
TSNAT,1
TSNAV,1
HAQNT,1
QNPPQ,1
FMDHH,1
ARSTS,1
YMPPK,1
ARSTG,1
TPVPT,1
TPVPS,1
LHPTT,1
IMPTP,1
HRLPK,1
TRSPT,1
SPNHT,1
TNHQG,1
YSNAS,1
YGHHT,1
TPHNT,1
HNRTI,1
LLNNS,1
KGGRP,1
HNRTT,1
ISPPT,1
RNDPT,1
GHNRT,1
HANDT,1
MPHSQ,1
SCHKD,1
NNSQQ,1
VQNPE,1
NKNHT,1
RIATN,1
LANPT,1
PDTNN,1
LANPR,1
KACEA,1
DHKTN,1
WAMNN,1
RNTQG,1
TVHPN,1
YPAMN,1
MPKST,1
MPKSQ,1
LNKST,1
SAHSP,1
SAHSQ,1
DQQND,1
ARNRT,1
QSASN,1
TTDPN,1
TTDPD,1
TTDPP,1
LNSND,1
TRSKN,1
GKTMN,1
TFLLT,1
NYTNT,1
SISSQ,1
QNRTT,1
QNRTV,1
PLHPF,1
CRNQT,1
KNNSI,1
KNNSH,1
KNNSN,1
KNNSS,1
TEHSQ,1
MTSPD,1
DVIPI,1
KPSPA,1
SPTPY,1
HNHSS,1
KRPTS,1
CNRHT,1
QHCNY,1
HNLPP,1
PDNRT,1
PTLPS,1
PTAPH,1
TWGST,1
GSHSN,1
TPTLT,1
KMPTS,1
NDTST,1
RDPNT,1
AAPKT,1
PIATG,1
SSTQH,1
KPYTT,1
CQPAD,1
HAQSS,1
HAQST,1
QLQQT,1
RGSNS,1
HGNLS,1
LTRTT,1
PIKPG,1
TLPPL,1
SLTHN,1
YTTAK,1
TRLPN,1
TTHAT,1
PNCTH,1
LDRPT,1
TTCNS,1
PASTT,1
PGAHR,1
PGAHT,1
KCQYN,1
KTKPD,1
CTQNI,1
ISNHS,1
SPVQT,1
LVDPT,1
PGNNA,1
IMTAT,1
TPTQS,1
PYSGA,1
QRQPP,1
RNSSN,1
RNSSM,1
ITFPD,1
HSNTG,1
HSNTD,1
TEEPD,1
KAMNN,1
ASCSH,1
TPSII,1
PLNTA,1
PLNTD,1
PLNTS,1
PLNTQ,1
QPTIA,1
PLNTT,1
TVNPE,1
PQLPQ,1
FNRTQ,1
NASLT,1
MPNNT,1
FLSNQ,1
LASNT,1
KPTNP,1
RPVGT,1
TLSTG,1
KPHRP,1
CPKLE,1
RAQNT,1
IPFNT,1
HYWSM,1
YPKTA,1
SRDYS,1
NEPKF,1
SRNRS,1
HLHHH,1
SNGNF,1
NGAPQ,1
LMPHT,1
YTNQH,1
CNPPA,1
DPAPS,1
GTSGI,1
QQPSH,1
SIPPH,1
CTQSH,1
RAPHS,1
RAPHT,1
QAPNG,1
PANRS,1
TRNTN,1
DEPEH,1
RNTST,1
KTNNS,1
KTNNT,1
PYNTS,1
CSHTQ,1
YNAPP,1
RMNDS,1
TPNTM,1
HHNST,1
QNNTF,1
QPTTT,1
CAHNL,1
NCNNA,1
TWDNN,1
NNHAI,1
CQTTP,1
YNTNG,1
HNNQT,1
HLASQ,1
NIPPT,1
QITDS,1
ATNWS,1
STGNQ,1
ANHYT,1
VSQNT,1
SDNKT,1
MNHPT,1
QHNLS,1
QTQQQ,1
HTNSH,1
HTNSI,1
LSNAT,1
HTNSQ,1
HTNST,1
TSVTT,1
QAHLT,1
PNDAS,1
QLTSI,1
HASPL,1
HASPI,1
QNNMS,1
QAAPT,1
KTNQT,1
PMYNI,1
KPTRQ,1
QYQVI,1
QANRT,1
WWKPA,1
RRNQT,1
NSSRS,1
PHPTC,1
LPKSS,1
LAPQT,1
TPCNN,1
NTNDS,1
SPPPN,1
ITPQT,1
ITPQP,1
PLSTQ,1
RTNQA,1
YSRPS,1
HSLSE,1
RQTPT,1
RQTPS,1
YPVTA,1
INATS,1
KPKSA,1
HPPNT,1
TKSVA,1
QTQNN,1
QQASW,1
PQDGP,1
TLANP,1
KHPPP,1
FDNDT,1
NWNSS,1
QMNPN,1
YTLPS,1
YPSLH,1
MNRTQ,1
MNRTR,1
SAGAT,1
TSTPA,1
YFATT,1
HTVTA,1
AKSSA,1
LTTSA,1
GLTDN,1
HTRMW,1
NSNSQ,1
NSNSS,1
NSNST,1
LPHAT,1
NSNSA,1
HSHMT,1
HKTAS,1
IPPIL,1
HSQPT,1
NTQTS,1
NTTKG,1
NTTKS,1
HHLPN,1
KINFS,1
PTSSH,1
ENNTS,1
NLSNT,1
PTSSR,1
PTSSQ,1
PSNTG,1
PSNTN,1
TDSSH,1
PSNTS,1
MCSSA,1
CKSHN,1
MLQPS,1
HSESF,1
KAHST,1
NLPTG,1
SSCQQ,1
VQDNS,1
KGPTS,1
ISPHS,1
NNNNT,1
NNNNS,1
TLNST,1
TLNSS,1
GISPY,1
QHPDS,1
TLAQV,1
CNQTG,1
HNITT,1
HNITH,1
CNQTR,1
HVHPV,1
QVHPS,1
KSNYH,1
NQTDD,1
LTTHN,1
QTTPT,1
QTTPP,1
QTTPH,1
PKQNS,1
HTQPH,1
HTLPP,1
HTLPN,1
HTLPI,1
HTQPV,1
QASNT,1
QASNS,1
KTCPQ,1
KTCPS,1
NSNNT,1
NSNNS,1
NSNNP,1
ETNST,1
KQTSS,1
RTTPY,1
YSNRS,1
TFATT,1
PSCPT,1
RTTPK,1
NGTDT,1
NSGHY,1
KNPQT,1
YTRTI,1
LLQQG,1
LQPNP,1
PMKPT,1
KTHHT,1
NTQSL,1
HNPPS,1
NLWPT,1
PTPKH,1
SPYGP,1
LINAN,1
RTKHP,1
RTKHT,1
DDTPN,1
ATGSS,1
TNPLA,1
PDCNT,1
PELPT,1
LSVPT,1
PPRTQ,1
RNATQ,1
TMNKT,1
NENNS,1
TSKPT,1
DHIPG,1
AAPSV,1
GRKTN,1
PDPTT,1
LSSSF,1
QSNNT,1
LSSSI,1
YESRP,1
QATTT,1
PPMLP,1
QATTL,1
SNINY,1
DPDPT,1
QEIGD,1
IPCHS,1
WQSTS,1
MATQN,1
YKPKP,1
RANPP,1
RLQTT,1
MTTDT,1
DPCNN,1
PTPPG,1
NMPYQ,1
PTPPS,1
QCRNR,1
GPPTI,1
SLTPV,1
FTNLN,1
GNPTG,1
GNPTH,1
GNPTK,1
KTRTR,1
NYTNH,1
LPNNT,1
NTRAQ,1
TLLPD,1
CSKRA,1
TLLPV,1
LAKAT,1
HRQTT,1
SMQNL,1
TPKTQ,1
RPQGS,1
RNRFT,1
WAPHP,1
SYLPS,1
QLFST,1
RHCMH,1
SSEAS,1
AWPNN,1
IPLAI,1
HVSNI,1
QSKTT,1
LNSTS,1
HTPSS,1
HTYDS,1
QRNPS,1
HMPPN,1
HMPPM,1
TKGPE,1
LMPPA,1
TTIPT,1
TIGKP,1
MSTQT,1
WPNSQ,1
DQSSN,1
DQSSE,1
NPTPT,1
NPTPS,1
PNYHS,1
SDTQT,1
SEPGL,1
PNYQI,1
TSHRP,1
QWPLT,1
TCHTH,1
NLVSG,1
GLRHC,1
GKSGL,1
NTYNS,1
TPNLT,1
NTYNH,1
RLNSA,1
TQHQT,1
TNCPH,1
RIPGW,1
HLQGN,1
QTCAH,1
CSNKM,1
QQPPS,1
QQPPP,1
SARLT,1
PCSGN,1
HNAPT,1
SSQPT,1
KSLPT,1
KNSTI,1
GTSTA,1
PISTG,1
PISTH,1
KNSTT,1
KPKTQ,1
PTPSS,1
TVPTF,1
NPHIT,1
PNILP,1
SPQTT,1
IICND,1
SPQTC,1
SPQTA,1
NFTPY,1
YKTNT,1
LLQPQ,1
DWKKP,1
SQMPI,1
SQPPT,1
FPHRT,1
HAYLT,1
PNTTE,1
QQSMA,1
SQHHA,1
HQCTS,1
KTSWL,1
NSDSA,1
LHRNP,1
KNATT,1
QYNNT,1
KHHNH,1
LHSTA,1
DKNGY,1
NVTNH,1
TYNHT,1
HPCPT,1
EQNIN,1
RPGNT,1
GCLLD,1
ASKGP,1
LNNTS,1
RVYPP,1
SAPPE,1
SAPPV,1
PNGTQ,1
PNGTS,1
FDNLP,1
SDDHH,1
RPMGT,1
NMSLW,1
HEHMT,1
SGRTK,1
RPPHT,1
STVPP,1
NGSVA,1
NPIPT,1
SDVPH,1
PTKTG,1
PTKTA,1
PTKTN,1
PTKTH,1
PTKTT,1
QCAPT,1
VATYH,1
ATQPQ,1
NTNYS,1
QMTRL,1
AQQHP,1
TTALS,1
ENPNN,1
NRPGH,1
TNHAV,1
TNHAQ,1
ITGNA,1
KTYNI,1
YVEPT,1
QPNKP,1
NTDTN,1
YTQPQ,1
YTQPT,1
STTTT,1
CYQRN,1
ILHTS,1
GPTKT,1
STCAH,1
QIPSL,1
STSNT,1
STSNA,1
KINNT,1
STSNN,1
STSNM,1
TQDGN,1
QHPLY,1
RMQPT,1
NNDTH,1
DNKAN,1
DTRGQ,1
YEAGG,1
TMPNA,1
ATATR,1
LTSND,1
NPIQS,1
YHPQT,1
RPKHS,1
DHDNH,1
QARHT,1
PHSGE,1
SSQLN,1
QKPKP,1
EKPGA,1
HANHS,1
HPTTS,1
HPTTA,1
HGHPT,1
RNDTP,1
VRNPP,1
SNAQH,1
RNDTH,1
NKDPT,1
VRNPD,1
VASQS,1
GTDKP,1
KSNQT,1
KSNQS,1
LEPTG,1
AHGPK,1
LEPTQ,1
QLEPP,1
LVHPS,1
HSKVT,1
LPGDP,1
NSGPM,1
HAKPT,1
SPNSL,1
SPNST,1
HAKPL,1
HAKPI,1
QPAPT,1
KTHPP,1
QPAPN,1
HPNSQ,1
NTANT,1
QDWPP,1
LAHQT,1
APSTN,1
TEHDG,1
TEAPS,1
NNTHG,1
YSYET,1
GQNHD,1
INPKT,1
PEVSH,1
RTKPY,1
SFFNS,1
LTKPA,1
LTKPT,1
LTKPS,1
CANTP,1
YDNGT,1
QPPGS,1
LSVHP,1
QSTTT,1
PCKTH,1
SNANN,1
QSGTH,1
ISTNI,1
INSHT,1
KPPPL,1
TASGP,1
NHTLQ,1
YCTGH,1
SSTAP,1
NDKNP,1
SNNLT,1
HAHTS,1
HAHTT,1
NLDPD,1
GAPDH,1
RFINP,1
KSSTT,1
KKNTT,1
VAIAG,1
NRTRV,1
NRTRQ,1
TSLPP,1
TSLPC,1
QNYWH,1
THSTN,1
THSTS,1
THSTQ,1
TPKAQ,1
TPKAV,1
DPLPT,1
GLKPH,1
TNCTQ,1
TPTAH,1
SCSTM,1
IMTQT,1
LTNTM,1
LTNTT,1
LTNTS,1
LTNTQ,1
NLNQH,1
FWDTD,1
SHLPT,1
YHNST,1
YHNSS,1
YHNSA,1
IANAC,1
NHPNP,1
NDFDD,1
IAYTQ,1
QGQPP,1
NQKPN,1
PHWPD,1
CPQNV,1
MSADG,1
TRCDA,1
PTSHP,1
SMRSN,1
PPCPL,1
APRTT,1
APRTM,1
SMHPT,1
CAPYG,1
SVHPP,1
HNDAP,1
SVHPK,1
SVTLE,1
TGPQH,1
GMTPT,1
KNCHA,1
SLSTS,1
HITTS,1
NLDGP,1
ANKSE,1
LPNST,1
NTSPN,1
NTSPT,1
NTSPY,1
NTCQM,1
EAPPT,1
QTNAH,1
PASIS,1
KCQTD,1
SPHAT,1
TQSGY,1
MTHNH,1
GGNKS,1
MPTSA,1
AVNSC,1
MPTSS,1
TESPN,1
KANSH,1
HSSNT,1
TESPD,1
CNDSM,1
SFTPQ,1
HPPST,1
QHPTT,1
LADDH,1
NAVYT,1
HPQPT,1
RPCTQ,1
RPCTN,1
ITPNN,1
YPKAT,1
AVIPS,1
IATPW,1
IATPR,1
IATPQ,1
NEMEE,1
KYNST,1
KMHST,1
LPIMS,1
QFTPT,1
YYPSE,1
MHPNH,1
VTTPT,1
TCPPS,1
SIVSA,1
PHNAS,1
RIRPA,1
LSNQS,1
KPAHW,1
VPRVT,1
SQPHQ,1
WPQSG,1
THQSI,1
TSQNS,1
DHNNM,1
TRNAS,1
RAYPP,1
NGPNE,1
SQQNT,1
SQQNI,1
TPPTS,1
TPPTN,1
GPSSA,1
TTPNN,1
TTPNQ,1
PLTPL,1
RTNAT,1
RTNAS,1
QQNKT,1
RMNST,1
RLITT,1
RMHYT,1
LHNPT,1
HNNNT,1
CAYPQ,1
HDSNI,1
LNSQN,1
VSPKQ,1
KEHNN,1
KEHNT,1
WLNPA,1
NGSNI,1
SGTPA,1
VALNT,1
SGTPR,1
YLNTP,1
AVTPS,1
HYAST,1
HTADT,1
FTHNT,1
YRSSH,1
PNTAN,1
TRQSA,1
NQSHQ,1
FISTR,1
IINNT,1
IINNS,1
IPKAT,1
NYNTL,1
RTHNS,1
LPKNT,1
MANTS,1
NSSGY,1
TNDNN,1
SVNSS,1
KNHSH,1
SVNSQ,1
TTKHS,1
SFNQT,1
PSDPK,1
NATRQ,1
KPHTV,1
TNKSN,1
PSQTH,1
GPEPA,1
HTPNN,1
SWNAS,1
NTDLP,1
PMRPA,1
NITNQ,1
PNPST,1
CNHPN,1
PRSTV,1
PTNTQ,1
PQPPS,1
NADGN,1
LHNIT,1
CRDST,1
PTNTI,1
PTCTQ,1
PEQHT,1
HMSDS,1
RSQPT,1
PQTSV,1
NHAPT,1
HDRDQ,1
DKCND,1
QMDPG,1
STITT,1
LTYPQ,1
LTYPS,1
YINNT,1
NEHNQ,1
NHSNT,1
SAQAS,1
NHSNN,1
HDSNV,1
HLNRS,1
HLNRT,1
TKNTN,1
KAYPT,1
ESSNT,1
VPTSS,1
VPTST,1
LGNHP,1
NKTYN,1
VNKTM,1
HPATS,1
PNPSN,1
HLPLS,1
PNPSQ,1
NQTTT,1
CVRDM,1
QMDPM,1
TSNLS,1
TSNLT,1
TTDHY,1
WPSPS,1
CTLPN,1
CTLPR,1
CTLPQ,1
RASMS,1
KCNRS,1
QACIN,1
KPSTA,1
TTTSA,1
TTTSR,1
TTTSS,1
HPSKH,1
KHAPK,1
HSHPL,1
NSYNA,1
HSHPT,1
KNKTD,1
KNKTL,1
YYSNS,1
MTNHS,1
NASHA,1
THPPS,1
HSKNN,1
PTIPK,1
WAKST,1
FVSPT,1
ALYST,1
PAPRT,1
SQVQW,1
FTKPR,1
NNSTS,1
HDDTS,1
NNSTA,1
TPNKT,1
QTKNC,1
PDTKQ,1
SNAPK,1
EPTWL,1
INTNQ,1
SHTNT,1
SHTNS,1
HAWPT,1
KPNRT,1
CPIHA,1
QTMPT,1
RNADD,1
CNNLS,1
CPTGI,1
EVQST,1
GQELP,1
QSTLP,1
HVSPS,1
QGSDG,1
ELNNN,1
KVEPN,1
ACNMH,1
KSNNT,1
SSEPQ,1
KSNNN,1
QLYQS,1
SNNTS,1
QVQPQ,1
MSHPM,1
NMSPN,1
PCTTL,1
MSHPT,1
TTNGI,1
TTNGN,1
NFTNN,1
SAHPQ,1
PVKSA,1
CYSPT,1
KNKTN,1
KNKTK,1
GPQNT,1
RATNS,1
SLNNS,1
RRLGT,1
HNHTV,1
HNHTT,1
HNHTH,1
PANPT,1
LINTL,1
LINTT,1
HSPSL,1
HSPSS,1
SSRNT,1
PSRFN,1
GMNNP,1
SMPPQ,1
SMPPR,1
GSHTP,1
PMSSQ,1
NNPNA,1
NNPNP,1
CSEHA,1
NSQHS,1
PYPTT,1
AGCHS,1
CANAH,1
WTSPP,1
WRSPT,1
HHNNS,1
YISNT,1
RPANT,1
YISNP,1
CNNSH,1
SKDPV,1
SKIPY,1
TPDTE,1
SFKWQ,1
APSPS,1
SGSGT,1
RNKAP,1
LTNLN,1
LTNLT,1
LTNLS,1
NHTQL,1
QIHSH,1
QLYNS,1
RSSQS,1
RKGPN,1
HQPQT,1
TSPPA,1
RDPKV,1
TVNHT,1
DTPDS,1
QLSDQ,1
HQNNS,1
QATAT,1
LTITT,1
SLNQT,1
CTQKK,1
KHNNT,1
NSQRT,1
RFPSN,1
LKNKT,1
HEDQG,1
KTQGA,1
NTSHY,1
KTQGN,1
KTQGS,1
DKHGI,1
PASQT,1
NRQTS,1
HHPPK,1
NAATY,1
HQQNS,1
PTHSS,1
PTHST,1
LDSQH,1
ATCNG,1
NCPAA,1
QTGPN,1
YWPHT,1
TAPPN,1
TACPN,1
HRSSS,1
TCSPS,1
NVVNQ,1
HVLPN,1
EVSPY,1
CNLSV,1
NVNSS,1
QTSVS,1
HNTNQ,1
QRTPV,1
SDNST,1
SDNSS,1
NPAHH,1
QTHCP,1
TLSSS,1
QRNKT,1
LSTGC,1
HMPHS,1
LSNYT,1
LCNPT,1
ASQGR,1
IESPT,1
LTTNV,1
CTNKT,1
TRNYT,1
NSPWG,1
IENET,1
LPSSA,1
QYRTT,1
TQSTQ,1
NTYHT,1
PTHHP,1
ATCSH,1
NYNST,1
PSKDH,1
CTRPQ,1
RMSLP,1
QFPSP,1
NCNQT,1
QNNQS,1
TPIHT,1
QCPSR,1
NAPPP,1
KLLPT,1
QTHPI,1
ITCTY,1
CNSHS,1
CNSHT,1
NNGTN,1
PQSTG,1
AVPSF,1
QGRND,1
ANNPQ,1
HNPEV,1
RHMTT,1
TLTHS,1
TARTS,1
HTNTS,1
HTNTP,1
PHNRS,1
TANHT,1
TANHS,1
NPNTS,1
NPNTT,1
NPNTA,1
TTFTV,1
HAYYT,1
NPNTD,1
QNNHN,1
PNNSA,1
LPSNA,1
PNNSY,1
LPSNT,1
LPSNP,1
PNNSV,1
VKNNT,1
KVSGI,1
SSGPS,1
SHDQI,1
QWDRN,1
VSITT,1
RTRTT,1
TIPNP,1
TENHT,1
HSRTS,1
NTGNG,1
TNQNT,1
TNQNN,1
TNQNH,1
HSQTS,1
QYNMS,1
SEVPP,1
NANTN,1
NVSQH,1
RLKPT,1
NANTC,1
NTTST,1
CSDPL,1
EAHPI,1
EPRFP,1
LSPTH,1
TKCPQ,1
RQTSG,1
PKHNH,1
LRDPH,1
EPKTT,1
EPKTS,1
NPPPT,1
HMISQ,1
HNNSD,1
TKSSH,1
SRLPT,1
SRLPY,1
LTTPS,1
LTTPT,1
FPNNT,1
ALDAE,1
LTTPM,1
LTTPN,1
HNNSQ,1
PNPKT,1
QIATT,1
QNHPS,1
ISNVT,1
TSNDT,1
IDTSL,1
NHIPE,1
TSTSS,1
QACAT,1
ATPYS,1
NRLPT,1
VTHSQ,1
GRNHS,1
QKQSC,1
PFPNQ,1
VVTPT,1
MTNPP,1
YSRNF,1
FSYST,1
RFTTA,1
RTTHQ,1
CTAPP,1
LPRTS,1
RNSTA,1
RNSTS,1
RNSTT,1
EHNNS,1
NCHPQ,1
STCNQ,1
HSEPH,1
AMTTE,1
HDCRQ,1
MPQFT,1
ANASN,1
NVPYR,1
HDTGF,1
HDTGL,1
HPSAQ,1
RPTGP,1
MPKTS,1
RPTGA,1
HTQST,1
HTQSV,1
HPTAI,1
NQTGM,1
VSTTS,1
AAHST,1
KPSAV,1
HAMST,1
HKSTY,1
HKSTV,1
ANPPV,1
NYHPN,1
QLSNQ,1
APTHT,1
NYKNN,1
LQPMT,1
THCYN,1
NSYSA,1
NSYST,1
WMPTT,1
PPSNT,1
SPTHC,1
CTNTT,1
CTNTK,1
PTPHQ,1
QEPDQ,1
HSQSA,1
HSQSS,1
QKNHS,1
DDASL,1
QPVPN,1
QYPSH,1
MSSPT,1
NNQEG,1
SMNNS,1
PAPAL,1
PSRNN,1
RTQPS,1
RPNQI,1
TYATV,1
RPNQP,1
RPNQT,1
NTVPT,1
TAGRT,1
PRPTN,1
PQHQH,1
SATPK,1
KPPGS,1
APINT,1
HNGTS,1
LTNDT,1
LTNDE,1
RNQPT,1
NHTYY,1
TIYPN,1
TIYPP,1
IANQQ,1
PCTGP,1
IANQA,1
GTQPK,1
TTPPQ,1
YTMPS,1
DPEQT,1
QNFTT,1
TTQPN,1
CVPKT,1
IVDSH,1
DNSHD,1
LCDHT,1
TSFPK,1
TSFPH,1
PFKSP,1
YLTPS,1
TIHSQ,1
FTNAS,1
LPTTS,1
TFTGM,1
LPTTT,1
TATTS,1
NNPST,1
TPTVP,1
TQYPS,1
TQPLT,1
TIGSD,1
HSNST,1
ITPFT,1
TPSTT,1
TPSTS,1
TPSTA,1
KATSP,1
KATSS,1
KHTPT,1
PYKTG,1
TMDGP,1
QTPHS,1
TTHKP,1
YANDT,1
PTQNT,1
HDNST,1
SARTG,1
CRNTR,1
TAIGV,1
LSAYG,1
SASNS,1
SASNT,1
HGPDA,1
RERQT,1
KDPSH,1
CQGTN,1
MQDSH,1
HTSQS,1
ADWPL,1
QMSTC,1
YTNTM,1
HTCPH,1
HTDDM,1
HTPPT,1
HLSNQ,1
HSNNH,1
AQANS,1
HSNNT,1
SQTGQ,1
HSNNS,1
PYTYQ,1
TPNQT,1
TTQNP,1
PLRNN,1
STRPN,1
NNPNH,1
PMLPK,1
NYHKS,1
GLNSS,1
RLCPN,1
RLCPT,1
RTNSA,1
TQHTI,1
GSSNQ,1
ALQTP,1
LASPT,1
RMPNV,1
SQNNT,1
TETSY,1
HHNTW,1
QAAKT,1
NVNDT,1
NCNIT,1
RNNPG,1
PQAFM,1
LHTNH,1
ASSPS,1
THGNL,1
SDNNN,1
SDNNS,1
SDNNQ,1
TLSNP,1
KPTPK,1
PKPPT,1
CSNHH,1
DAHTT,1
HWTNS,1
HTNLT,1
ANHTT,1
RNPST,1
NPTNG,1
NPTNS,1
NFANS,1
AMPQV,1
KTNTS,1
ACPLT,1
GNTDQ,1
SKNQS,1
PITGS,1
AYNNS,1
TTPSN,1
YYHQT,1
PLRSG,1
HTATS,1
HTATL,1
TRNNI,1
RCKTH,1
SVPYV,1
LQTPQ,1
DRQPQ,1
TTATT,1
HSMPG,1
CTSPP,1
CTSPL,1
KQTNW,1
NAKQT,1
SNSSC,1
HPNTV,1
ATASN,1
LAPLT,1
NTNAT,1
WCHPA,1
HHKNN,1
EPHPA,1
YAPEQ,1
NQSTH,1
NWHDG,1
QSCDK,1
IFVST,1
NQNHT,1
CASPQ,1
TLKPT,1
PKHFQ,1
LTMTY,1
VIGNQ,1
HMSTT,1
PRGPG,1
HKKTD,1
RPKPS,1
FINNT,1
HSRPY,1
HAYTP,1
QTNFT,1
NPNAP,1
DADHS,1
QLNGS,1
RTSVS,1
QDISA,1
HANPE,1
NYTWP,1
PHPNS,1
IHPAY,1
TGKLV,1
RSNMN,1
NPYTP,1
RSNMT,1
SSNTT,1
PINTS,1
SVDPT,1
SVDPP,1
PTRTG,1
QDENV,1
HKTLG,1
NTGQV,1
QDKPY,1
DPNTT,1
PSNST,1
PSNSS,1
PSNSA,1
QNPGS,1
TPCPK,1
HKNQT,1
LISQQ,1
KTPPT,1
STTSR,1
STSSG,1
NANKT,1
NLPQS,1
SNKPA,1
STDLH,1
ITGSV,1
NRPDT,1
ATPQT,1
PTNAP,1
DSCWD,1
LHNRT,1
IAPPA,1
NNSDN,1
NNTPN,1
ITDTT,1
TLATH,1
LTCPD,1
NNSDS,1
TNNTS,1
TNNTA,1
CKHQK,1
QTAGV,1
IPTYT,1
NNNKT,1
KACPH,1
SYATI,1
SYATL,1
RHKTT,1
YDNSN,1
PQTNP,1
RIAYT,1
VVCTS,1
MNKTD,1
HANKP,1
YPTST,1
QACTT,1
APTPT,1
YQSHD,1
LGNGT,1
TSTNP,1
SANNS,1
NTRTF,1
SSPPT,1
TTKTL,1
TTKTT,1
CYHKQ,1
NSNIS,1
PNQPS,1
YQNSS,1
HIPNT,1
RWCDH,1
QNYHT,1
DDPTS,1
VEASN,1
INNSN,1
QPVHT,1
INNSQ,1
INNSS,1
YHNPS,1
NTHNT,1
NAHTH,1
NAHTL,1
NAHTS,1
HEQPN,1
YPYPS,1
SCKIW,1
HLDPQ,1
DSRQQ,1
EPNST,1
LINDP,1
RTKSS,1
HLSGT,1
RPAPN,1
YPTNL,1
YPTNT,1
CNQNT,1
STKTG,1
NIQMP,1
SNNKS,1
PDPQS,1
SNNKT,1
STKTL,1
NDTLA,1
NMTNI,1
AAPTC,1
DTCTQ,1
KNDSN,1
SEHQH,1
VPPNS,1
ANCSH,1
NTAPD,1
HTTRV,1
TPKDT,1
NLNMS,1
WIMPS,1
YSPKS,1
TNSLG,1
TEQPS,1
RMMNQ,1
PSLNF,1
TQPTT,1
HFTSG,1
HNVTV,1
TQPTH,1
HIHPY,1
CAGAP,1
KLSPT,1
HPNHT,1
NCPQS,1
HPHTQ,1
HPHTP,1
NNAHT,1
LHHPN,1
LHHPA,1
LTNQQ,1
DHPMW,1
ASPTI,1
CPMGT,1
LTHGT,1
NWSVT,1
VPAPA,1
THAPT,1
VHRTI,1
VKSSG,1
HKATT,1
RCIEL,1
SSRQP,1
NSHHT,1
LPNTP,1
LPNTT,1
QAHYT,1
TTHSI,1
HTITP,1
YSSAR,1
NTSSQ,1
NTSSS,1
NTSSL,1
YSSAL,1
WYQPT,1
NTENI,1
IPQTT,1
CTGGN,1
NGGSL,1
PSKTH,1
DECPS,1
HEYLT,1
RCAPY,1
ENFST,1
TTSMS,1
IMQNS,1
PSYNQ,1
HNPHC,1
PAKST,1
PYTQP,1
QPTGY,1
IFYQT,1
QTSDA,1
YANQT,1
QTSDM,1
MLCKQ,1
QHRPT,1
QHRPP,1
HPKHT,1
QTIPN,1
SAYPN,1
KMHPT,1
QRNFT,1
LSANN,1
NESIM,1
VNNNS,1
GCAQD,1
VNNNA,1
NKVNT,1
PTRQT,1
KPQPS,1
LPIPT,1
SHSTQ,1
TTPKL,1
TTPKN,1
EHPKT,1
PSPLP,1
FAYPS,1
SPAPT,1
QNTAS,1
SPAPA,1
THHNQ,1
KNEPY,1
PIDPN,1
GTCDT,1
NYNNS,1
PSYSD,1
ITKQQ,1
PAKHP,1
PTHSA,1
HSSNS,1
NNNPA,1
PSPKP,1
SMLPT,1
HNNCT,1
TQQSQ,1
PMNTQ,1
PMNTT,1
ITYSQ,1
RLPTS,1
RTNNV,1
RTNNT,1
RTNNQ,1
IATNT,1
NNKTI,1
NNKTT,1
QQEPT,1
FYSHT,1
TYQFV,1
QSIPD,1
RVHTS,1
NVTSH,1
RVHTT,1
YLNSN,1
SNHPT,1
YLNSV,1
VSIAT,1
SGRII,1
TNQPQ,1
QTNNS,1
QTNNT,1
LSKPM,1
QTNST,1
LSDPQ,1
QCRPT,1
LSKPT,1
NHAHT,1
LLHPT,1
NQHPT,1
YGNSN,1
DTKPW,1
SVCPT,1
NLSNP,1
NSTPM,1
NSTPS,1
HKTTT,1
HKTTS,1
TNNQD,1
GNKTG,1
PTKSS,1
PTKSP,1
PTDST,1
ILLPV,1
PSDSE,1
TSNTS,1
SQHRG,1
NTNVS,1
STNRT,1
RTHKH,1
TSNTN,1
PSTNN,1
HKNYT,1
GTGNP,1
QPSHK,1
GSNHS,1
MKCTL,1
ASKQG,1
CDTKT,1
ASKQQ,1
STMPA,1
PLPSI,1
STMPT,1
ETGPL,1
TPFPV,1
SYGNF,1
CNHSI,1
CNHSS,1
HPSQT,1
NNNSH,1
NNNSN,1
NNNSL,1
NNNSE,1
QSFNH,1
HPPPT,1
NINAS,1
NQSTI,1
ISNKT,1
HPTQT,1
RNDQH,1
CDIQN,1
RNTNN,1
NHSQH,1
PNPTT,1
PNPTI,1
PNPTH,1
RASNS,1
KPSQT,1
KPSQS,1
LEPKT,1
KPSQK,1
KPSQH,1
VPTTQ,1
HKPNN,1
FGHTP,1
NMTRQ,1
NTPND,1
PNHLS,1
TGSPH,1
SPNNT,1
TTTPS,1
MNPTT,1
MNPTH,1
PAANP,1
IEQIP,1
NNNLS,1
YITLT,1
HGYPT,1
KTYTT,1
LDTYA,1
NLSET,1
MTDQA,1
DDYPH,1
QPQTS,1
QPQTT,1
HTSPS,1
TNNAT,1
TNNAS,1
EMPPS,1
PPQHG,1
QTATS,1
MYRPT,1
NACPE,1
ATSHS,1
KMTPA,1
HMASD,1
CDSPH,1
HNSPP,1
SHHHN,1
LANNS,1
LANNT,1
QSTQQ,1
EPDSL,1
LNPTS,1
FPMPE,1
NETTV,1
KSNKT,1
SNNSS,1
SNNST,1
SNNSA,1
SNNSN,1
HVPSM,1
QIANG,1
IAWKP,1
NDTDH,1
VHSTA,1
VIESH,1
QPPNL,1
NPDRT,1
SQNTL,1
NPRAT,1
QKTNH,1
LCHTG,1
YGQPH,1
PHTQV,1
PNVGS,1
RTTLT,1
SNISN,1
SNISS,1
QVPQT,1
LPTDT,1
TPAGV,1
LKNSS,1
NTHST,1
LKNST,1
QYPGS,1
YTKTT,1
IKPTK,1
LIKPT,1
PTAVT,1
PYPSP,1
PTAVP,1
PYPST,1
PYPSG,1
CSPSH,1
TATDI,1
TDRAH,1
SRTPI,1
HCTMT,1
ITDND,1
LSNYS,1
SRPPT,1
SRPPQ,1
NTLPS,1
STLPP,1
STLPC,1
NTLPE,1
NNPCH,1
NHTRH,1
LVTPT,1
SRTPT,1
LSSAA,1
HPNPE,1
ITNPR,1
PRPIH,1
AAPAL,1
ADNTT,1
YWPPT,1
IAHPP,1
NNLPI,1
QPHPH,1
DNSSA,1
MNDLQ,1
DNSSN,1
QPHPA,1
THSNS,1
NHPSS,1
KDNNT,1
NHPSA,1
MMPST,1
NDSGN,1
NSATT,1
NSATM,1
PKQPG,1
PSANT,1
HSTPT,1
RPTHK,1
NTRSP,1
LEHPT,1
FKHDP,1
LVNNT,1
ATCKD,1
FVPTT,1
NTSKL,1
HHMNG,1
TFFHT,1
REDTD,1
TPNAS,1
TPNAW,1
INPNT,1
YANYT,1
HHNDT,1
QQTDA,1
NAAQA,1
PTHPK,1
NAAQH,1
DRNRS,1
TKPTL,1
TKPTQ,1
QSQPN,1
QPNSA,1
PQSLA,1
RAQPE,1
FGKPT,1
SALHT,1
DYHPT,1
QTSSH,1
QTSSQ,1
NVNTS,1
TLTPP,1
HAPPN,1
LHNSS,1
TLTPL,1
TANPQ,1
RAPNP,1
TANPS,1
LSNTS,1
KSTPT,1
KSTPR,1
PCHTT,1
TGIDH,1
NAHNT,1
TGNPT,1
MTHTQ,1
MHASH,1
MTHTY,1
MTHTI,1
MTHTN,1
LKPKP,1
ADLPD,1
LIAPL,1
RLHST,1
HIYPD,1
SIAGH,1
RMNNT,1
TPPQS,1
HRSKT,1
TPPQT,1
NAPST,1
QHNPT,1
SYHPT,1
ATDDS,1
NYNSH,1
ITPLP,1
KPMPI,1
EPSTS,1
PKNDS,1
HNNKP,1
HNNKT,1
QPMRT,1
HVSTQ,1
GYIQS,1
HDNPN,1
HTNYT,1
TLCTD,1
ANNSV,1
HTNYC,1
KYAHT,1
NNGSQ,1
SSKTL,1
NNGSD,1
NISTS,1
NTSRH,1
QSPNN,1
NQPMQ,1
VTQGQ,1
VSIYP,1
GAHRS,1
SGRAQ,1
TMEPS,1
TMEPL,1
PNMQT,1
VTAPA,1
LQNQS,1
TIPMP,1
NPNQT,1
TSQPN,1
YGNKT,1
TSQPT,1
SDPIT,1
PNNPG,1
DDKSP,1
QNNKH,1
SSNDD,1
PIEPS,1
RRNWM,1
NLIWT,1
LQTGH,1
HSSSF,1
GLPPT,1
SITPK,1
CMGLQ,1
LLSPP,1
RTNLS,1
TTQPT,1
QQYPQ,1
ANPTY,1
NTNNS,1
NTNNT,1
TYRSD,1
HHTHS,1
NTNNN,1
EKPPT,1
TQNLT,1
NRPTS,1
NRPTT,1
CVIYK,1
CSTTN,1
PRNQS,1
QSPSS,1
TAQPN,1
VPQDS,1
NINIS,1
ISNST,1
ISNSS,1
TRTNP,1
SNRHN,1
KSQGQ,1
YQTIQ,1
PNKNN,1
PTVHT,1
QNDPH,1
LYNSH,1
QNQPD,1
LYNSS,1
RGPSS,1
NSNYR,1
HKTGT,1
FPDQT,1
TRAPK,1
PSTQQ,1
NGHHG,1
THTTV,1
LPVPT,1
VRHSI,1
QNVHP,1
RYTPK,1
LPRQT,1
KLHHS,1
LLVTS,1
TTKDH,1
DNNAS,1
RFSGS,1
LLYTM,1
QQPQS,1
MYNNT,1
TYTKT,1
SPTPS,1
SPTPP,1
ITHDP,1
HDSPQ,1
KLPPA,1
NNSSN,1
TPHHG,1
NNSSH,1
NNSSG,1
NNSSD,1
TPHHS,1
NNSST,1
NNSSS,1
NNSSQ,1
NINTL,1
SPTLT,1
RNSSS,1
RNSST,1
FNRTT,1
QSTIE,1
SSKQN,1
RNTSI,1
RNTSN,1
PCPPA,1
KDKHN,1
KTTTF,1
NMKPT,1
PNNDC,1
KPEKG,1
ISTSP,1
NSYTN,1
QSNST,1
APNPA,1
YTHPV,1
TASTQ,1
HSQPL,1
HSQPI,1
DPTPS,1
NGTNI,1
QNSTA,1
NGTNT,1
QNSTP,1
DCDNS,1
YTANG,1
WMSPA,1
MTPPA,1
TTNHS,1
SPCNA,1
MTPPS,1
QPQAT,1
CRNST,1
HICSA,1
PRTPT,1
RTKNS,1
PRTPI,1
DANPP,1
TDPLP,1
THIGQ,1
NYTYN,1
KLTNS,1
TPKTT,1
LSYSS,1
STESP,1
STEST,1
RSTTS,1
PAVPT,1
HPMTT,1
TPTNS,1
TPTNH,1
LTNAT,1
LTNAS,1
FPSQT,1
RNQSH,1
SHTPI,1
SHTPM,1
TMNAM,1
SHTPD,1
PRPQA,1
SHTPT,1
HQPTI,1
HQPTM,1
FILTT,1
RSCAT,1
DQAPH,1
LRPPN,1
QTPPP,1
QTPPT,1
RATTS,1
RATTT,1
VFNRT,1
RGSPM,1
YHHTH,1
LRNNT,1
HAANS,1
IANNT,1
LPTQL,1
QMLLP,1
PSRPP,1
QLQSQ,1
TITPN,1
RTQTS,1
NLASA,1
KCHPG,1
AQVSH,1
NAQNT,1
NAQND,1
LVNFS,1
TPRKS,1
ITRPS,1
TPTSA,1
TPTSC,1
NNPPT,1
TPTSS,1
HWSNQ,1
CNTKT,1
PCTIT,1
TNATS,1
TNATD,1
QNNHT,1
YHTTT,1
KATPK,1
STKGT,1
TLMTL,1
AADNM,1
SAKNS,1
HNTSQ,1
QRPTQ,1
RNNHT,1
NCPDE,1
AKAPT,1
SNLPL,1
AKTPT,1
KPHTS,1
TSGPH,1
RPSSR,1
QWTYE,1
KYTMT,1
SSAST,1
LNHSH,1
YTNSS,1
QSLPP,1
QSLPT,1
YTNST,1
SHCPN,1
SSHQT,1
TGNHT,1
KWNNT,1
QCMSA,1
HTSTT,1
SSRNN,1
GNINN,1
LNIST,1
LNISS,1
SRHGQ,1
MGQDT,1
ATCTI,1
RRPTT,1
YSSTS,1
YSSTT,1
SLPPT,1
KTNLS,1
KTNLT,1
YLRHG,1
HRSST,1
CDRSW,1
SIQTG,1
PGKTH,1
TPNRT,1
QPTRS,1
KAQNT,1
HNKTP,1
TCEEM,1
PKPSP,1
PKPSS,1
NVNIP,1
HNNSN,1
HNNSS,1
HNNST,1
SATTN,1
PKSSA,1
PVHMT,1
EVNPD,1
TLDRP,1
SASPN,1
SASPK,1
YCRNN,1
QTQSS,1
QTQSI,1
QTQSA,1
HTNQT,1
RNPPM,1
RNPPI,1
RNPPE,1
YIHPQ,1
SSNLT,1
TTPPY,1
TTPPP,1
TTMPP,1
TTPPA,1
SINRT,1
IHTNS,1
VHNGC,1
PNNHT,1
SEAAY,1
QANTF,1
PNTRT,1
NSSTQ,1
NSSTT,1
NSSTV,1
NSSTY,1
NSSTG,1
ENSTS,1
VLPMS,1
QNGTQ,1
QNGTS,1
QNGTT,1
RTASS,1
NTNFN,1
YSQPS,1
RTNSM,1
LHTPM,1
LHTPT,1
LHTPS,1
NQPKH,1
LDPSP,1
QCNTT,1
HMNSS,1
LHSNS,1
ATAPA,1
NATEH,1
FNNPN,1
PSNKP,1
SNKTI,1
RPGTG,1
PKHAT,1
SNCST,1
HDNES,1
QRSSL,1
ASKAT,1
QRSSI,1
CKGAH,1
NANST,1
NWHKP,1
HPYTP,1
QTQHH,1
HLNGS,1
RPPNH,1
TAKAT,1
RSHRH,1
CEPIA,1
NHHWT,1
DTRPP,1
RSNHT,1
NHSAA,1
TQNAP,1
HLPQQ,1
QILQQ,1
TRMYS,1
SRHHH,1
ANWPA,1
NKEGP,1
RPKST,1
PAHSA,1
VTPTT,1
NDDPN,1
SLVPQ,1
NDDPT,1
HKNTT,1
HKNTS,1
NSNQQ,1
HHKPT,1
NTDRN,1
QMRTQ,1
ENPHN,1
TQTTC,1
ATPTT,1
RTCSP,1
NNKTN,1
WHKPT,1
WHKPI,1
TMTTN,1
RTCSD,1
DSLPT,1
RTCSH,1
NNKTY,1
DPNYE,1
HINTN,1
ITGTA,1
HINTQ,1
WNSPA,1
PTDNT,1
STSPK,1
LNNSA,1
STSPS,1
NANNN,1
NANNT,1
YPDAQ,1
TPHPS,1
NNSKT,1
NNSKP,1
CDSPY,1
YEAAT,1
GILSA,1
KGQPM,1
HPTNS,1
AAHTS,1
HPTNI,1
KGQPT,1
KMSNL,1
ANTTS,1
PHSAY,1
IHRST,1
APTSN,1
PKQPQ,1
SGHHV,1
QLCTA,1
HANNT,1
QSTAH,1
TATRQ,1
HKPQS,1
GCNRT,1
THCTH,1
YQNPT,1
YQNPS,1
THNTS,1
SDRPL,1
IVKPQ,1
DCQTH,1
QSAYQ,1
TTNPT,1
PAQNA,1
TTNPN,1
SPNYT,1
TTKSM,1
RMWNT,1
QMCNN,1
MTPHP,1
SPTGQ,1
TNSTY,1
TNSTD,1
TNSTA,1
NAMPA,1
TNSTN,1
CRNKT,1
CTTPQ,1
KTKQQ,1
KISDH,1
QHTTT,1
LANAT,1
HPMLS,1
YSPSA,1
GYSSA,1
HLPPG,1
SNTPT,1
SKIGT,1
CTSNS,1
PKRTT,1
CLTTL,1
NPEAV,1
QANMS,1
CEHPP,1
LSHHT,1
QSNLT,1
QSNLS,1
NQLPA,1
RRPTS,1
SRSNP,1
TSMHT,1
NQFNN,1
QKPTH,1
YMGHP,1
SPIAS,1
NRTTI,1
TSLNQ,1
SHTKS,1
VRPSS,1
STYSQ,1
EGQSA,1
FTNNT,1
SMNTT,1
HINGW,1
RCNHT,1
SCGNQ,1
CAPQG,1
QFVEP,1
TPRST,1
NDPKT,1
PSNEG,1
KTQPS,1
HRHSH,1
KTQPT,1
TPSSS,1
PKAYH,1
LATNS,1
PWNSS,1
HPNET,1
SAAPI,1
ITNGA,1
HPHQH,1
QTYSQ,1
LTRGY,1
LNRTK,1
YTNKT,1
TTHPK,1
TTHPT,1
TTHPS,1
SPGQT,1
APRNC,1
YRQTT,1
HKAQG,1
MSTSP,1
LTTPD,1
LTTPG,1
PTFSQ,1
TCITA,1
NYHNC,1
TDNST,1
QNAAI,1
SQNST,1
YKFPT,1
HHNIP,1
ATPPK,1
NAAFN,1
TETNA,1
TPPAT,1
ASYAG,1
DKDSP,1
EHPSP,1
TDQPT,1
PLDPY,1
PSPTY,1
TINPK,1
PSPTH,1
PSPTA,1
HPKWE,1
MMTNN,1
TLYSA,1
HLAPT,1
CGPPV,1
DPKTT,1
LYTQM,1
CNMMP,1
QPIAS,1
KVTSG,1
DAHST,1
HPSSQ,1
NNKPD,1
NVNAT,1
TLCHT,1
CSSNK,1
HPRTS,1
HPRTT,1
ATDTP,1
HVTSQ,1
VSQTA,1
SGKPS,1
MPSNT,1
RDAAP,1
QDDWH,1
PDKQS,1
SDNAA,1
TISPY,1
RHTPQ,1
RNIST,1
RNISQ,1
ANHSA,1
NPTKV,1
YKTHS,1
MNMYL,1
HSDAP,1
PTKKL,1
NFSHT,1
SPQRT,1
IINST,1
RLSQT,1
HSGAT,1
KTSQQ,1
DMVPY,1
RTSET,1
QPSPT,1
QPSPS,1
QPSPE,1
NNYNV,1
KAEGT,1
STPHT,1
LVPPL,1
CNPHC,1
LVPPT,1
CKASN,1
NNGFP,1
NISAS,1
TKYNH,1
HQGTN,1
PKNSC,1
FDPPV,1
CIPPN,1
TMQYT,1
DRSNQ,1
SNHSH,1
PNGRP,1
RPSHA,1
TKIQS,1
NPHPH,1
FKESP,1
CWSTQ,1
RSNPT,1
NGSPT,1
QAAAS,1
RSAPT,1
NQSNM,1
NQSNN,1
SAQTG,1
YRLTT,1
QANAT,1
QANAH,1
NSSAL,1
NYMSH,1
SNDQQ,1
SNDQD,1
TSNSN,1
TSNSS,1
TSNST,1
PTDPP,1
PTDPA,1
QMTPN,1
YTEPA,1
HTHTT,1
HTHTP,1
HTHTS,1
HENNN,1
FNPYT,1
HENNS,1
DPNQT,1
TGQLS,1
AEYSG,1
NLSTA,1
NLSTE,1
NLSTS,1
WNDHG,1
MPVGT,1
HQDPT,1
AAQET,1
ITHTT,1
HVVPL,1
ITHTS,1
HNSHY,1
MMVSQ,1
TDDHA,1
NHSTG,1
QLPKS,1
DQHPT,1
NHSTY,1
NNNTS,1
VIGPT,1
NNNTG,1
NNNTD,1
NNNTI,1
NNNTH,1
QTNPF,1
QTNPL,1
QTNPK,1
QTNPT,1
LYHTK,1
HWNTN,1
VSNNS,1
ISNDS,1
KPCHN,1
QPTAC,1
SNASS,1
SNAST,1
TIMTL,1
HTKPT,1
CLKTT,1
HTKPI,1
NSYDS,1
HSQNT,1
KCSTH,1
RSKPY,1
YKYQP,1
HTGRS,1
TTELL,1
QPNPT,1
NYEPS,1
MNPSQ,1
KCDNH,1
SPNQS,1
PMAPS,1
TNNNT,1
RCSHQ,1
NASNN,1
NASNI,1
NASNH,1
CPWTP,1
NASNA,1
NASNQ,1
ASNPN,1
ASNPL,1
HFQPW,1
HFQPP,1
HNSSN,1
HNSSI,1
HNSST,1
HNSSQ,1
HNSSS,1
FYHPP,1
IQHAT,1
RDDPD,1
KANLG,1
HWNKP,1
MPQPT,1
AACHT,1
YDNYY,1
PQQHA,1
SANTT,1
SANTS,1
QSMNN,1
SNAHN,1
QTTAR,1
IAHHT,1
RNKTS,1
RNKTT,1
RNKTH,1
TKNTA,1
SKTPE,1
TMTNG,1
SNNNH,1
RHSGA,1
SNNNT,1
HKHTP,1
HAHVT,1
NRSRS,1
LSHPT,1
YQPTP,1
TQAPD,1
MSITN,1
TQAPS,1
TINNT,1
VTNST,1
PKQTS,1
HTCTS,1
SWSYP,1
MFKTT,1
SPSTH,1
CRHLQ,1
TQPST,1
QPLTT,1
PTLGS,1
QFNNT,1
SPSTS,1
SMQTT,1
CHKNN,1
PKKTD,1
AYPVT,1
PKKTQ,1
NNQNQ,1
SRPSY,1
CMHNT,1
SNMNA,1
NCGKQ,1
VPPTY,1
TALSS,1
RIYNQ,1
RPQQT,1
QLLPT,1
NMNAT,1
FPPPY,1
DTPNA,1
THCPY,1
QAIPT,1
IPNIS,1
QVSNN,1
RGTSY,1
RGSEQ,1
CMSPN,1
SALPN,1
SPHPP,1
KHNTT,1
KTEGT,1
GLVTQ,1
QNKSQ,1
NSAYS,1
LPNQT,1
NTRPS,1
QNKSF,1
TTSPV,1
TTSPW,1
RCHKV,1
NTDKP,1
SLSAT,1
YSTNT,1
NAANA,1
KPENT,1
PARSQ,1
QSQSI,1
CSRHF,1
ECNYN,1
GCATS,1
QSRSH,1
VNNKT,1
QSRSQ,1
SDHSS,1
NNHSS,1
NNHSN,1
NNHSF,1
HWRSG,1
MPYDD,1
YDSMT,1
TSYPI,1
WMDPS,1
QTHYG,1
RNHSI,1
LNHDG,1
CPSPD,1
ACYHP,1
LSNSN,1
QNNSI,1
THHKT,1
QNNST,1
QNNSS,1
SPRTA,1
SPRTW,1
STHHG,1
HRSNI,1
QMQTC,1
QMQTA,1
LASTS,1
PKETT,1
PTGHP,1
RQSNT,1
LAPCT,1
HHHLP,1
YYNTS,1
FRNRT,1
TQQTG,1
STPPP,1
STPPQ,1
STPPA,1
LQAND,1
LHRTT,1
HCNGQ,1
HCNGT,1
IYSHT,1
QSHSH,1
QAFQQ,1
CIGQH,1
AKHKP,1
QSYTS,1
CIKPQ,1
NGSHT,1
QSPKT,1
NKSTL,1
QGDSH,1
TAQHP,1
HSSTA,1
HSSTQ,1
TTGPT,1
GNGST,1
TFPTR,1
FKLTT,1
LPSTA,1
NTNSH,1
NTNSI,1
PSTIS,1
RQSSV,1
NGHPA,1
NTNSS,1
NTNST,1
KCTPP,1
VTRVP,1
PTRAE,1
NATPM,1
HINDT,1
NATPF,1
ATKPT,1
DKNTA,1
EAKHT,1
STTNE,1
QHQTQ,1
RSRPT,1
PSHTS,1
PTNRT,1
HISGT,1
SGVPQ,1
KINTT,1
WRNSS,1
HCTTN,1
YPNPA,1
FCNNH,1
FCNNR,1
HDNNP,1
NNDNT,1
RPMTA,1
QLPSS,1
NEQGG,1
HPSTR,1
HPSTS,1
IHSMP,1
QSPPT,1
HPSTA,1
YAAST,1
AYDPI,1
RNCTS,1
SLLPT,1
SLLPS,1
SLLPN,1
FNNHT,1
NHNTD,1
SSMGP,1
NHNTS,1
CQLNT,1
YPTMS,1
NQHNT,1
TSNNW,1
YRNPT,1
HKSAT,1
YMSSA,1
FTLNN,1
RASST,1
QDQTD,1
CTLRQ,1
QLSSQ,1
AHAPT,1
TNHPT,1
KQTPI,1
THDPS,1
NSYLT,1
ARNHS,1
SYNNH,1
RCSPP,1
LDHPP,1
HSKLH,1
WWRHH,1
ETHDS,1
CTANF,1
WHPRT,1
PAPTR,1
HSPNS,1
HSPNT,1
ETRPI,1
PAPTI,1
HSPNN,1
ETRPP,1
MYNSN,1
HTNPS,1
PTGKS,1
VQAQS,1
TPKQT,1
QSSTC,1
QTRSP,1
MPHTQ,1
QTAQT,1
KPNPT,1
SHHTQ,1
KPNPM,1
SADPK,1
LNKTS,1
PHSTS,1
LGNQV,1
CPTAR,1
LANQT,1
KSAFG,1
RTNDS,1
RSKAV,1
SMNNT,1
QSTNH,1
TASYV,1
HTKGV,1
TASYM,1
NPKES,1
VHPMG,1
APTNT,1
KKQDQ,1
TVHSH,1
FNLTT,1
MTPSM,1
NPRNN,1
ARNSS,1
TPQMS,1
KNNPK,1
QSHTV,1
HICPT,1
SNTTS,1
FKMSS,1
NASSI,1
NASSG,1
QYISS,1
NASST,1
MNSTQ,1
ARMSP,1
QENTS,1
NARSW,1
QTNQS,1
LWKNP,1
NRTDQ,1
PAPKP,1
PAPKT,1
TFTPT,1
PTAQA,1
TPTKT,1
TPTKA,1
TQFPE,1
RQPNC,1
MPART,1
CIHTN,1
RTNKT,1
AYPNA,1
RSTSF,1
LAKST,1
YQGNE,1
PRQPI,1
SSTPT,1
QTPSS,1
PVNQS,1
FPSTR,1
CPRNT,1
RSSST,1
PWPHA,1
KDNQQ,1
YPQKT,1
SNSHS,1
SNSHT,1
MNNRS,1
SSGTY,1
LSHCS,1
LTHTN,1
HGTPM,1
QINGI,1
RNRTT,1
PNSTI,1
PNSTA,1
PNSTQ,1
EFPSH,1
TTRTT,1
DNSNG,1
PHQPT,1
PHQPS,1
QLQPP,1
NYTGN,1
NSQPQ,1
ENQPH,1
RANIT,1
YRHSV,1
YRHST,1
RGRQS,1
TPYPT,1
NTSNS,1
NTSNT,1
NTSNN,1
QPYET,1
NTSNM,1
NTSNA,1
TPTPA,1
TPTPT,1
TPTPV,1
TPTPP,1
DYNYY,1
YMRPS,1
PATAT,1
HQQLS,1
TPSNA,1
CYNPP,1
TPSNQ,1
CNRTT,1
AGNII,1
YVSTL,1
DRPTG,1
QTPNE,1
HHQTG,1
QTPNN,1
QTPNV,1
VSHPT,1
QRQSV,1
HPQNP,1
AYNAC,1
QTSTV,1
QTSTS,1
SRNST,1
PQLQQ,1
RSMNQ,1
LACPL,1
LACPN,1
PIPSM,1
LTGPQ,1
PPDAL,1
TSVNH,1
IWPGN,1
CQHSH,1
LCNRT,1
SVHAT,1
QADKP,1
ANQNS,1
YSSSN,1
QMPPN,1
HSMTS,1
LLNFS,1
RLSAA,1
PYRST,1
NWTTQ,1
LHQPT,1
RLHTA,1
QQLAH,1
NVTPN,1
PLSNS,1
DARPQ,1
YNASN,1
LPTMS,1
ITMTQ,1
HNNPH,1
FPSNI,1
SRNNS,1
CNSNN,1
NISQT,1
NSTAM,1
ATHPH,1
LTLGH,1
HLVGQ,1
LKPQS,1
QAPRP,1
APQSM,1
APCSK,1
SSADH,1
PHNPN,1
TANNT,1
KTNRT,1
YHNQT,1
KPQNT,1
KPQNQ,1
APPKA,1
PHHFT,1
QTQPT,1
QTQPA,1
QTQPL,1
YKNGD,1
HAAMS,1
ESPTQ,1
PHPST,1
NSCRT,1
FHGPT,1
NSCRN,1
KTMPN,1
SSNIN,1
SSNIS,1
LSPGT,1
RTSPM,1
HHTET,1
RTNPQ,1
RTNPS,1
RTSPQ,1
RTSPT,1
QYKPQ,1
YNTTS,1
TMTPN,1
TQQAS,1
PSNNT,1
SFNKP,1
PSNNS,1
ITSPT,1
PSNNA,1
CTRTT,1
LGCPD,1
NTNKT,1
CSGPN,1
PEKTL,1
HHKHT,1
CNSSG,1
LSQTT,1
QRSPH,1
CNSSI,1
SYPRP,1
STDSP,1
CSDNR,1
TPANT,1
NPSPP,1
NPSPD,1
LGPNT,1
RSHQV,1
STCST,1
PKHLC,1
PKTPA,1
PKTPF,1
TLQTS,1
TLQTT,1
LTSPT,1
LTSPS,1
RSNKP,1
RSQND,1
NQNTT,1
ISNTN,1
SLVSQ,1
ISNTI,1
ISNTT,1
ISNTS,1
GTNKT,1
AKSPN,1
IPKPT,1
FGSTV,1
TSDPM,1
TSDPT,1
RAITN,1
TMPPH,1
CWNNT,1
HLPVS,1
CYNNS,1
CYNNT,1
DWPAT,1
RSNPC,1
MNSTT,1
SPNAT,1
PTSPL,1
LQPPP,1
TRHTS,1
NSNTQ,1
YNVPY,1
SQRTH,1
YSNHG,1
NNSNT,1
NNSNS,1
NNSNH,1
TNTMN,1
AALPS,1
FANQS,1
MTNRT,1
INNFS,1
IKPQS,1
ANTSS,1
MPETI,1
ANTSA,1
KSKPS,1
YEQST,1
NKNES,1
RETPA,1
RDNTS,1
GNSTE,1
NTNLS,1
NHYTL,1
PSTHS,1
QSNTS,1
QSNTH,1
QSNTF,1
QSATF,1
QSATP,1
WGNSW,1
TASQG,1
PNKTT,1
NSNPP,1
PNKTH,1
PNKTN,1
ANPRT,1
TGKPP,1
PGYTT,1
PGYTS,1
HSVPL,1
NRMGP,1
MSRPS,1
TPQEP,1
HTGYI,1
QKNNS,1
ARTTK,1
RTPPI,1
TPKSQ,1
TPKSP,1
NTQPP,1
YSPPL,1
DSAIT,1
RPNSS,1
YKENN,1
PELQH,1
CSPLP,1
SNTSN,1
SNTSH,1
TDRRP,1
ERNKT,1
QTSLQ,1
TASNH,1
TASNV,1
YDTDL,1
VPDNA,1
NHTGP,1
PRKSQ,1
PRKSC,1
QMHPT,1
LSRPT,1
PVTPH,1
ELHMP,1
LPSTS,1
YPQDS,1
TSPFS,1
HKCNT,1
SNSPT,1
SNSPY,1
VANMS,1
SLTQP,1
SLTQH,1
PFKQT,1
HSNSS,1
RANQT,1
FSTPT,1
SLSQP,1
LCPTT,1
KFAPD,1
LCPTA,1
RLANC,1
PGTAT,1
NDSNN,1
IKTDG,1
TDNKT,1
TNASA,1
QHGSG,1
TNASY,1
PRQGQ,1
PLPPQ,1
AANQS,1
SSNPK,1
GGRTG,1
HNTTF,1
HNTTA,1
HNTTH,1
HNTTS,1
RPQDT,1
ASPNP,1
QRNQT,1
ISYPT,1
NHNNT,1
TAYPN,1
NHNNY,1
NPLNA,1
NPTSR,1
NPTST,1
HTSST,1
HTSSQ,1
SLSNN,1
WLLPT,1
VTMTS,1
KNPYT,1
WLPRW,1
PATTV,1
PATTT,1
PATTS,1
SRKTQ,1
CTGAD,1
WMENQ,1
PSAPD,1
AFTNS,1
NMNNS,1
SQTAN,1
LATPK,1
LATPT,1
QNTTD,1
ETIYN,1
NSPAT,1
STRNS,1
TGSHF,1
TRNST,1
TRNSN,1
TTSGN,1
NLQPN,1
NLQPT,1
WAPTR,1
LVYST,1
YNKTN,1
SYHMS,1
YPNST,1
SKPPG,1
QQPSS,1
CHHPA,1
HQNRS,1
TNRTV,1
TNRTS,1
PNPNS,1
VNNTP,1
LTNYS,1
HRPTQ,1
SYVCT,1
HRPTG,1
NIYNT,1
NLNHN,1
LSTPT,1
SDNLT,1
QLTST,1
PVGAT,1
QTHTG,1
QTHTV,1
ANHVP,1
YLAPN,1
NSTSE,1
QNHTS,1
NPTLW,1
NPHHP,1
NPHHT,1
WNNTN,1
FNHTN,1
CIGAH,1
KTQFA,1
PAYPK,1
ANDPD,1
KQCQP,1
PICTD,1
VTTKA,1
MDTAC,1
LTPTK,1
PLGSV,1
MTALG,1
KHLGS,1
HTART,1
GKIPN,1
GYPRT,1
THHPN,1
THHPS,1
THHPT,1
SARTP,1
NINDG,1
LQHPK,1
TNTPT,1
TNTPS,1
LQHPA,1
YYNYS,1
RAEPT,1
IITKT,1
PLTGT,1
MGRPT,1
MGRPQ,1
QQSNV,1
QQSNQ,1
ETDGE,1
SQAPA,1
PTKNL,1
SQAPH,1
LAFSP,1
RTNHT,1
HEHDI,1
STNEQ,1
NSIPN,1
INHQP,1
IQQPS,1
IQQPT,1
HCNRT,1
GDTGI,1
MYPYT,1
QGLPY,1
LNNTY,1
MQRPQ,1
LNNTT,1
SCAPW,1
HVKPS,1
PRNNS,1
KVPPP,1
SNCTN,1
FPANV,1
RNMPT,1
DGSHS,1
VSCPH,1
KSPHT,1
PDRVT,1
SSGAT,1
SNQNA,1
YRTNS,1
RSNST,1
IYPYS,1
HQQQL,1
PNPAT,1
MRPTS,1
YSNNS,1
FSATT,1
NSSNT,1
NSSNS,1
NSSNN,1
PFSNS,1
TQNRT,1
PTSHK,1
AGQTN,1
CTRGT,1
PYHTG,1
QPSNT,1
QPSNS,1
MSDTM,1
PFGTH,1
STDNL,1
STDNN,1
NNKSM,1
NNKSL,1
QPRTT,1
LHNPP,1
NNNTE,1
INNNT,1
NNNTN,1
SEQQH,1
TMAPT,1
TMAPK,1
QGHPT,1
KMCTE,1
RNCKS,1
QIQPN,1
YHPRT,1
NNNIT,1
VPCPK,1
HTTPQ,1
HWNSS,1
QTNPP,1
DTQHP,1
CRGPT,1
MHPPN,1
KSQQQ,1
YPTQE,1
KSHNS,1
KSHNV,1
NHNYT,1
NHNYS,1
NMSPT,1
LLLPS,1
LLLPT,1
AACPQ,1
AACPI,1
LNPPS,1
LNPPP,1
HKPTT,1
TAPQS,1
KKNNS,1
SVCNA,1
PANTS,1
NLMWT,1
SPNTT,1
QASGT,1
TFHTT,1
KQNPM,1
THCSK,1
QNISS,1
QNISA,1
TLSPV,1
FANSQ,1
HTGQI,1
HHEPN,1
PLHGT,1
ETKPT,1
INNQQ,1
KHPTM,1
VQGPG,1
NGDVQ,1
TNNKT,1
MTNAT,1
MLHPT,1
RTKQT,1
NWQTE,1
NNISH,1
CLKTL,1
APDTA,1
AVHTT,1
QSNAT,1
RPDQS,1
TVCPQ,1
RSDLA,1
RSDLP,1
LNATH,1
SANQS,1
TSPNN,1
TSPNH,1
TSPNT,1
CPQTT,1
PPVTE,1
PIAGA,1
PPVTS,1
TKNST,1
LSHST,1
RNKSQ,1
HYHTT,1
TSSDG,1
QDNST,1
QVVAQ,1
HTTTI,1
TTQNQ,1
HTTTF,1
LRNSS,1
HTTTT,1
MNSNQ,1
LPTNT,1
LPTNS,1
LPNIT,1
RQNPT,1
MHLPQ,1
MNKPN,1
IPNQL,1
ATWPQ,1
MIEDT,1
QLCWQ,1
NRTQS,1
AFTAN,1
LITVT,1
RTQAN,1
LTTIV,1
TTAPK,1
GMPPA,1
KPSNT,1
AHDSA,1
TQLPA,1
TQLPH,1
YNNPT,1
TPRTI,1
NTLNS,1
TPRTT,1
TPRTS,1
TPRTQ,1
HPNNT,1
AATLS,1
STKTW,1
AIHHN,1
YANNT,1
YPRPT,1
NPQAT,1
SHASS,1
LSASI,1
NMPMQ,1
INTSS,1
YWQTI,1
INTSV,1
ANLPT,1
PNHAT,1
KPSEI,1
QNKPS,1
QNKPT,1
MNTKS,1
AHPPK,1
YTNNS,1
YTNNT,1
NLNTS,1
LPPLT,1
NTSQQ,1
NTSQV,1
SENSS,1
SPNQT,1
YVTAN,1
ALVTI,1
ITTHT,1
ILKPP,1
HSYYP,1
GHRQS,1
CNGRI,1
RSPTT,1
RSPTS,1
RSPTQ,1
QHSPT,1
FYTPS,1
PSMPT,1
RMPTY,1
IDHGR,1
LLNNT,1
MIPPA,1
NASNY,1
KITPA,1
SRTPV,1
EPLTQ,1
EPLTT,1
PEHTS,1
ISHPL,1
NCSAS,1
CPLTG,1
MPSSS,1
PETNT,1
MPSSI,1
EQMPQ,1
LNCSE,1
LNCST,1
HQTTP,1
QSRTA,1
APTTK,1
HVTTT,1
NNHPP,1
SNTGP,1
NNHPK,1
LSNNS,1
LSNNT,1
KVNHT,1
TTKPP,1
QLDTN,1
YLNNP,1
NKSLN,1
SIGQT,1
TRQMQ,1
AHCTT,1
RFTPA,1
IPLPS,1
KNFSH,1
MTKPT,1
QNTCS,1
IITST,1
HNPST,1
KTGTE,1
KTTTM,1
HRSAS,1
RTHTS,1
RTHTC,1
KFPGT,1
MANNA,1
YATRS,1
CDRYK,1
VPLGG,1
YAPST,1
EPSRS,1
YSKTS,1
NCTDS,1
IFAPT,1
QSHPK,1
KPLTS,1
RPSSN,1
TYASA,1
HPVKT,1
RPPST,1
QGDPS,1
SHDNN,1
GCNHH,1
DPKFT,1
SDNNA,1
SNKTS,1
SPAKH,1
YSTPR,1
SSDYK,1
HAGNG,1
SAGVP,1
PPNPN,1
QAHPT,1
QAHPA,1
HIATA,1
SVNPE,1
KNHTF,1
LLITG,1
NFNNT,1
RTYPP,1
YTSNF,1
STTMG,1
EARPT,1
TTNSI,1
PKQPT,1
SQHTH,1
SAHSS,1
STNPH,1
NTNPL,1
STNPT,1
IFNTT,1
KINQQ,1
KINQG,1
ASKST,1
NATSG,1
NATSS,1
NATST,1
TPEPS,1
HDDNN,1
IAPNF,1
DYHNH,1
YDANY,1
SINNT,1
RPKAT,1
PQTPP,1
PQTPF,1
VPHAT,1
CITKS,1
YENNT,1
FNNMW,1
TRTTS,1
TTDPI,1
TSRVP,1
EKPNS,1
KPSSY,1
KPSST,1
KPSSM,1
KPSSN,1
KPSSC,1
NKCKE,1
RNDSG,1
RNDSI,1
HKPLH,1
KTPAQ,1
NMTPE,1
CTKQV,1
NTPLN,1
YNPQH,1
QVGAT,1
QNCTP,1
NCRPT,1
YMSND,1
KQGTN,1
TPVTT,1
YGHLT,1
SPSTT,1
YMPTS,1
TNGSD,1
NSNHD,1
HHYNS,1
GSPYI,1
PAPSS,1
QPHMP,1
HDDSN,1
MYNPI,1
TTPLG,1
YSHST,1
HNRPQ,1
YSHSI,1
ITQAP,1
HWNNT,1
HLTQS,1
EPTPQ,1
VQNTT,1
NNRHH,1
KTNTT,1
NVFNI,1
NVFNS,1
RHFPT,1
CDIHP,1
HCGSQ,1
YPTDK,1
PESSP,1
KSKPG,1
RSKFG,1
FNSPT,1
PNATI,1
QLYPT,1
QSNYT,1
QSNYS,1
RSSKI,1
KPNSN,1
KPNST,1
TKNTS,1
HESKG,1
NQGQW,1
YRNNS,1
RNKTI,1
PVNLQ,1
PHTSK,1
YPLLT,1
NGTHA,1
QYYQT,1
GRTRP,1
NTHQT,1
NRTYT,1
TEQGS,1
PLHTK,1
QNRTA,1
PTPGS,1
AQSPT,1
NASTP,1
HNVNT,1
DSAFT,1
GPNDS,1
PLRSA,1
PMTPA,1
ILNTT,1
YPMTT,1
LAKPT,1
ATHPG,1
ATHPS,1
LAKPK,1
KNNST,1
HQKVS,1
NNPMT,1
TPTHS,1
NHTPS,1
GQNAQ,1
RSSPL,1
RSSPP,1
RSSPT,1
LTWPS,1
IKTTN,1
HQLTP,1
HQPNH,1
LSHFT,1
PHQSM,1
LVPTQ,1
PHQSA,1
TSSQT,1
LKTGT,1
HAATG,1
NDSEN,1
ISNNT,1
QTSLH,1
LSEPH,1
LPCNN,1
LQLPS,1
PNCPD,1
PNCPK,1
LSSPD,1
QFATG,1
AQKNG,1
SLSNP,1
PNIPP,1
YNRPN,1
TTIAV,1
FMNNT,1
TSVPR,1
HGSPT,1
TNKPP,1
HNYSS,1
TNKPM,1
LNTPS,1
TNFPK,1
CNKTT,1
LPPTT,1
LPPTS,1
MAENS,1
NLTNW,1
TKQTQ,1
RCTPN,1
TKQTG,1
NAPNQ,1
RDYLT,1
NAPNI,1
MPTTS,1
MPTTT,1
MPTTA,1
NAAST,1
RNNFS,1
RNNFT,1
PQLTQ,1
NPQTT,1
NPQTN,1
QTGSC,1
KNNNS,1
YLPNQ,1
TLSPT,1
PETVA,1
ISSPT,1
ANKGS,1
DTTIP,1
NESGV,1
MHETH,1
QVSPS,1
TGNRT,1
DPATY,1
PPKTT,1
LLQAY,1
HTSND,1
HTSNT,1
HTSNV,1
NFYAT,1
NLQGT,1
TIPPT,1
QMANP,1
NLHPQ,1
QAQHR,1
TFPHT,1
NSPTH,1
STRYT,1
LPSPW,1
CTIHT,1
SIAEN,1
MSPNQ,1
NSPTS,1
NSPTQ,1
NTNAS,1
NAPQT,1
YSTPM,1
SCTNI,1
SCTNH,1
HSDTH,1
QPRPT,1
SCPAQ,1
NCNRN,1
NCRPL,1
SFGET,1
MPGPT,1
QCQTS,1
ATNSI,1
IFQST,1
KSDTQ,1
LAMQS,1
NTHTT,1
NCAQQ,1
MQHTP,1
FPRTS,1
ANNQT,1
EENSS,1
CQKTS,1
NQPSS,1
PITLG,1
NQPSC,1
CQKTI,1
HLYPP,1
LNTPT,1
SPKTI,1
YLPNT,1
NQSSA,1
QNHST,1
NPNST,1
CTHTF,1
YYNNS,1
YYNNY,1
ACAPG,1
KTGAQ,1
PHPPT,1
