ETMLL,2
DLMDD,2
DLMDE,2
STTEH,2
DLMDV,2
DVFQP,2
FAILP,2
LFMQP,2
TYRQP,2
AIYAP,2
TYQQL,2
YNYIN,2
QLVQP,2
STTEY,2
NRPVC,2
QTEPC,2
DAAIE,2
ISVIP,2
PKTSL,2
FSTAP,2
TDMAF,2
HISLL,2
HQIEE,2
NEYTI,2
ISVFT,2
NHAYP,2
SGTLL,2
WTAHP,2
RYTAI,2
QDLMN,2
SDIIT,2
SNKAD,2
VSTNF,2
HMLHA,2
DEIKD,2
RILAP,2
QTLNL,2
MSLQT,2
TRTLD,2
TRTLA,2
CQSFP,2
PHLYL,2
PVMIN,2
HSHIP,2
NSYIS,2
QATLY,2
MSKIG,2
NTMDN,2
PTTAI,2
PTTAF,2
KCNIP,2
FTNQT,2
LNQIN,2
DYMYD,2
DYMYE,2
DEIIE,2
DYMYV,2
PYVAT,2
HEKKR,2
HSKIP,2
HSKIS,2
WQNIV,2
FTSNL,2
QSAIL,2
TYEVG,2
IFTHP,2
PSQYL,2
DLHIP,2
LTSVP,2
HDIEE,2
CALMW,2
KQNQH,2
TNIIL,2
LTSVA,2
ITQIP,2
ITQIT,2
EHTSL,2
NINVN,2
ATSVP,2
TLRTH,2
STLDC,2
ATSVA,2
KSHSS,2
DVLVA,2
TMIEN,2
NRIMQ,2
QGISL,2
VDIKE,2
MYTRY,2
HLTIC,2
HLTIN,2
NMPLK,2
STNQI,2
HQVFP,2
LNYQP,2
NNLMT,2
YQHTP,2
TRNIL,2
HMNMP,2
GIMQP,2
HYSLP,2
SSSKC,2
QVHTV,2
LTTLT,2
LTTLS,2
QTTLP,2
QTTLS,2
TSTLD,2
MSVTM,2
HTAEL,2
TLMDC,2
PCLVT,2
RYTIN,2
RTTTP,2
LESVQ,2
TNYEA,2
HTTDV,2
PVTHQ,2
APATN,2
YSIHA,2
CPMEP,2
TEHHK,2
TRTEP,2
TEHHQ,2
WLLHR,2
PTIDI,2
PTIDP,2
GMPIP,2
MTSLA,2
PNLTP,2
PNLTY,2
YTTAK,2
PTRMM,2
HTVQN,2
STFQI,2
STFQH,2
ITTSL,2
YAAYA,2
DANVN,2
ATLIG,2
NALTQ,2
GQNDQ,2
HNLTP,2
RSTVH,2
PTLTP,2
PTLTM,2
EHTTP,2
PDIEP,2
FESIS,2
YPAVS,2
QLYET,2
LTAEL,2
QTTAA,2
QSEVL,2
STMQN,2
AKTTL,2
RIVLP,2
HQPVP,2
HYTIT,2
HYTIV,2
LRIFP,2
SSTMN,2
SSTMD,2
QTTAD,2
WYDTT,2
TTTII,2
TSSIT,2
TSSIP,2
TSSII,2
SPLIC,2
HTSVN,2
TRVEN,2
TSLDP,2
CHLIT,2
TSLDM,2
TRLTQ,2
YTTEV,2
YTTEP,2
DDMFD,2
TTHEH,2
CQIYT,2
AATLN,2
TTIIN,2
QQLRP,2
QMMPC,2
DEMVV,2
QETAP,2
NMYYP,2
SLTLM,2
SLTLQ,2
SAFIC,2
STYYQ,2
YLTQP,2
EGTNQ,2
NTRIN,2
QALQC,2
TYMAT,2
ALIIT,2
TELFY,2
RTLLT,2
PATLA,2
PYITY,2
GSTLA,2
SLSVL,2
LHVQT,2
YAKYP,2
CNTIS,2
DMTLS,2
TLLTP,2
TNAVP,2
TKQLL,2
EHLRT,2
LVTLT,2
LATHC,2
VDMLD,2
KLIMH,2
HYITE,2
LFMYP,2
HNTQL,2
TYLEQ,2
YFTKP,2
AATYP,2
RGGTL,2
SYLTA,2
HTTQP,2
GITEP,2
NEMTL,2
SAYFE,2
SKLLQ,2
YELED,2
YELEE,2
YELEV,2
YELEY,2
SWAQP,2
QSLRP,2
HKLTM,2
SAIKL,2
HKLTP,2
QRTYD,2
TSYES,2
AEATD,2
LMMYP,2
ETLRC,2
HTSVQ,2
CEYYH,2
YYSMN,2
YYVTH,2
KSITP,2
SPLMP,2
QEALP,2
TSHVN,2
YSSVD,2
TWRVP,2
SQNIP,2
QQTWQ,2
NNPVL,2
HEPID,2
HEPIL,2
ETIFA,2
DSISL,2
PSTFI,2
PRVSL,2
QHSMT,2
QLSTP,2
PHIFT,2
VSLEQ,2
NTTML,2
SCEIE,2
LLEPS,2
HVTYE,2
ELLMP,2
ELLMT,2
LYTMC,2
RNIIT,2
LSTSL,2
DQMEE,2
PILQN,2
SRWQR,2
DQMEV,2
ITTDI,2
LMTRP,2
AYNMP,2
ADLAE,2
KTILT,2
DQLAD,2
NYSEY,2
PIRVR,2
LTTWH,2
HGVYQ,2
TWLTV,2
YKTRT,2
SPLIN,2
NKYTE,2
TQTIQ,2
DDLED,2
DDLEE,2
DDLEV,2
KMLEH,2
HSSYL,2
DDRND,2
SNLIE,2
HDKYN,2
YVIEE,2
RMTQL,2
LCLSY,2
LQTQM,2
TNLKP,2
LQTQN,2
PLLQN,2
EWHSP,2
YNYQP,2
PLLQP,2
PTTAV,2
PPHTW,2
KAINY,2
TAYIS,2
RQTTL,2
PEDIE,2
HDILD,2
RSIVA,2
SAWHH,2
LTYAP,2
NDPIN,2
YTLTP,2
QMNLT,2
YTLTN,2
CVSYN,2
ERAQP,2
DTTHP,2
PHLQN,2
DTYAP,2
QNPDQ,2
YSQIH,2
QNVNA,2
ETMQP,2
YSNEE,2
THNIV,2
NTMLN,2
NYLQH,2
HKTMQ,2
DAVLE,2
DYLEV,2
DYLEE,2
VYTLS,2
DSLVH,2
DSCVN,2
PTTYT,2
PTTYR,2
PTTYQ,2
DEMHD,2
HTIHS,2
RWTAN,2
FTSVC,2
CLPPL,2
MTNYL,2
PSQQL,2
HPIPH,2
HHTET,2
LHPHP,2
VQMEE,2
SQTTL,2
HDIMP,2
TNTVT,2
QYLEQ,2
RSKVI,2
SSMIV,2
QTLDE,2
RSKVP,2
DKVTP,2
IYDSP,2
HTLTF,2
HTLTN,2
YMLTH,2
TRTYL,2
LTTDT,2
QTTTL,2
QTTTP,2
SEMEE,2
LGYAP,2
NTPYM,2
QHITP,2
TQTKP,2
HTTLQ,2
HTTLT,2
HTTLV,2
HTTLA,2
DNMQD,2
RYTAH,2
TTNVN,2
HTTLI,2
HTTLL,2
TTNVF,2
LETSL,2
YTYSE,2
LETSP,2
NRSIT,2
DYIKD,2
DYIKE,2
DERSY,2
TQAEP,2
LARIP,2
HHYQP,2
ITVTE,2
KIHAC,2
VQYIH,2
IQSVN,2
HPTIP,2
AQTAN,2
PHYYN,2
ATLAY,2
MNKTP,2
PFTSL,2
PSLTV,2
PSLTW,2
DVIDD,2
DVIDE,2
TYVTM,2
DSHHS,2
TCMCH,2
PQIVA,2
LDIAA,2
ITAAL,2
TYCMN,2
PELTP,2
VELED,2
DSRVQ,2
PKLTE,2
PKLTP,2
PKLTQ,2
PERVT,2
LTAMT,2
HYSYL,2
SKTVN,2
SKTVI,2
SNTVN,2
LSYEN,2
VDMEY,2
LYTLA,2
DGIQM,2
VPPIP,2
SAELL,2
HYTQD,2
YQSTL,2
YHNHL,2
LMLMT,2
LYTLT,2
TTQIT,2
TTQIY,2
HTTQM,2
QDLTP,2
HTTQQ,2
HTTQY,2
VRLHA,2
QDLTV,2
EEMDE,2
TIQVQ,2
TGKFN,2
NFTLN,2
TTRIH,2
LTMSH,2
TTTQS,2
IDEVN,2
ATVQA,2
CYMNP,2
ELYLP,2
CTTIH,2
STYQC,2
HKVRK,2
STYQT,2
HTLMH,2
WASTP,2
AQTWS,2
QHTMN,2
QETIN,2
PTLAE,2
ATTHH,2
STLIV,2
PTLAH,2
PTLAT,2
STLIN,2
PTLAS,2
VDMDD,2
VDMDE,2
VDMDV,2
LWTTA,2
ATYSL,2
FCHWC,2
LHFLP,2
HDPIE,2
ASPSP,2
DLIEE,2
SHLTA,2
EPLLE,2
NVVQC,2
NNAIH,2
ESQEA,2
EEREE,2
DTLTL,2
HNTYQ,2
DTLTT,2
SATYA,2
DTLTP,2
HNTYK,2
RSFMC,2
YELMT,2
YFSEN,2
HKLLP,2
RRVVT,2
DDMYV,2
DDMYE,2
DDMYD,2
WMEIT,2
TTITN,2
TITAL,2
ESTSP,2
ESTSE,2
HYFTP,2
HTCYP,2
HKFAP,2
RMVET,2
TCMMQ,2
GDLQT,2
PYNHY,2
CTFHY,2
MLQWP,2
PMLYN,2
AYTIN,2
HTESC,2
DHIDD,2
PYTVQ,2
PYTVY,2
EINIS,2
PTEIA,2
TCCIH,2
ITTKL,2
NTLQI,2
ATSIT,2
TITMP,2
DKMED,2
DKMEE,2
PSYMP,2
RSSIS,2
ATTMI,2
HVTQK,2
HVTQQ,2
KPTYA,2
RNNTD,2
SQSVH,2
QTRVA,2
VFIAT,2
PHTLQ,2
VNTEQ,2
YELVE,2
CIRIN,2
QLTVS,2
SGKVP,2
NKLYP,2
SSVNL,2
IATTL,2
WSLNP,2
RHTVQ,2
RHTVI,2
LTTLA,2
QLMHP,2
TTLHP,2
VTTLT,2
IRGQA,2
LYLEQ,2
QSTKL,2
SHNHK,2
YDTQM,2
HTSEL,2
TMLFT,2
HTSEN,2
HTSEH,2
NPTIC,2
KETIQ,2
RETSL,2
HRTTL,2
PEFVP,2
EYNAL,2
ETEDL,2
PVYLA,2
YTSHN,2
ELISN,2
WSTVP,2
PAYMP,2
SQMLQ,2
PYTMA,2
PYTMN,2
CYTHN,2
FSLSH,2
YITTA,2
AKVQL,2
SQTYK,2
AQLQP,2
PLTLA,2
YATWR,2
PLTLP,2
KTSSH,2
TLLYP,2
RQSDY,2
SWTRL,2
QEYVT,2
LTTFA,2
ETLMP,2
TTLFN,2
NAEVN,2
DLMTP,2
PEKIN,2
TDPIP,2
WTLVT,2
HLTFL,2
ITLHP,2
AELIA,2
QSIQR,2
QSIQV,2
QSIQL,2
LTLQP,2
LTLQT,2
QRIYT,2
HMMET,2
LSQIQ,2
TKWEE,2
TKISC,2
IHTAP,2
TYSLA,2
TKISL,2
ATTAY,2
HLMEE,2
SSAVP,2
LNNYA,2
AVKLN,2
RSAVP,2
EATLP,2
PSAAL,2
HAHYL,2
SDYTP,2
YRTET,2
FMLTS,2
SDVTM,2
CRYQL,2
ATQLP,2
DYMIE,2
YVIVE,2
LCVIN,2
MSLAP,2
QVTEQ,2
MTTVT,2
DVLDE,2
PSILP,2
FYSTP,2
RTIHQ,2
ADFHP,2
MIAVN,2
MTIIS,2
STTHT,2
STTHP,2
LLSIT,2
STTHF,2
STTHH,2
DNLED,2
PTTQH,2
NATVN,2
NITIS,2
NITIQ,2
HVMED,2
MTYTP,2
MTYTL,2
GQPET,2
SAPIA,2
PRIFK,2
TTPII,2
CHTAL,2
YNLTT,2
YQLTT,2
VNTYP,2
PKLSM,2
QLISP,2
SRLLE,2
QSAHH,2
AYDVA,2
KLEVP,2
IRFVP,2
HTLLP,2
FPTEL,2
THMTQ,2
THMTH,2
CVTQQ,2
VHTQH,2
YDMED,2
YDMEE,2
YDMEY,2
YDMEV,2
KITIT,2
TSNHL,2
WMPIP,2
LFSLQ,2
GWPIP,2
AFERN,2
MANIN,2
LEVTN,2
LEPHA,2
SCIMR,2
SDLQS,2
HTVSE,2
LLYMP,2
DNMYD,2
DDIDD,2
DDIDE,2
AHLVQ,2
HAKTN,2
DDIDY,2
QSTYK,2
TNITP,2
ASNVQ,2
QITTP,2
DYISD,2
NTKIP,2
LPTVP,2
YSIVH,2
QSTYT,2
IYTQG,2
STIIN,2
DVILD,2
DVILE,2
YVQEN,2
ELAFQ,2
IQAVA,2
NKIHA,2
TAMTP,2
QSMLL,2
RETNL,2
EYSQY,2
HTKIN,2
TMTHD,2
LMTVG,2
HTTYT,2
RKTYY,2
HTTYL,2
HTTYH,2
SIYTP,2
TSPIQ,2
HYTYK,2
TSPID,2
YYTHA,2
MTSYD,2
DEVEE,2
DQLVS,2
PGLTL,2
GTKVN,2
ETHHR,2
QYYTL,2
CRMEY,2
LQTTF,2
SDLCN,2
QTTSL,2
TSLTE,2
TSLTH,2
MTTHC,2
SHQIP,2
EAYQE,2
MTTHT,2
NTHRT,2
STYIT,2
PLTIT,2
STLQT,2
STLQQ,2
STLQC,2
FTTKN,2
FTTKD,2
HETSE,2
NTVLA,2
PYIDP,2
TYIQS,2
SPLEC,2
HNLYP,2
TAPIP,2
HKTDL,2
CNTYY,2
EVLNN,2
MMSTY,2
SSTVT,2
AATIT,2
AATIH,2
SSTVL,2
TLPIP,2
TLPIN,2
PNYMI,2
QTSIL,2
HYTDP,2
HYIDP,2
MCTVI,2
DDMQE,2
DDMQD,2
LITCA,2
YTTHT,2
HTYHQ,2
YTTHD,2
QCMID,2
TITIP,2
YMTTV,2
HSTQM,2
TTCID,2
YSTHH,2
IMYYP,2
PMLAE,2
LIANH,2
SQTVT,2
CNKQL,2
RLTMP,2
STALL,2
YVYQQ,2
TLYIT,2
ISTLT,2
QYVRP,2
TYLHH,2
HGLTN,2
TYLHP,2
QYQVI,2
SNLYT,2
DHPQP,2
PQAIV,2
WTHPH,2
YEMDV,2
YEMDQ,2
YEMDD,2
YEMDE,2
DTTNR,2
PILAE,2
TKTLL,2
VDLEE,2
RISVP,2
YTTSP,2
RISVN,2
HTYSL,2
PEAAT,2
IEIIN,2
TEQFL,2
HKFTL,2
HTSMN,2
STAIN,2
QAVYH,2
TENYP,2
NSMAP,2
IKTIA,2
PVYTT,2
AHTEN,2
LLQLD,2
QKLES,2
TSHAP,2
YVMLE,2
HSSIS,2
HSSIT,2
SIHVP,2
HSSIA,2
IETSL,2
HEFIP,2
QATID,2
CFTQV,2
HVMQE,2
SSDVL,2
RTIPC,2
FSLNP,2
HVMQD,2
NYTAP,2
ARLTP,2
AESYL,2
HIVTP,2
TCELL,2
VESLL,2
GHSHP,2
EQIEC,2
ITSEL,2
WHEHA,2
REWLN,2
IQFLP,2
HYTIN,2
FQILQ,2
NYSAL,2
IATIS,2
PIAYQ,2
CHTYI,2
QTTHN,2
LMTYT,2
APPQN,2
NDYAL,2
TLTLN,2
YCLLA,2
TLTLS,2
STVVN,2
LYPLP,2
NYTIP,2
YTAAY,2
NTISL,2
PNTEL,2
ETTCP,2
THRHP,2
YTLDD,2
HSMLN,2
NSTIY,2
NQIAM,2
NLITN,2
QVTMT,2
PSITN,2
GTIIG,2
TQTFT,2
TYQRP,2
EEIEE,2
TSSIL,2
PYVYP,2
ASKVP,2
SMIAQ,2
HCTRL,2
CRAVP,2
DVTQN,2
DVTQC,2
LTYTP,2
HRHVS,2
AYTQT,2
AYTQE,2
LRNHH,2
QTGIL,2
SITLN,2
NKNPQ,2
LTTTQ,2
FNNFN,2
AYLTH,2
TRTIT,2
PCVLT,2
IALTH,2
PSTIP,2
THTSL,2
TTKTT,2
YQTHT,2
YQTHS,2
NHITE,2
CVTYA,2
YFTTT,2
EVDIE,2
GCYTP,2
DYLHD,2
YKTYP,2
DDILD,2
DDILE,2
EDLST,2
FNNVN,2
ATYYP,2
RTTLK,2
RTTLM,2
RTTLP,2
RTTLV,2
HRLQP,2
MSDFQ,2
CAMLP,2
HCTMM,2
VVCIH,2
YTTEQ,2
DSEMQ,2
STIMT,2
STIMN,2
SHILN,2
SYAHP,2
NHFPN,2
KHLVT,2
HDSQD,2
KSKVS,2
IYTYS,2
QSSVH,2
DDMFE,2
PDVQT,2
VSDIP,2
HTLYT,2
QTMTN,2
RQILN,2
DIMED,2
QSTHP,2
QSTHV,2
YWTQN,2
YRNIQ,2
YCTKV,2
NQLNL,2
LTRAN,2
QAMTL,2
MHHIF,2
MDNNL,2
TTTDM,2
MHIVQ,2
YTAMP,2
HTTAV,2
HTTAP,2
HTTAD,2
HTTAA,2
VTPKH,2
HTTAM,2
DNMDV,2
AEVIP,2
YKITT,2
YTQLN,2
MIQIQ,2
RAAVC,2
DDSIP,2
QYSHP,2
YHHSY,2
DDTIM,2
DDTIT,2
ATLTL,2
ATLTP,2
SMTSL,2
QPVTP,2
NNIAS,2
DLLDE,2
STLYC,2
ASIIP,2
KTHMC,2
SRSVQ,2
STLYP,2
PRTSM,2
YSIAM,2
GQSVT,2
SEVHC,2
HPYVQ,2
SHTQN,2
REINQ,2
TNPEL,2
LSKGY,2
TYMYT,2
YLTQN,2
PWIMN,2
RSSVN,2
LSSHP,2
WTIQT,2
NILYS,2
YIITT,2
SKLTL,2
RSITL,2
YLSTC,2
HYTLN,2
HYTLL,2
GVETL,2
SHLDP,2
NILHL,2
VETQT,2
YAVSE,2
TVTHP,2
RFVAT,2
KPEKP,2
QMLTH,2
SVITY,2
YLTLN,2
QVIKP,2
LQSIA,2
PMRWL,2
HTCIP,2
HTCIY,2
RTLQN,2
GSTIS,2
YNHTL,2
RTLQE,2
HSTIV,2
HSTIT,2
HSYVP,2
HETNT,2
TTIDQ,2
FTTTD,2
FTTTN,2
VQRIP,2
QFTQL,2
HNYVP,2
LEHSQ,2
TKHWL,2
CITFM,2
CNKIM,2
SVTFS,2
CATIP,2
LSLSV,2
LSLSP,2
AHQSE,2
QTFVT,2
SDHEP,2
PEAEP,2
ERPTP,2
YEMLE,2
AEMQT,2
MHLSN,2
CQTHP,2
TNAVK,2
LNMQP,2
LNMQR,2
LYTFS,2
WSQLL,2
PHQIS,2
NDETT,2
DITQL,2
SQTYQ,2
DQSTP,2
RRHNP,2
NATIL,2
VSENL,2
IESTP,2
WDYSP,2
ESYQI,2
DDHTG,2
TVLIP,2
ESTHP,2
NTYWT,2
QHNIQ,2
VEMLE,2
HEPLP,2
YVMDD,2
NTYIT,2
FALQH,2
YNQQL,2
ENLTT,2
EITTE,2
DVREV,2
PLSHP,2
TCSIN,2
ATAPR,2
CSAIQ,2
RIIYP,2
PQLNP,2
CHLRT,2
MYSLT,2
EETYD,2
DELYD,2
WSYQN,2
PKTAL,2
QITEQ,2
EILAL,2
NCYIS,2
ISLCR,2
LTLAN,2
PMAHP,2
LSLPC,2
MHQYP,2
EIIHS,2
PITKD,2
PHNVP,2
HSIQA,2
TVQQP,2
WSTKQ,2
KTNPN,2
SQPYL,2
LMTQP,2
QTPIP,2
VTQIP,2
RWPVP,2
ERYQN,2
HTVHQ,2
YSTTP,2
HTVHA,2
QAWHP,2
DNLTT,2
KQTMN,2
FHQEP,2
GTTMC,2
VKTTL,2
PIRQQ,2
FTVMD,2
LQTLN,2
TNLLP,2
YMIHD,2
PCHIN,2
WITTL,2
YVVSQ,2
YSKFP,2
TRMTL,2
ETMIT,2
KELYN,2
NTNEY,2
LPAIP,2
PEKVQ,2
RMTTN,2
MLTVA,2
TYAAL,2
NSTFE,2
ALTFP,2
VYTTK,2
QRNTA,2
KFTQQ,2
DEMDV,2
TKIHP,2
PTTEH,2
QWPIP,2
SKLLN,2
SCLVH,2
LTSRL,2
DERDD,2
DDFDD,2
YTMTN,2
LMTLP,2
SEGIT,2
THTQL,2
GTNII,2
SLVQP,2
FGSVA,2
PHLVS,2
QNDIN,2
KKLTE,2
TTLSA,2
VATLP,2
AQHFT,2
YTTNF,2
HTLRP,2
NYLTN,2
NYLTV,2
LLERN,2
TFKMP,2
YYRDE,2
DEMEV,2
DEMEY,2
DHLII,2
PTTFC,2
DEMEA,2
YTQIP,2
CKLTH,2
DEMED,2
DEMEE,2
DEMEF,2
DEMEG,2
PTTFT,2
DEMEL,2
PTYYP,2
DELVE,2
YMSYQ,2
IDTYL,2
SMITE,2
SMITN,2
CGTVR,2
CSTHM,2
PSHEP,2
MLFQN,2
SYTIN,2
AEMDE,2
VYMDE,2
VYMDD,2
PTNEP,2
LSLYP,2
LTTAC,2
PKTIT,2
PKTIP,2
GHHNT,2
MKWAP,2
QHEVN,2
LTTAI,2
LTSIA,2
LTSIN,2
LTSIS,2
ITFYR,2
DTSFP,2
LTTIS,2
HTLQP,2
ANGIN,2
DGMEE,2
HINWR,2
PETVS,2
VTMAS,2
CVTEH,2
WYNMP,2
YTIMQ,2
WLRVP,2
GEPYS,2
CMITP,2
FNTQH,2
TTTLI,2
TTTLD,2
TTSMN,2
RQWTL,2
ESVSP,2
TRFFP,2
NSYLP,2
NTAII,2
QVVTP,2
LEMEE,2
LCKMP,2
WQPIQ,2
HTTIN,2
DNMLE,2
HTTIE,2
RTTQC,2
HTTIP,2
DYIDV,2
DYIDY,2
DYIDE,2
DYIDD,2
ARTVP,2
DYTSH,2
MAHIP,2
INNEP,2
TSYLP,2
NNSID,2
NNIYR,2
ATTLN,2
PFTLA,2
QQQVN,2
PSLWP,2
QTMAY,2
SHTYP,2
LMFVP,2
HCLSL,2
YITYN,2
VTSVL,2
SSTFE,2
HTLIH,2
LSVSY,2
LSVSP,2
HCFMP,2
TAMAY,2
KESIW,2
SKGLA,2
INILS,2
HYSVP,2
NILQI,2
WYTDK,2
PVTVE,2
SSFLQ,2
QADNW,2
HYTTP,2
HMTMN,2
HYTTL,2
KTLIT,2
DDMAY,2
QMITN,2
QDNML,2
SEIQF,2
LSTAP,2
ALLTY,2
KQTIS,2
RAAKR,2
PMPMP,2
ERTFA,2
KQLNM,2
KTKIP,2
NTFVT,2
DPLYH,2
MNTVN,2
TELQT,2
MATVQ,2
MTTCS,2
HSTAR,2
HSTAP,2
HSTAL,2
HEMQE,2
NTLDP,2
FLPPC,2
DPPLL,2
TNTEA,2
TNYET,2
YYTIQ,2
RCNIN,2
WAPIM,2
NNLDN,2
SYLQH,2
TLLQC,2
CATQP,2
RAYSP,2
DFIVE,2
QAIYH,2
FDLDQ,2
WRRMP,2
NTMHN,2
CIYDY,2
SHWVN,2
YTTSN,2
DFLDD,2
SNLIV,2
TAVVP,2
KVTIT,2
NRLTL,2
NPLLP,2
IESLP,2
TKYSC,2
HTIHP,2
IDIAN,2
WLPTP,2
TKNQP,2
PAMIP,2
SSTEN,2
YKTHH,2
ELVQH,2
NRLAA,2
VEMDE,2
VEMDD,2
NTYAL,2
VYQLY,2
TTSIA,2
PMLTN,2
SRTVP,2
ATTHC,2
PDSNT,2
TESYQ,2
NNEVN,2
NNHVI,2
TLLTL,2
RTTYC,2
TLCIN,2
DTFIH,2
YELSP,2
PWTLI,2
LHTMP,2
WTGIP,2
QTITP,2
IATYL,2
KSTLL,2
QLTQL,2
DELDY,2
VHTIC,2
PKPTK,2
YTAQN,2
LNTET,2
ESIRW,2
EISTP,2
QTTHH,2
NQVLH,2
LYSMA,2
LYSMN,2
YETLT,2
CVLTH,2
NQVLT,2
LYSMY,2
DRLTT,2
IHTYN,2
IHTYH,2
VTTIL,2
IDSLF,2
VTTIQ,2
TTLMH,2
IVLEP,2
TTYMT,2
QNTMN,2
TVMPC,2
AEHLP,2
NFTQL,2
DGITT,2
CNTHY,2
PLTIN,2
PLTIL,2
EQSSY,2
RYTMA,2
RVTVN,2
TDYNL,2
HTTHQ,2
TMIHP,2
WISTP,2
LCVQY,2
PDMCT,2
KGYQV,2
TYAYN,2
EQIHT,2
DNLTP,2
THTYM,2
DYVEE,2
FEMVE,2
STPIL,2
STPIN,2
STPIQ,2
ITLIP,2
HSAVT,2
LNNVV,2
SHNVN,2
LTYDT,2
YIHLP,2
DVMVV,2
DVMVD,2
DVMVE,2
SNVVN,2
SRRFL,2
SFLQN,2
QSTNL,2
VVMLE,2
LSMHP,2
YTLIQ,2
DIYTH,2
YRTHM,2
YRTHC,2
TGTME,2
PLTVM,2
YQCHP,2
NHYQP,2
AQMWP,2
HKTHE,2
CIVQK,2
SDYQH,2
YTQQN,2
TTLIT,2
YVISP,2
FAEAI,2
LLTLP,2
PTYQW,2
HYTQL,2
VCTLH,2
KLHYC,2
MKSIW,2
HQISQ,2
EHKNN,2
TQTMQ,2
HSLET,2
YAVDT,2
SDLNT,2
CHTDT,2
QGHHL,2
HHFSL,2
EVWTP,2
VVTLG,2
NITLT,2
HDLED,2
PSQVQ,2
IFTGY,2
LSTSP,2
TNMMP,2
NKPQM,2
VVMED,2
LKLNL,2
QTNQG,2
HLTFQ,2
VVMEV,2
IYTIP,2
YEVEE,2
ISQED,2
LTTAL,2
LTTAP,2
LTTAQ,2
YTMNH,2
QHIHN,2
VTYVP,2
HGRYT,2
DFIDE,2
HTLIP,2
HTLIQ,2
HTLIA,2
QNIQE,2
TTTTP,2
DERVE,2
TNYQL,2
TTTTN,2
TLMIY,2
GTSPL,2
DYILE,2
THPIQ,2
PYLDT,2
WQRTP,2
RTTYH,2
NNTIA,2
LWETN,2
INTIT,2
SGIVE,2
LSNEP,2
INTID,2
NNIQE,2
KQTFY,2
FVTMC,2
FVTMP,2
PQYET,2
PRTCP,2
YHLHD,2
SNTYP,2
RSTEN,2
SNTYE,2
CGLMN,2
SRPIQ,2
SRPIP,2
HKEVP,2
YPMAL,2
WTNTP,2
MDNEP,2
YEHTL,2
GEMEE,2
IHWTP,2
RKLHN,2
VIEWT,2
HGILP,2
SSPIN,2
TKAEP,2
WYTLA,2
VFCMH,2
AYNLP,2
KPPSL,2
SAHIP,2
SVLMC,2
YQEKK,2
HTTVP,2
HTTVC,2
HTTVN,2
HTTVI,2
HTTVH,2
LETEA,2
HQTHL,2
MTTKA,2
CTTLS,2
DVSQL,2
CTTLV,2
VYHEP,2
QYIHP,2
NLNIN,2
YSLSQ,2
NTVAY,2
YSLSL,2
HNVPV,2
PTLFT,2
HITHA,2
TYMRP,2
HDPFG,2
DVRVE,2
YHTEH,2
YNNVD,2
HTKIQ,2
STLLQ,2
STLLV,2
MTYPC,2
STLLT,2
NTLLT,2
AIKYP,2
QHTHM,2
QHTHN,2
NILDF,2
QLLQQ,2
PELVC,2
IQTVS,2
PEYHQ,2
LVTTM,2
HGTYY,2
DTLQI,2
YHHHD,2
TTYDE,2
AMFTP,2
PPSIM,2
PRQIR,2
LNLET,2
LFTPP,2
SIIKP,2
RSLVT,2
FDMVE,2
YITIP,2
NQRFA,2
HKQIT,2
DEFDE,2
HIMHD,2
YSLHT,2
LEHLQ,2
VNVIG,2
YVDVT,2
LASHL,2
VYAIT,2
AIRVS,2
AIRVP,2
PRLTM,2
WIIQT,2
NTYYQ,2
NTYYP,2
PYRAN,2
QQMLL,2
DTLNT,2
YERDE,2
WRHQL,2
HQNHP,2
STAIT,2
STAIP,2
HDLEE,2
TLYTL,2
TWEAQ,2
DQTAI,2
ATIQA,2
KQLLH,2
SALLQ,2
SKVPC,2
YQHHY,2
KVTTT,2
PHHVP,2
AKTLL,2
LYTMS,2
YDLIG,2
LYTMT,2
ISITN,2
NKLTN,2
NKLTK,2
HDYHQ,2
QSVSL,2
PSRAN,2
YDTTC,2
DQMVE,2
QSLLT,2
QSLLS,2
CWSIP,2
NTLVN,2
MHTQC,2
MTHPC,2
HQLAT,2
HHIHT,2
LPILC,2
YTPEL,2
NYITP,2
FTQEE,2
FSFDQ,2
YGSVN,2
YGSVI,2
MDITN,2
YYQRI,2
YNTFT,2
VQFID,2
WQTVH,2
HQLQN,2
PYTHP,2
STHIC,2
KTTVT,2
STHIP,2
PSTVL,2
LYTHP,2
DTIHH,2
QFYAP,2
YVPIP,2
PTGIY,2
TYRLP,2
WYINQ,2
PRTLL,2
ISLHP,2
QQETL,2
QTQCD,2
CAFIK,2
ATNMP,2
WTMQS,2
IRLAP,2
SHDLN,2
NCTFP,2
QSITL,2
PIALP,2
LNTVT,2
ITLSQ,2
NGMIT,2
CVSVR,2
YNTHL,2
YSSLC,2
DYITD,2
YENSN,2
NQSIN,2
DEMQV,2
HTVEQ,2
ESPCS,2
WKTSP,2
AESVQ,2
CTLLN,2
VEIDD,2
HHNIP,2
PNTFN,2
HITHY,2
TDYYS,2
PTYIT,2
PTTVN,2
HSMAL,2
KTSEL,2
YSQDF,2
HHTLV,2
TQTEP,2
MATQP,2
NNDMQ,2
PTREL,2
ITIQS,2
DVMED,2
DVMEL,2
TDTLY,2
DVMEV,2
DVMEY,2
LYYLP,2
PEIQT,2
YCIMR,2
PVLSN,2
NKPIK,2
YYTDA,2
LSKIC,2
SAPNP,2
LTTYY,2
DFLMP,2
QLIHP,2
MQTYP,2
DQNSH,2
YQTMS,2
CIEVA,2
WSAIP,2
HTLAN,2
HTLAA,2
HTLAS,2
LTHTP,2
QNIIT,2
QNIIP,2
YVILE,2
YFQIP,2
TGTIM,2
TSTQP,2
VYMQE,2
AITLP,2
YQTTL,2
NSMET,2
TYTIQ,2
YQTTE,2
QHLSY,2
DVEIT,2
YEILE,2
EHNIP,2
YSYLT,2
CTLHP,2
FATEE,2
WCSVR,2
NASIA,2
NASIE,2
TNISP,2
GYMVT,2
VDIEE,2
CAVEY,2
CSIMP,2
ITHHQ,2
YEYIT,2
GHTHI,2
SATLH,2
QSTMP,2
DDMKE,2
DDMKD,2
NMHVP,2
RSTML,2
ASIQI,2
PDTLC,2
SLVMP,2
LALIT,2
RHLHA,2
SHTIT,2
YALYP,2
NENQL,2
IHWIP,2
THIAP,2
CATYA,2
CTHIN,2
YEIVD,2
YEIVE,2
YTHTL,2
VTSFP,2
YTHTH,2
YTHTP,2
QSAMQ,2
TTDVN,2
TTDVP,2
HTWEI,2
DDSDD,2
DDSDE,2
VLMEE,2
MTTSP,2
MTTSM,2
PSRIP,2
YQVQH,2
LDRIP,2
DVIVE,2
FTTLS,2
FTTLQ,2
PRTTL,2
NTVIA,2
ATAQM,2
NTVIP,2
NQNSP,2
TEQEL,2
YYSVT,2
STLTY,2
NNIDL,2
STLTP,2
PHTHL,2
STLTK,2
QCDIM,2
STLTN,2
STLTL,2
PYPWP,2
FELEE,2
NTLTP,2
NTLTY,2
QTGLS,2
IGTTP,2
TLLAP,2
EYMEE,2
PQFLP,2
TLLAE,2
FDLTN,2
QKTWP,2
NNLTP,2
SSTSL,2
TSLAN,2
NYNEN,2
QTLHS,2
LRTMA,2
LSNSN,2
QATFM,2
PAIAP,2
HSLDP,2
GNPML,2
WQITH,2
LQLRP,2
TFTLM,2
HTNVI,2
DDMLY,2
GTYVA,2
DDMLD,2
DDMLE,2
PIPMP,2
PIPML,2
FTTQN,2
FTTQH,2
FTTQI,2
SLSIA,2
HETMS,2
HETMT,2
YVTLA,2
HSTLP,2
HSTLA,2
YTTKM,2
LLTQP,2
SVAML,2
RRHVP,2
NSQSN,2
YTFRP,2
LDLLH,2
DANVA,2
GGLTN,2
GKLVP,2
LATLA,2
LVIVP,2
HSITP,2
ASFRS,2
VVHFP,2
KITLA,2
QKAWN,2
LRTEP,2
NTYQC,2
EDTLL,2
YDSDE,2
SYLNT,2
THCVL,2
DKTIF,2
LASLL,2
DATAL,2
CSTLD,2
YMTQN,2
LYTET,2
GYMQN,2
LSTFN,2
YAIHI,2
EPLHL,2
PDLHH,2
HTICK,2
INWLQ,2
WRLHP,2
NHVNW,2
SSLTQ,2
QSLTL,2
SASIQ,2
SASIP,2
QPTIQ,2
SVQIP,2
ESTEN,2
SVQIT,2
GAMVS,2
VHSAC,2
STIQL,2
ILALP,2
TIPRT,2
TIPRN,2
VDMQD,2
DNPIP,2
STHAL,2
MSFVT,2
NANCP,2
YSTRT,2
YSTRC,2
MSTIY,2
RQLMT,2
IETTM,2
YATHH,2
YATHP,2
YDSYD,2
WTTVP,2
VAHHS,2
GKPIL,2
TNLTF,2
YHSVN,2
ASLYP,2
PSSVS,2
PSSVR,2
TLSIE,2
HDMVD,2
NHNHL,2
KSIVT,2
ETPWP,2
YETQL,2
HQMQN,2
LMTTK,2
PITNP,2
TISVQ,2
DEMHE,2
HSTTP,2
LNTNQ,2
TFNVP,2
QRRLN,2
HAIIT,2
LQHIN,2
ISIQS,2
TTMTP,2
TVQTC,2
WSTDI,2
NSLQN,2
SRTEL,2
QWNIN,2
KTTEA,2
NTIHA,2
HFYHC,2
HHKIH,2
ATYLP,2
HFTHP,2
RMTWP,2
RMTWS,2
HTIIN,2
QQYLL,2
YKYIS,2
PQVQL,2
DNIND,2
LEYTQ,2
SYPQP,2
HDMIT,2
MIIQE,2
DKIEE,2
SYERT,2
PQVFP,2
ATATP,2
NATIA,2
SELLN,2
YVMEV,2
FYSYT,2
TTTHH,2
CHTTE,2
PFPIQ,2
LYPVT,2
INHNI,2
SELLP,2
MSAVL,2
PRSKP,2
QTQLL,2
DFMDE,2
FEITY,2
NEIIT,2
NHRIT,2
VSTHP,2
YTLRS,2
SSDHM,2
PYSMP,2
NDPVN,2
AELSM,2
TSAVH,2
CTYIS,2
LTTQP,2
LTTQY,2
YRTWT,2
HTVVT,2
LTTQA,2
LTTQN,2
SILNL,2
SILNQ,2
NSRIP,2
YYMDY,2
QHISP,2
YYMDD,2
YYMDE,2
THTHP,2
MITVT,2
THTHI,2
RTTIN,2
RTTIA,2
RTTID,2
RTTIG,2
PTTCA,2
FTSLQ,2
GQLSP,2
STTYK,2
PKTLN,2
YHVQH,2
PKTLA,2
YAVIG,2
YNVQH,2
VVTQP,2
CHPIP,2
YCFHP,2
TSYHQ,2
HCTHA,2
TNTLL,2
VKHEL,2
YALLT,2
WNLLN,2
INTYW,2
YFLNT,2
CDIFA,2
LNYSD,2
YEFEE,2
SSSIL,2
LSCIP,2
FITSL,2
ANPST,2
DILDT,2
LTTNM,2
QTTRL,2
DHMHD,2
DHMHW,2
CLTMI,2
MTRAF,2
FTYTP,2
LYTDN,2
YTHLQ,2
PMPIY,2
KQTQL,2
HSQLL,2
PSFYL,2
TTTAL,2
TTTAC,2
TTTAS,2
TTTAP,2
TTTAQ,2
QCLQN,2
PLFWN,2
QCLQE,2
QCLQP,2
MTMAY,2
TYTRT,2
LCKNP,2
MKPTP,2
DDIKD,2
PFTIP,2
QAPIP,2
RLLPC,2
NTVQN,2
DNNIC,2
ATFQN,2
IGVEP,2
PTLVQ,2
TEPIQ,2
LTKIN,2
WTYKA,2
GIQVP,2
NHTFL,2
KETNL,2
SKIKN,2
YHYKP,2
HTLTP,2
QGNIN,2
LFHYV,2
IASIP,2
HGTIT,2
GALQK,2
YHIVS,2
LSSMP,2
EDMVE,2
YDIED,2
YDIEE,2
PHAHP,2
YEIEE,2
YEIEV,2
LQSVT,2
YGTYP,2
FSTQT,2
DNIQD,2
DDMDV,2
PTPVH,2
DDMDD,2
DDMDE,2
SEITP,2
TITTP,2
HITGK,2
EMELT,2
HETEN,2
VEREE,2
EMALP,2
PMMVP,2
PSPVV,2
LRHLA,2
PMTAC,2
NCLQL,2
RFNIQ,2
LATSL,2
LDLTQ,2
DYTTQ,2
DYTTT,2
TQLIE,2
RYLLT,2
TYPHH,2
MALLT,2
LVTAP,2
QQTHH,2
QQTHA,2
YVTSK,2
YNNIN,2
WHLQP,2
QTILE,2
QTILT,2
QTILS,2
LSLVT,2
PDSVP,2
AKPSH,2
ETSIV,2
TSGLT,2
DRTTL,2
QYVLN,2
VFSTL,2
TKMHH,2
KYTIT,2
VHMSL,2
TIQQC,2
ISYQN,2
ETLTN,2
HTEIT,2
ESTMY,2
RETTP,2
MSMHT,2
HVISD,2
TGYQL,2
HYLSH,2
QVIQP,2
NLEEN,2
NLQQC,2
QSLLP,2
MTPEL,2
EYPLP,2
NAFVN,2
HTTLP,2
STHYE,2
IIVNT,2
QTMVN,2
GLSHL,2
GSRIL,2
ELTTP,2
HTTLN,2
TQRIT,2
DARIP,2
MVLHT,2
QSHFL,2
ECTQK,2
CNMIR,2
QHHVS,2
VELEE,2
HNPAT,2
SRTYA,2
VELEV,2
YVLEE,2
HPLSL,2
NCTVF,2
IVTMN,2
NQTIS,2
ARTSL,2
HLRIP,2
QEAIT,2
TTLES,2
TLTAY,2
LSTQC,2
LSTQN,2
IIEQP,2
WTRLT,2
YEMVD,2
YEMVE,2
QSFSN,2
PILSE,2
YEMVV,2
HGCGQ,2
SSQVQ,2
TTLRN,2
NMLQN,2
TTLRQ,2
RNPTH,2
NYKIS,2
DNLQH,2
DQLLT,2
YKTLQ,2
IIHIT,2
KTTME,2
KTTMD,2
NSCIN,2
TTYHP,2
YNTHI,2
IMYTL,2
LHRHD,2
TNLIT,2
LESIV,2
DCTYN,2
QHHIP,2
QEELP,2
DVLQD,2
KAKKK,2
LSVFC,2
ASTHP,2
MNVYT,2
TDYIG,2
NIPMP,2
IYSTN,2
NILQQ,2
SNVTL,2
DIVGA,2
WRTNT,2
RSITN,2
LMTKP,2
DQIEV,2
TVAVK,2
DQIEN,2
NDIYP,2
YYHMS,2
LYIAP,2
RSTIP,2
RNPIP,2
HTSEP,2
RSTIR,2
KKLQE,2
YWNSP,2
RTTQH,2
QTNIY,2
QTNIQ,2
SNDMI,2
HDIKD,2
SITAL,2
TRIIP,2
PSTEP,2
RTTQN,2
CTIVP,2
YQNIT,2
GYIHM,2
FTSTL,2
TQTHF,2
TQTHD,2
LDTET,2
DYSYN,2
PTNNN,2
PLLHP,2
STTRE,2
PTSIH,2
STTRQ,2
FYMDD,2
KPKTT,2
DCTVS,2
PQTIQ,2
PQTIP,2
DTQIQ,2
PQTIT,2
PKTDK,2
YIYAT,2
PYTHK,2
SILDL,2
PSRIN,2
IAEIP,2
NIHYA,2
TVMAL,2
KENHG,2
TSTMA,2
EHILT,2
TSTMN,2
HTLVP,2
MSIHP,2
LTTFT,2
LTTFH,2
VHTWE,2
TEEIT,2
CYTET,2
HTMHP,2
SILSL,2
NMTIT,2
INSIE,2
VTAIC,2
VTEIH,2
LETHR,2
ANLQP,2
CMIHL,2
SQLQF,2
HMTYA,2
FMHLP,2
QTPVM,2
DERQE,2
TTTIK,2
TTTIM,2
TTTIP,2
TTTIY,2
SSPML,2
ETHSP,2
PYQIP,2
NIHYP,2
NTALL,2
HNHEI,2
DVIFD,2
HDIVD,2
IQWQN,2
LCTSL,2
HVEEP,2
DLYTL,2
CPTMT,2
ALLAQ,2
SFYAN,2
NNITP,2
IHTSP,2
NNITL,2
DTHHP,2
YDWRM,2
TATMN,2
TYRLS,2
VSYIP,2
SKTVT,2
TENTL,2
HSTLN,2
QTLQV,2
QNSEL,2
DDLAE,2
LSELQ,2
KSSVQ,2
QINVN,2
YTRIS,2
THVQP,2
QTTVL,2
SFVWN,2
IEFNN,2
KTLLH,2
QNLHH,2
HQNIL,2
PSLLQ,2
NYELN,2
PMTYR,2
SLYVP,2
TQYIS,2
PAIHP,2
INWTP,2
HNFHT,2
HTAQL,2
VTITK,2
STLKP,2
FELHQ,2
TWVMT,2
LTAVN,2
YCKYE,2
LTAVP,2
LTAVQ,2
TQLQT,2
ITTVA,2
DHIEE,2
PITIP,2
PSTMN,2
MDTYE,2
NRPTV,2
IHLVA,2
YVMQT,2
NNLIN,2
LETAV,2
HAHIM,2
HDYTP,2
YHHKQ,2
YHHKL,2
QAITL,2
DTLVQ,2
MNTHP,2
HTPIT,2
HTPIH,2
DNIDD,2
LKTHH,2
HNVEY,2
SAYLN,2
QYTVT,2
MAYHL,2
GMTVA,2
RFPIE,2
IAKIP,2
SSTEQ,2
RTRVH,2
FHRLP,2
SSTED,2
TTSLL,2
YTKYD,2
ILQIP,2
ILQIQ,2
TQTHK,2
ADTHQ,2
KTQIQ,2
LLWMP,2
DAHLC,2
RCTIH,2
HVTME,2
YSMIY,2
YTEYY,2
VEMYE,2
LDIDD,2
TTQIE,2
YVLDD,2
CRQIP,2
CSRLP,2
PRLYP,2
TYCDT,2
HNPIP,2
RWYVT,2
NKVMP,2
AYKAH,2
YDLDE,2
QITVT,2
EEMDD,2
TAIQN,2
LTEHQ,2
ATMIA,2
PITVS,2
MMTYF,2
WQQLQ,2
PTAVT,2
ITYVT,2
TYSIA,2
WSLLP,2
KSTIF,2
TSYTL,2
KSTIS,2
YTVTP,2
DFIND,2
QDLYP,2
LTVEA,2
SACIP,2
QSVLA,2
HKLRP,2
HTNEL,2
DQIRI,2
TSQLL,2
AETML,2
TSQLP,2
LEIKP,2
CTFQM,2
THVTP,2
LEKIM,2
DDRDE,2
DDRDD,2
KTMCH,2
DDRDV,2
YNTET,2
SMLQQ,2
YYHNC,2
TQIHC,2
YVPLL,2
PTQAL,2
HSMYW,2
PLTNY,2
HHTTL,2
RMSFL,2
ATTVN,2
NLIKQ,2
AGLYE,2
FYSIT,2
LILLP,2
DVLYE,2
STPTK,2
WTTLS,2
CYLKT,2
TDLWN,2
ITLNP,2
ITLNT,2
YAMYP,2
AYRWL,2
PQYMP,2
DEVED,2
QAIDL,2
CATLL,2
AKEIP,2
LNPHQ,2
QYPEA,2
YTKSP,2
SESVA,2
QVLHP,2
TGTHL,2
RETCN,2
HNSIL,2
QANEP,2
DIYYT,2
PMLMT,2
DEREV,2
VATCL,2
NQHWM,2
YVITT,2
PTYLA,2
YTVTL,2
ATVQP,2
QHLKP,2
NTTEN,2
NVIRQ,2
NTDNQ,2
PTTSL,2
DEMVE,2
DEMVD,2
DEMNE,2
TSHVH,2
TMLIL,2
RQTEH,2
HNMTL,2
GSNIL,2
NSAHL,2
SLTMP,2
PQTQQ,2
HPYKT,2
NIITN,2
TKSEP,2
CHTCY,2
SYGIL,2
ETTAH,2
DQHLQ,2
IHWMP,2
TSACR,2
TSTEP,2
QATIN,2
TIMPC,2
YTEIG,2
YQTNV,2
YQTNP,2
TGLVA,2
QVIHT,2
MTIPC,2
QWKNS,2
PLPIP,2
TTTQY,2
HYIEE,2
TTTQQ,2
TTTQL,2
TTTQA,2
LLWQT,2
TVTQP,2
TCTIA,2
DFIDD,2
KTITL,2
DYIQD,2
DYIQE,2
THPVN,2
QAIMP,2
NAIKH,2
PQILP,2
VLSDN,2
PTTVS,2
DLKQL,2
ATSIN,2
LYINQ,2
ATSIP,2
ATSIQ,2
SYTTP,2
SYTTN,2
YNLMT,2
STIKL,2
NNTNH,2
HCLFT,2
PDTIN,2
PTLAP,2
YSITH,2
EPTQL,2
HLIPH,2
MYTEN,2
IRIHT,2
HDCHN,2
TKTFP,2
QTTES,2
RSTHH,2
SRPLM,2
GQWKL,2
IFTVS,2
ANYVS,2
DTYIL,2
YTHWP,2
THMIP,2
PCTVQ,2
LHTAC,2
DNTVA,2
HKMKL,2
TFTIS,2
LYAMP,2
GSQCP,2
EWSEH,2
QTTFN,2
NGTIE,2
PTIMH,2
PTIMP,2
HNLAP,2
CTMTL,2
DHLDD,2
TSLNL,2
PSLES,2
PSLEQ,2
LINVN,2
QENHL,2
MTTVK,2
TFTTN,2
YVTAN,2
TFTTQ,2
PEFIA,2
STLSY,2
TYVTC,2
QPPLL,2
LTWQH,2
TLLFN,2
LSYTL,2
LSYTP,2
DTRIN,2
NNLQL,2
LYAEN,2
QLLTQ,2
LVTQV,2
SSTTY,2
FYTHP,2
GETQL,2
AYELP,2
HYTFT,2
YEIHE,2
LSRLP,2
SSLLQ,2
TNFVA,2
IDLQP,2
KMDSH,2
CHTLA,2
WKHDP,2
QVIAP,2
TITKN,2
FSTLT,2
AQYEQ,2
AKPIP,2
YHTSP,2
YSSHP,2
LTPHN,2
DELYE,2
HETHS,2
TNVLD,2
HSIQW,2
ASVTP,2
LATAP,2
VEMQD,2
DKRVQ,2
LIALP,2
DVMEE,2
LMTVA,2
HILAQ,2
ASVTL,2
DSTHP,2
NTYTL,2
RTMYW,2
PDYHP,2
QSRIP,2
YNALD,2
QVSII,2
QPDSN,2
CQMIN,2
DYLED,2
HNTHN,2
QTIYT,2
WTTNP,2
HNLHD,2
DTTHT,2
NHLKP,2
KSTQL,2
HLWEP,2
NTSIA,2
QLTLN,2
QSLIT,2
LSTAI,2
YTITQ,2
VTYIA,2
TLTQC,2
HHCIN,2
QSVTP,2
YNEVQ,2
DELDD,2
DELDE,2
DELDV,2
THVLP,2
PVIMT,2
TFITN,2
YSTWN,2
MTRMQ,2
MAIMQ,2
PRLIP,2
DYMDE,2
DYMDL,2
MLALP,2
STQVS,2
TSTQL,2
EQTML,2
STTQK,2
VVMEE,2
HPFTA,2
TSTQV,2
CKWHD,2
QITKP,2
YQFTF,2
STSNS,2
RHLQP,2
HDMQE,2
HDMQD,2
MYTAQ,2
TSVQL,2
LNTSP,2
NEIQN,2
PPPLL,2
SSWQL,2
QEHIT,2
DEMGE,2
HTNVP,2
LGYHL,2
TSDVN,2
NSLTL,2
RSLSY,2
PITMT,2
VDSTP,2
PITMC,2
PDLMT,2
HATIF,2
CTITY,2
TLYVT,2
PCDEE,2
TTMWQ,2
AHNHP,2
VTHEH,2
HAINC,2
FNYYP,2
YLIDA,2
ETTHT,2
ETTHH,2
STNIQ,2
VEIDE,2
MTVSN,2
HHTIT,2
DDLLE,2
DDLLD,2
YYNMS,2
YLCVE,2
NATLL,2
CKLAM,2
ALTLP,2
HSAHT,2
IHSIN,2
YSDIL,2
HSWQN,2
PYHEI,2
LSSVP,2
DLMEE,2
DLMED,2
ATAYP,2
DLMEY,2
NVTAL,2
FYMTN,2
SYTAY,2
YGQRI,2
TCNML,2
RNIMA,2
IKILN,2
AIFVT,2
LSPVP,2
NPSTN,2
YVNTP,2
RHPSN,2
CRMIA,2
HLMVS,2
LYHHP,2
SHIQT,2
STTQC,2
NSHIP,2
HMIMT,2
DDIHE,2
IHSIP,2
QSLQP,2
VHIEE,2
LTTVA,2
CLLVH,2
HTLFP,2
QSLQL,2
NFWYH,2
RQSIL,2
SLLQP,2
WYNVP,2
LPVQL,2
PHMVT,2
PHMVS,2
VTFHN,2
SLLTN,2
SLLTP,2
VTFHP,2
AKTQI,2
TTTYA,2
QFVQN,2
SVVKP,2
TTTYL,2
DYSVD,2
STTYN,2
HLTHQ,2
FEPIF,2
TCTAL,2
HSTYP,2
MTNVI,2
CYIRY,2
PTCIH,2
YTQFA,2
KILTP,2
DYIYV,2
STSYM,2
DYIYE,2
HCTKL,2
DKLTA,2
SYTLT,2
SYTLA,2
HSEVQ,2
VQTHT,2
PSLKL,2
VILEQ,2
ASITN,2
RNSVQ,2
SLIIG,2
QSSHM,2
QTTMN,2
VELVD,2
QTTMH,2
QTTMQ,2
HRTHA,2
QMRTC,2
NQTIT,2
SATIT,2
PKQIT,2
SSIQP,2
QSNPA,2
NQLLP,2
ANIEP,2
TVSVL,2
SSSLP,2
TTTFN,2
PHDMG,2
GTQIP,2
IEFSA,2
SSFQP,2
SEQIS,2
ETCTL,2
SAHVP,2
MRLSP,2
TPQIP,2
YTMIQ,2
TTNIE,2
TTNIN,2
LCATP,2
YNVYP,2
TYTQI,2
NSKEP,2
VDILD,2
PDINL,2
MYTQH,2
DLLFS,2
NRLYP,2
PRTQE,2
PRTQL,2
PDMQQ,2
REKHY,2
QHWVT,2
CRKVP,2
KHILH,2
CSLMK,2
WATMA,2
KRSIN,2
SATVL,2
QITQP,2
TDRVP,2
DIIEE,2
SHRIH,2
SSTLN,2
NNLYN,2
TKTQN,2
LVTYK,2
LVTYL,2
LCTVT,2
DTVTS,2
DTYTN,2
DTIAA,2
QRIHH,2
AYVTM,2
QTIWP,2
LQTTN,2
DLAIN,2
EWIVQ,2
YTTFT,2
CTNIL,2
QYTFP,2
ECATL,2
THYLP,2
LNLAL,2
PTTMN,2
FSTTY,2
FSTTL,2
HSIIT,2
HSIIS,2
KSQSN,2
HELRT,2
KFATH,2
NRAML,2
EINIT,2
YHTSL,2
WAYST,2
LWTMQ,2
LATIY,2
HPLIP,2
DYTSD,2
TQLDP,2
DYTSN,2
IQNIP,2
VVTYM,2
AVMET,2
SYLKT,2
SYLKV,2
KHTMI,2
RCTYL,2
RDYET,2
LSLQP,2
FRTMQ,2
YELDE,2
QIMQN,2
MYTID,2
ISIQT,2
QTIAL,2
QTIAA,2
SSHIV,2
SSLQP,2
SSLQA,2
LSTIQ,2
SSLQN,2
HTYYP,2
LQSVH,2
QSLQN,2
YEMNN,2
DRTQI,2
ETLSQ,2
NSQIP,2
TSCVI,2
HDEYL,2
ETFMT,2
VYLED,2
DELLD,2
DELLE,2
QMPLL,2
TTCVT,2
DEIQV,2
CHNHY,2
AGAAP,2
SQTEI,2
TQRLL,2
QLTVI,2
YSNVE,2
WVLAQ,2
QQTVD,2
TETQQ,2
QQTVT,2
QQTVQ,2
SLTYL,2
STLTC,2
IRLTR,2
HMGIN,2
NQVIE,2
HVISL,2
HQNVQ,2
TWTVH,2
LHTLH,2
DGTVQ,2
LTLCP,2
DQMDE,2
RSILH,2
PILVS,2
RSTMQ,2
AELDE,2
MSQQP,2
LNFSL,2
MYYTY,2
PETMV,2
YIHQP,2
WKLSC,2
TTYYY,2
PNIIN,2
DDSVE,2
ADMEE,2
CSTMS,2
QTVRI,2
ELTAF,2
CLIDK,2
QWYHP,2
YKTQV,2
QAVHC,2
PNNIQ,2
NSHIH,2
DELAD,2
KSIMP,2
NQPTP,2
YLILD,2
MTAHP,2
TNTIM,2
LHTYY,2
QAHCQ,2
LQAHP,2
LQTNL,2
YYNET,2
TTAVQ,2
DETTH,2
YSAVI,2
PSSLL,2
PMYMQ,2
DDLDE,2
DDLDD,2
DDLDY,2
HTFMP,2
DDLDV,2
PEKPN,2
YYTYS,2
NSITV,2
HHTAD,2
HHTAM,2
NSITL,2
LHTQE,2
LHTQM,2
EAKTP,2
LHTQP,2
QRSTD,2
NVTIT,2
NVTIP,2
QDRIN,2
DKPIT,2
HQSIT,2
ASTMW,2
ADPIQ,2
FEIQL,2
SDQWL,2
YHSNC,2
LTTYC,2
HPINC,2
HQYSL,2
QHAIQ,2
RNMTL,2
DTQQL,2
SVVHP,2
MHHFP,2
IYIAP,2
NPTIN,2
QTQIP,2
SITFQ,2
GTYYN,2
RETIQ,2
PVSIT,2
YEWDE,2
NYMTN,2
DESEV,2
DESEE,2
NLLFP,2
TTAIL,2
YQMIN,2
TRALL,2
FSQEE,2
TRHPC,2
PTSLP,2
DEMKV,2
DEMKD,2
NCRIN,2
VLTLT,2
GTTVI,2
EMHYN,2
LDAML,2
STTQY,2
STTQP,2
STTQM,2
STTQH,2
NTMMA,2
CSRVK,2
PYLSA,2
YSNLA,2
ASDIY,2
LYLQP,2
YNMIN,2
TNTIN,2
KMTQA,2
PQTLP,2
PQTLQ,2
TLAVP,2
TNTIT,2
TYSHP,2
ITVNC,2
ITVNE,2
RHTYY,2
AIEEP,2
QHIRP,2
DIVVS,2
LTTKW,2
LTTKL,2
RPTIP,2
DHDIE,2
LYNMA,2
PYTMT,2
NLISP,2
LLLTH,2
YLLED,2
HTFDP,2
WLRTP,2
TSTHN,2
YATLD,2
TSTHP,2
DLEYN,2
ENYLP,2
ASAIN,2
LSITL,2
HTFIT,2
PNQNN,2
YGLAP,2
CYNED,2
MSRTR,2
ATMLN,2
DYLYV,2
HTTKM,2
KTIIA,2
QSVAP,2
GSPIV,2
FSNFP,2
LCTND,2
CTTSY,2
AGHIP,2
TYSYL,2
QTTCP,2
DDSDY,2
WNTWP,2
DVIEV,2
DVIED,2
GHQIS,2
HPDKT,2
HNQIN,2
TATHP,2
TYCLP,2
DFIEE,2
TKTYY,2
INIRP,2
TKTYA,2
DTILT,2
LPMEP,2
VANIQ,2
YNITC,2
VSYNP,2
PNYVS,2
MSSEP,2
STVPC,2
SIQIT,2
SHCVK,2
MTTAL,2
DYNEM,2
LITRP,2
VLLTP,2
HSIAP,2
QQLMP,2
SVTVH,2
EHTHD,2
MQAQL,2
DTTTP,2
ITTQI,2
KATIV,2
ITTQE,2
LDLQN,2
ASLMT,2
LSLIS,2
LSLIP,2
LSLIT,2
YHNTN,2
QLFTN,2
DFLQT,2
RTTVN,2
VDMEE,2
VDMED,2
VDMEV,2
MTTFK,2
MCKTM,2
HTWMA,2
CEYHY,2
DVIVD,2
SNPIE,2
RILQN,2
SYLST,2
LATQP,2
QTIIT,2
TEMII,2
YTTQS,2
SALYP,2
YTTQT,2
WSLTQ,2
HTYAP,2
FKIYT,2
MQNIP,2
PNTQL,2
ACLTQ,2
HGYIS,2
SDTRL,2
ATISQ,2
HAIQL,2
DDNVH,2
SVTIP,2
LLKQC,2
ESTRP,2
SNIVL,2
LATTN,2
EHWVG,2
QYIIN,2
MTQLT,2
NLQTM,2
DVMYV,2
HTTEW,2
VYPPL,2
SCTAP,2
NAYTA,2
YDIQD,2
QSIQC,2
SRTTP,2
QTIVF,2
WWLQP,2
LSTTN,2
ECDIN,2
ADMDE,2
NHLTH,2
DTTEN,2
YATFR,2
ESITF,2
QSVIT,2
SHNIL,2
MNIYP,2
YKTIS,2
YKTIC,2
YYTLT,2
PAYLQ,2
GVITH,2
TTMGL,2
TTMGN,2
PHFTL,2
TTYSL,2
TTPIL,2
LELTQ,2
THQHN,2
NLTCY,2
EEWTT,2
PTVLS,2
QTTMC,2
KCTLL,2
KCTLE,2
STNAL,2
LQTVP,2
MSFDY,2
NAYIA,2
HTFYP,2
YVIDD,2
TDLTD,2
RFTQQ,2
STNAT,2
LHTYP,2
LHTYL,2
LSQHP,2
HILHT,2
PWPIP,2
HDMDE,2
ASTEN,2
FLENC,2
HDMDV,2
HYKTQ,2
RSIYR,2
TYWVT,2
PCMVT,2
ELTTQ,2
HAYTP,2
SAIHP,2
KYKDT,2
HTVAP,2
LMTFT,2
HQILA,2
VATLL,2
SIHII,2
HTAIQ,2
STLMH,2
HQILQ,2
NVTIE,2
STLMP,2
YFTAT,2
HKTVS,2
DKPIP,2
PVPQL,2
IISQP,2
CTSKV,2
STMAT,2
GFTLQ,2
STTIT,2
DEMSD,2
VEIQE,2
STSIP,2
STSIH,2
YLNPC,2
KTYMI,2
PLPQE,2
NNMMP,2
CLIVT,2
ESMRT,2
TMLLN,2
TMMMA,2
NQNKK,2
NNIMN,2
CVIRQ,2
CVIYK,2
EDVHH,2
TNTQY,2
TMITL,2
YDMDD,2
LTTCS,2
YDMDV,2
PINIW,2
CELYK,2
LLLLP,2
YYMVE,2
LEPIL,2
SHHHL,2
HTQEL,2
LNPTT,2
HTLKP,2
PTIQP,2
QTLHP,2
TTTVS,2
DDIEE,2
DDIED,2
DDIEV,2
YTLAD,2
TTTVD,2
TTTVH,2
DDIEY,2
QTVIE,2
PHMAH,2
DEIEV,2
EEMVE,2
DEIEL,2
DEIED,2
DEIEE,2
KALHL,2
RMLSL,2
PMQVT,2
YRLMS,2
TNHYL,2
DYLQD,2
SQLNL,2
SQYLH,2
LCTVP,2
TYTAA,2
SQYLQ,2
SYTYT,2
QQRIP,2
NAHNN,2
RDSGA,2
TYKLP,2
ANWQP,2
TYSAP,2
PRTAP,2
KTQIC,2
LIQNE,2
TSIYA,2
CDYYQ,2
TYTQS,2
QGPVP,2
QGSII,2
NLLHP,2
PELMT,2
RITNT,2
TCLLN,2
QQHSP,2
GGVRL,2
TCYTP,2
HTQQL,2
TMTIT,2
QLLLQ,2
YPAEL,2
QQLQN,2
ISTID,2
ISTIS,2
TLIIP,2
TLIIT,2
DHTEL,2
DTHMP,2
WKMTP,2
YYIYV,2
TTINE,2
PKVIN,2
SDKIN,2
TLVMP,2
LTELT,2
QTLSL,2
PHTWP,2
EGPTP,2
PCTII,2
QVTEI,2
QVTEH,2
STYHV,2
MSISN,2
YYTKS,2
DYSED,2
PTLHP,2
HSTIQ,2
PFMQQ,2
PTQCP,2
SWHEP,2
GPPIP,2
STLDF,2
QTYYQ,2
STLNE,2
VNPIY,2
NTLRH,2
DEYRQ,2
QMLHP,2
TMTTN,2
SSTYD,2
LSLAP,2
NDQIT,2
TCVIH,2
HNGAA,2
LRYQP,2
LTAYA,2
DGPTL,2
TITLN,2
ASTEV,2
HTLLC,2
HNLLQ,2
HTPEP,2
LTIQN,2
MNDRN,2
LTIQA,2
LTIQP,2
SALQP,2
SALQC,2
YTTIE,2
YTTID,2
TRVQP,2
MVSSP,2
HAEYP,2
HSTLS,2
HSTLL,2
KTTIP,2
VKSIN,2
HYTSP,2
CKTIE,2
TTHYL,2
CYLTT,2
DESED,2
WDTQM,2
YSYTN,2
HITQA,2
YYMKD,2
ITTLP,2
ITTLQ,2
DEPVT,2
ITTLL,2
QYLKT,2
QYLKN,2
AQVIT,2
HYIQD,2
QQTIP,2
RTMTL,2
QQTFT,2
PTHVP,2
PQAHL,2
TEIVT,2
DEFED,2
YTVKP,2
PETRL,2
CSNVQ,2
HTYTL,2
HTYTC,2
KYNVP,2
HVTHS,2
VNTLA,2
YHMVS,2
YEWLS,2
QMPQP,2
HVMDT,2
TLTVV,2
DTTML,2
YEMEV,2
QSLNP,2
LMITM,2
YEMEE,2
YEMED,2
TSYQQ,2
HYMAS,2
YKITP,2
MHTWY,2
ITLMP,2
AHTFC,2
PVLWE,2
PVIHT,2
QKLDC,2
VLYYN,2
YTIYA,2
QMPYH,2
EHPEP,2
PIILQ,2
WSTYP,2
QYLTN,2
TSQII,2
NTCIM,2
THQPP,2
IQTID,2
YNTHH,2
GNRVY,2
YNTHF,2
DFAWQ,2
LTSIL,2
LIPQP,2
ATTYV,2
STYYK,2
LTTIY,2
LPVIP,2
LDYQV,2
WWEHP,2
DLIVN,2
LHTAV,2
LHTAP,2
LHTAQ,2
ITYIT,2
PLTSV,2
VHSVI,2
HHTQL,2
CSYNL,2
HNNII,2
STGFM,2
TNMHP,2
HKLHP,2
QITLQ,2
QITLT,2
FRLTD,2
QTVYL,2
SSKVP,2
NVTYE,2
DISHP,2
MHHVL,2
SHMFL,2
MHHVW,2
LTPEP,2
HATLQ,2
NQITY,2
HATLA,2
PCLHY,2
SQTSL,2
IVPVA,2
WKTQQ,2
YLIYD,2
DNRVA,2
TSQVI,2
TSQVP,2
NGSIN,2
QVEYP,2
NFMTY,2
DDLQD,2
RGETH,2
KCTQL,2
NRHEN,2
LQTEN,2
LQTED,2
VYTMP,2
MTLHT,2
STTAV,2
DNHDN,2
YITMC,2
RNTMV,2
YSAYP,2
SSTFN,2
TTAYL,2
PSTHP,2
QLPIQ,2
YSEHT,2
QQEMN,2
PIKYN,2
PSISP,2
KCPVM,2
TTTIL,2
HSLKH,2
RTIAN,2
HSLKP,2
HDTVP,2
TSEIN,2
WTTKN,2
GHEHA,2
TMYQE,2
SNHEQ,2
NQIIT,2
VATIQ,2
TNTYV,2
PQTLV,2
HPPVP,2
NESIN,2
DIFEP,2
SYLNA,2
SGEQL,2
PVLQQ,2
EKHEH,2
AYTPH,2
PSTQP,2
CELQE,2
TTRIN,2
GPYFL,2
YQTKP,2
FITTN,2
YSTLP,2
QVTQP,2
VHTHE,2
YDMLE,2
YDMLD,2
DEIKE,2
KQMFR,2
LFSEV,2
DPYAL,2
TSNAL,2
THTRL,2
VLTQQ,2
QHLQP,2
YELAH,2
SYTQK,2
SYTQL,2
STILC,2
STILA,2
VQYEQ,2
FDMEE,2
TCTLT,2
PRTIN,2
MSKVP,2
NRQEP,2
FHRET,2
TKLQQ,2
YKLHT,2
PDNII,2
PDNIA,2
DTNCQ,2
GELCS,2
SAMEN,2
YITQH,2
FQSIA,2
FQSIC,2
APTML,2
DTYLP,2
HYSHD,2
ISTQY,2
QTTHA,2
ISTQH,2
TLIAN,2
FTLTE,2
SSLDL,2
SAHSP,2
SSITP,2
LRPIP,2
DEIVE,2
DEIVD,2
YSITL,2
HYDAL,2
DDSFI,2
WYTVE,2
YTALN,2
DNMED,2
PCTQP,2
SYEWL,2
SMTRE,2
QWTQL,2
TFTQA,2
MTTQY,2
VQMSP,2
PRTRL,2
PRTRP,2
ITENL,2
ATVNN,2
RTPIP,2
SSLTL,2
PMTTL,2
TYYDT,2
EYTDP,2
QSLTP,2
STLVA,2
MTRYP,2
STLVT,2
HRNLM,2
QTTEQ,2
CDLVP,2
DIIFC,2
NDTSE,2
YHTKL,2
QTMHP,2
VTTYP,2
PHWEL,2
SSTQI,2
DELAE,2
SSTQP,2
FQTLE,2
PTKVS,2
RATVD,2
QATLH,2
HNTFL,2
LGLTP,2
IPTVM,2
VTIAD,2
TRVYS,2
AYLHT,2
NKHPH,2
LTRTL,2
YGTSL,2
YDIAN,2
EHKVD,2
YTTAH,2
SSLIT,2
YTTAY,2
IIYHN,2
IDLTN,2
TQMCP,2
LQEVD,2
TTIET,2
KETFK,2
CSIIT,2
QFAHT,2
TETHT,2
SVTYT,2
QQLVT,2
SVTYI,2
NLEPM,2
IQAFP,2
TNITY,2
HSIVH,2
IMTAD,2
ASNVL,2
HSIVP,2
HHMHD,2
PQTEH,2
PYMIT,2
ITNMP,2
RDYHP,2
VEMVV,2
LDVQW,2
VEMVE,2
VEMVD,2
HRQID,2
KFTAN,2
QPTIL,2
LNLTP,2
LKVTP,2
LANVQ,2
NNAET,2
HSREP,2
YTSEP,2
RAQNQ,2
SRDYS,2
QTYIA,2
SGYAP,2
SNLRP,2
QTYIP,2
QTYIT,2
HTIAP,2
MNIIS,2
NTKIS,2
NELVH,2
NELVN,2
SSLRI,2
TSYIQ,2
TSYIH,2
SKQNH,2
CETLN,2
YFSQN,2
YTIQH,2
QDLTT,2
GTSGI,2
TFISC,2
MSTYS,2
LSAIP,2
VHIMI,2
FRITP,2
RSLEE,2
PSFAR,2
PSVLP,2
NYYIT,2
KTNNP,2
VLIED,2
HSYHH,2
NAVIA,2
VEMKE,2
YATFD,2
NFSYT,2
LHTIN,2
LHTIG,2
LHTIS,2
TNLRQ,2
WVQLP,2
TYIGD,2
PLSIN,2
PKPML,2
HDMTN,2
PKIVS,2
PKIVP,2
ITYAP,2
ITYAQ,2
YYIST,2
NTHIH,2
CSALL,2
HALQP,2
QTVQN,2
PHNQP,2
QTVQP,2
QTVQS,2
DGTYI,2
SRQYN,2
RSIIC,2
AHTYT,2
PITHV,2
TTLTP,2
QLLTM,2
TTLTH,2
TTLTC,2
YSTRR,2
LTPML,2
LNTLI,2
LNTLH,2
PNITL,2
WKTII,2
SESEL,2
STLLN,2
VRTLA,2
ICFHK,2
TTMRK,2
YTLMT,2
ANWIH,2
SHSHH,2
SQMHN,2
PNNNV,2
NSLSL,2
ITAIA,2
QAWIL,2
SRILT,2
CFTMT,2
PTHIW,2
HTAYP,2
ITYTN,2
NSIIP,2
RTYDL,2
PYALS,2
DLTTD,2
LQTML,2
NTTVP,2
NTTVT,2
ASAVS,2
TQNFP,2
TDLAE,2
QELTH,2
QELTD,2
HSLSP,2
WNSIT,2
CHTVR,2
SRHVP,2
LALLT,2
TKSVA,2
LIYAQ,2
QTQNL,2
NVLSN,2
NTNIL,2
EITQT,2
NPYIY,2
PRNTE,2
SETWQ,2
TNMEP,2
YKLKL,2
PAHQH,2
TSTPA,2
LTTSP,2
HTVTP,2
LTTSL,2
FHTKQ,2
IPPIL,2
LETIM,2
DYMEY,2
DYMEV,2
DYMED,2
DYMEE,2
TQTRE,2
YSNIP,2
HVMDE,2
DYSSP,2
TYERP,2
SYSIE,2
MTVRT,2
PTTEN,2
DEMDY,2
YTQHQ,2
DEMDE,2
DEMDD,2
DEMDL,2
DERDE,2
KQQQT,2
NLMCS,2
NLMCP,2
HHTYN,2
PLHRD,2
DATRL,2
DSVDP,2
ALPID,2
MTYHH,2
VEIED,2
VEIEE,2
CKIVT,2
QVPIP,2
DAQQL,2
NNSIH,2
NNSIN,2
YDQTP,2
NETIN,2
HNITL,2
YITYT,2
IVFTP,2
ISQNL,2
VSTQP,2
MYRNC,2
PGGIY,2
NKTIQ,2
NKTIP,2
AQITL,2
LTTHS,2
LTTHT,2
PHYVT,2
ISTYP,2
VYIEE,2
THDNT,2
QRHHN,2
WYNLA,2
RHLVS,2
HHTVT,2
HTTHN,2
HSQVS,2
RTTPY,2
DVIEE,2
PGLEP,2
TTKQL,2
TTTCL,2
YTRTL,2
PVTLS,2
TMTHF,2
MTSHN,2
EVTYG,2
TYTTK,2
GSPVE,2
TYTTY,2
QYSQL,2
YMHHW,2
NSVAN,2
YTMNT,2
LQALP,2
TNSVA,2
ATLMQ,2
VQSEN,2
TLEKL,2
QHTVL,2
CNIIT,2
INMVT,2
RITQN,2
PYTHF,2
LTAIA,2
LTAIT,2
QTKVW,2
SIYTL,2
CSLVP,2
YILNT,2
TMRVQ,2
RHSIP,2
CVTYT,2
SSTIC,2
LTQVQ,2
TTVYT,2
NQLRP,2
LEINQ,2
QATTL,2
YQYFN,2
RSYVW,2
THIRP,2
SNINL,2
GTHIT,2
TTHII,2
TTRMP,2
VTNIL,2
EQVKL,2
TTHIT,2
PSRVS,2
TSLHH,2
DNISP,2
IATEE,2
DNISL,2
MATQV,2
NTAIE,2
KTLVA,2
LFTNP,2
KNNNN,2
YTMSL,2
QYIAN,2
TTIMY,2
HLYEP,2
SNNIE,2
TTIMH,2
WQLNA,2
TITVY,2
THLFT,2
HTHHA,2
PATHE,2
FLPSP,2
SHRQL,2
VLLQP,2
YYTHY,2
QSTIS,2
EDINN,2
NILMP,2
CNTEY,2
TKTYP,2
PMTVN,2
TMNVN,2
YHYRP,2
MYIAT,2
GVLTH,2
DHTMP,2
QTINL,2
CISQL,2
FQTVD,2
WTIEN,2
ITNEQ,2
AATEH,2
LSLTP,2
HDQIL,2
RHCMP,2
GITIP,2
IAYLA,2
ENSYN,2
LTIDT,2
WTHAP,2
SARSP,2
DGFHY,2
QTYQA,2
TYTYT,2
NDLND,2
PCHFL,2
HLQHH,2
LQHIP,2
DINIP,2
LSTLV,2
MQTQN,2
LSTLL,2
LSTLA,2
PWQIP,2
HYMQD,2
DELKE,2
QMPIP,2
DNPLY,2
MSTQT,2
YRQVP,2
DDWKA,2
DNQVI,2
MTQIN,2
PMPIL,2
ETFHS,2
LQSWA,2
QYLDI,2
QKLTP,2
PYYVQ,2
TETLN,2
ASMWD,2
DVTES,2
FAQVN,2
KQSVP,2
EHLII,2
CTVQT,2
QNTWW,2
HRTLY,2
MTKLP,2
CTVQN,2
CTVQM,2
HRTLL,2
IMLQN,2
SQLTN,2
QHSIP,2
ATTIA,2
ASSIL,2
ASSIN,2
ASSIH,2
KTYEN,2
VNTAN,2
HPCMY,2
TSLTW,2
CTYTP,2
QNEMH,2
LTLHP,2
QLTRH,2
TRIIT,2
VTTHH,2
VTTHN,2
SRVYI,2
HYLHH,2
WSMHP,2
DQLEE,2
HTQHQ,2
TRNID,2
TRQDT,2
TTALL,2
KTMYP,2
PHFQQ,2
PHFQN,2
KITYC,2
SLIQI,2
PLRVP,2
MFTTP,2
RTNIN,2
HSTYA,2
LHTVL,2
FTVDP,2
TTFMP,2
PLTHP,2
PLTHH,2
PSSIH,2
CKYVS,2
TELLF,2
EEMEE,2
EEMED,2
TTQIA,2
HLNIC,2
LSLMT,2
GHLQP,2
SCLQN,2
GCLLM,2
ITLDP,2
TDLQE,2
HQIIP,2
HQIIT,2
LSMWE,2
LSPII,2
DIIDD,2
DTQTL,2
LSPIP,2
KSPIN,2
EQTSL,2
TSTVP,2
LTMQQ,2
NNIIN,2
THLIC,2
HDQTL,2
SAQVP,2
NQIYD,2
NTIQI,2
PNTIN,2
NTIYH,2
PNTIY,2
PNTIT,2
CTLEP,2
VATYH,2
FRPEP,2
LISLE,2
STTQN,2
QKLIG,2
LYTIA,2
QMTRL,2
LRTQP,2
LLISP,2
YTVNP,2
HKTIP,2
SYSVP,2
NYEIP,2
STTTL,2
DEMLE,2
DEMLD,2
YVSEE,2
DEMLV,2
VVIEE,2
DDLQE,2
AALIT,2
GQPYL,2
IYTHN,2
TKLAQ,2
RGLIS,2
AYLVT,2
SHPHL,2
HSIAW,2
ETTNV,2
GYFAV,2
HLTEI,2
HTLHP,2
HTLHF,2
PKQVT,2
PKQVP,2
GKTCA,2
DYMVE,2
DYMVD,2
HTKVP,2
DYMVV,2
TTRSL,2
DFVAQ,2
LLLQT,2
ETSLM,2
PDQIT,2
KTHVP,2
HSKVS,2
ARSIA,2
EHTHS,2
ETCYE,2
LLYIP,2
TTKII,2
ATMAM,2
LQITP,2
LLATP,2
ETHQI,2
WCTLR,2
PYLEQ,2
NSVID,2
CSPEP,2
ATLET,2
PQIRP,2
SSTVS,2
QHILS,2
HQVWD,2
VQTFP,2
YSYET,2
CNQIL,2
PTLQL,2
SLWIT,2
HSLNL,2
AKLTL,2
YDMAD,2
LSITP,2
LSVHP,2
QCTQL,2
SATIM,2
QSTTL,2
SHTFT,2
TYYTN,2
TMTLN,2
FTMDN,2
SYLLT,2
SRSHP,2
SSTAL,2
PWNCV,2
PCTLA,2
HKHVP,2
HKHVW,2
YYIKD,2
QLVHT,2
KSSTP,2
TFQVT,2
PWTIT,2
QKTAL,2
SNIVP,2
RMIHV,2
PSAFM,2
GNVNL,2
CMTSA,2
KTLNC,2
NYTVN,2
TNSIN,2
GRLTQ,2
QYDPH,2
MATYP,2
YNIYD,2
NSHVV,2
THLNP,2
HTHII,2
YISVQ,2
LTGVT,2
PLVSH,2
DSRII,2
PTAKL,2
PSHVN,2
HRIYP,2
DDMQV,2
GYIQS,2
PSGVL,2
CGYSL,2
LTFTL,2
ITTTH,2
ITTTL,2
LHFHT,2
EDMEE,2
EDMEV,2
NIEQP,2
TALQV,2
PYMTF,2
TYLQC,2
LSLLT,2
CHHVK,2
HAHKK,2
SSEII,2
CATVS,2
HGPIQ,2
DEFEE,2
NPLWP,2
HTYHY,2
QNLQE,2
YTTTL,2
NHFAI,2
QYTTH,2
QYTTN,2
YTTTP,2
HSTHA,2
YTTHP,2
SVTLE,2
HTIQH,2
HTIQQ,2
KTEIL,2
MSTIT,2
THLSH,2
MSTID,2
HSTHS,2
YTYTN,2
LSKHH,2
PSAIS,2
ETVSQ,2
LSKHL,2
HEMEE,2
WDTTR,2
YSTLH,2
YSTLT,2
QQCIN,2
PLDVY,2
SYLSQ,2
DHIHD,2
TSTRL,2
SYVHP,2
LLTTL,2
CYMQK,2
AATVQ,2
QSPVP,2
VNTIA,2
PYHTL,2
VNTIT,2
HPLEP,2
EQLSQ,2
QLHLP,2
WLVTE,2
HWHEM,2
QTCIA,2
NEMEE,2
LSAIQ,2
MRTQD,2
LTTQQ,2
DQLMN,2
TMTLT,2
YTTQD,2
HTNCP,2
IALQQ,2
TSVDT,2
HVMEE,2
TSVDL,2
QHQIP,2
MSEAL,2
NNAVE,2
LTTQL,2
NSLCP,2
YTSLN,2
TTLDN,2
AHTIA,2
MTGSN,2
PNQLM,2
HSSMN,2
DLIQE,2
REITP,2
TAYTP,2
THSQL,2
QYRQP,2
RTIMP,2
DVFEE,2
INLIT,2
RTNAM,2
NSIYK,2
INLIN,2
KCTIH,2
ATTTL,2
QALQP,2
DYPLP,2
AAQIQ,2
NNHNH,2
NYNTQ,2
PLLEP,2
YDMDE,2
IAYIT,2
TSLTP,2
EQSTE,2
ITLLT,2
LSQEP,2
SCLYH,2
HDNSN,2
QNTMK,2
HSTQL,2
HSTQI,2
TVAHP,2
VQYTN,2
LATQE,2
KSLET,2
KVMIT,2
DFMVD,2
QTVDP,2
LNTYK,2
AETTP,2
YQLNN,2
MSTTN,2
VMTHC,2
QSPIE,2
SYAVT,2
HASEN,2
LSTHY,2
MEPIL,2
HSSVQ,2
QTTLQ,2
DDLVE,2
QYAHN,2
WESYH,2
DKIDP,2
ETTNL,2
HKTQL,2
HTHRT,2
ETTNP,2
WMQQH,2
ARPID,2
ARPIP,2
QTTLV,2
PSTKL,2
RTTIT,2
TGLIW,2
SELQA,2
HSLNP,2
RYLAD,2
NNMII,2
SKYYP,2
LAVNQ,2
STTLY,2
SMTIL,2
STTLP,2
STTLT,2
STTLH,2
STTLN,2
IHTLP,2
STTML,2
PSHVA,2
PSGVN,2
QFHNC,2
QIITL,2
VSTAD,2
GDYHR,2
HELEE,2
STITN,2
NHSNN,2
RNTIM,2
SRLHA,2
SRTKT,2
LTSFN,2
QTNVL,2
AVTIA,2
ALTFE,2
CQLLA,2
EFHHP,2
YDYLP,2
NLLTL,2
PSTVF,2
AKAIL,2
TIRVQ,2
QHLTL,2
QHLTN,2
TQTYL,2
ESTRA,2
NGQIQ,2
NTPML,2
AHKVA,2
DDIHD,2
IAMVT,2
HICIQ,2
IQLNP,2
YAAEQ,2
YNVQN,2
ITHIS,2
WVTHA,2
RMLET,2
DSEIN,2
SYTVP,2
YAVPK,2
EIITS,2
STIIT,2
QTTYA,2
TVLTN,2
KMNIQ,2
PCYEQ,2
RNTVH,2
RNTVP,2
SKQHL,2
HNIKD,2
DVIHD,2
EPTWL,2
LYEAK,2
NQKIT,2
QSTLV,2
QSTLP,2
KHTEN,2
QSTLC,2
LMLQT,2
QTLVS,2
TQTYQ,2
TKFTP,2
SRIEH,2
GWYEQ,2
QHLTP,2
QHLTQ,2
PCTTL,2
AWEYP,2
FDIQP,2
TVIQT,2
WSSIL,2
ECALI,2
YYTTT,2
SLHPC,2
YYTTK,2
TRLHP,2
DEVAT,2
EMTAA,2
NCVIT,2
SVLVT,2
NFLTN,2
PTIKP,2
HYWTQ,2
CSPVL,2
MTTTY,2
MTTTN,2
AFTHP,2
QAPLL,2
CTTET,2
QQHIS,2
NNTYM,2
NKMEP,2
FYQQT,2
NNIEP,2
YHTNL,2
PQHIS,2
VDMDY,2
TSTLV,2
TETIS,2
EVQLA,2
YISNL,2
HYLWP,2
LTQIQ,2
YESEP,2
TALYQ,2
ITIMT,2
QTLIT,2
TMTSP,2
KNLTP,2
NVLIP,2
LSLDP,2
LTRIP,2
TVTLP,2
TVTLT,2
YHHQH,2
QYTLS,2
QYTLP,2
YTTLH,2
YTTLL,2
WQSCL,2
LQLSL,2
CYLQT,2
SIILQ,2
RATQH,2
HSQVP,2
PPWLL,2
TSSVT,2
QALRQ,2
YLTHN,2
HTSIT,2
TSFHF,2
TELYC,2
NTSHL,2
HSISP,2
PTFEP,2
AQWFP,2
HSTMV,2
IRTQL,2
HSTML,2
CRLHP,2
PDIQP,2
LDSQL,2
TTSVT,2
DYTMA,2
NAQIL,2
RLTIS,2
RLTIV,2
NAQID,2
SPLYI,2
NAQIP,2
LFSHP,2
IATAL,2
KGLIW,2
HSAVL,2
ISHYP,2
PQVIN,2
CSAVP,2
DQYSS,2
QTSVP,2
PQLWK,2
QSVVV,2
DMPIC,2
SKVWP,2
DQMQE,2
NMITD,2
NHLIH,2
PILMT,2
LSCIA,2
QTCQK,2
RPIIP,2
TSVLT,2
QTTRW,2
HTSII,2
HESVP,2
LNITY,2
HTSIP,2
FQLSD,2
YTIVN,2
QKRVQ,2
MQHTP,2
STIIS,2
PTIYH,2
FSVHA,2
NSPWP,2
TRNYP,2
QSTEP,2
SNTIT,2
HRTRA,2
YVMEE,2
YTYMH,2
KCLIN,2
NTYHL,2
YSTQK,2
YSTQQ,2
EANLV,2
YTSDN,2
RVLTP,2
TDTVH,2
VVVSP,2
TSKIW,2
ITPIV,2
PSSYL,2
YATKL,2
NCNQP,2
PMYVT,2
INMHQ,2
WTMHP,2
LYTTP,2
IRLNP,2
HDKEN,2
VMSRW,2
SKAIL,2
TIDML,2
ITLTP,2
PQSTH,2
DSSFL,2
FEMED,2
FEMEE,2
PTLIP,2
SQYHP,2
NHWTP,2
WTQMA,2
DIPVV,2
YVSLL,2
RSHHL,2
TLTHP,2
YEIDV,2
LNIAL,2
LNNEN,2
TTFTL,2
FHQIT,2
PNWIA,2
VETLP,2
TTLYA,2
ISAIP,2
KATML,2
VSITM,2
QTQVV,2
YYTNN,2
PNTYP,2
PNTYL,2
SMAYM,2
LQAVQ,2
HKTYQ,2
SLDTI,2
NTNIY,2
NTNIN,2
PAHIP,2
LQTHT,2
PSNLL,2
FSTLS,2
FLHPC,2
LVALT,2
QYLSH,2
RAPNQ,2
LAVFP,2
NTTSQ,2
WTAIW,2
LSPTV,2
RSHWP,2
TVFIP,2
FQAVP,2
YLMQQ,2
LTYHH,2
NKPNL,2
KHKSW,2
LNEYP,2
YTLVS,2
TSRID,2
GQPIH,2
NDINL,2
TLQVI,2
YDMQD,2
YRTTD,2
ITTAL,2
QILTN,2
RRTLN,2
YTLSQ,2
YYMEV,2
YYMEE,2
YYMED,2
TSTSN,2
PTQVV,2
QVTTP,2
SELNL,2
PTSVA,2
DEMAD,2
DEMAE,2
TLTED,2
LDTLT,2
FTSML,2
KHQIE,2
TQTQK,2
DYLLD,2
QASVN,2
DFMEV,2
NLSIV,2
NLSIT,2
LKLHP,2
CALNL,2
VVRDD,2
DFMED,2
RTTHK,2
FRTQP,2
SMSFL,2
LMVSL,2
STIAY,2
TATLK,2
TYTLS,2
AVLLV,2
TYTLA,2
VSDIR,2
TKLTP,2
LTTMM,2
DEWEE,2
VSTTL,2
NTMFH,2
QSNVH,2
DEWEV,2
HTMQQ,2
HKSTV,2
HVIQH,2
MHIRP,2
HTTES,2
HTTEP,2
RTLTY,2
LQTVS,2
DLSWN,2
ICNLN,2
HTPVP,2
LNSID,2
HSQSQ,2
PTAVP,2
NSMQQ,2
STYEI,2
ATLHH,2
ISTYH,2
TYTSN,2
MATIA,2
QNHYL,2
RQPHL,2
TYYIP,2
RSTYP,2
QHTYP,2
PDPIE,2
QTLAQ,2
YDIDE,2
TYLTR,2
DTCLP,2
WYSTP,2
YTAVT,2
YTAVY,2
LRNIT,2
HITLP,2
SGLIH,2
KPGDL,2
HYTHA,2
SRILD,2
YTTDH,2
FMYAQ,2
QNFIP,2
DDMEL,2
DDMEA,2
DDMEE,2
DDMED,2
DDMEY,2
DDIFD,2
DDMEV,2
YYIVD,2
LRTTV,2
DDSEE,2
PHLVG,2
LYLSA,2
FSTVP,2
DVDID,2
HSTEL,2
TYPIP,2
TELAT,2
DSATP,2
HSTEW,2
TPTVP,2
PNFVQ,2
IKSHP,2
AETAY,2
TNYIN,2
PMNVN,2
QDSTP,2
QETFV,2
ETPYN,2
YHTQA,2
YHTQI,2
NTYVV,2
HRITL,2
HHTYP,2
YSSAL,2
QKSVH,2
NETII,2
HHTYT,2
LTNYN,2
TKTVE,2
RNAVQ,2
LSFYP,2
HAVQN,2
SKLMT,2
STCIH,2
HVTES,2
MTTTP,2
LNLQH,2
QRPIP,2
HNTVS,2
HNTVV,2
HNTVA,2
HNTVE,2
NKLLP,2
ERPPL,2
TGVVI,2
NHLAH,2
YEMHE,2
PTKCS,2
TYSIQ,2
WSITP,2
FSLEQ,2
YRSLP,2
VEIVE,2
NELYN,2
ETLQQ,2
HTSQQ,2
SQTEL,2
NELYP,2
GSPVH,2
LSQHQ,2
LYSTP,2
LYQNT,2
KTDPR,2
PTFVP,2
NTEVE,2
NTEVA,2
CSLHN,2
LLTET,2
YTINE,2
NYNDE,2
CSLHI,2
PTLMP,2
DSTYM,2
DSTYL,2
NTLSN,2
ICTLN,2
HELTP,2
NTYMH,2
PYTYQ,2
YSTYT,2
PYTYN,2
CTIAQ,2
TPTIL,2
TPTIM,2
TTSEP,2
MTQVP,2
QYVQN,2
ATTDP,2
MIDNH,2
IYRQN,2
HQFYQ,2
STCIP,2
QQPML,2
TWTTQ,2
LTPFQ,2
MTTDT,2
PQAFM,2
MYTTF,2
LSTRP,2
LTLMP,2
QGLIN,2
LNTIN,2
YEKEE,2
LNTIT,2
YETHS,2
LRRTL,2
THLMP,2
SSKIQ,2
QSIEP,2
QTVTL,2
HATCM,2
HAYAL,2
PQHIP,2
AYNNK,2
TTLQP,2
TTLQQ,2
HEIHY,2
QNTIN,2
QAHAE,2
TTYIP,2
GTTIP,2
TGTVT,2
TTQWC,2
HFITM,2
PNTQP,2
DDLFD,2
VHTEH,2
DKATE,2
MIEDT,2
TTTSP,2
IQKHL,2
FHNQM,2
MKTHQ,2
EGYAP,2
PYAIT,2
EQYAQ,2
AVVYP,2
STLFP,2
EQITD,2
STPML,2
HMENC,2
ELTTY,2
NDYMQ,2
EIPMH,2
YEIED,2
TKITM,2
SAIFQ,2
PVAQP,2
PTLAY,2
LRQHT,2
VDLHP,2
WNDRG,2
EYQYS,2
VDLHD,2
KVLPN,2
YEIEY,2
YESEE,2
SGTEP,2
HTVQT,2
NYTWP,2
FSKTG,2
SGCVF,2
NMSIQ,2
PTRTM,2
SVYEQ,2
TQPVY,2
SHLHA,2
THMHP,2
FMLSI,2
LTNLC,2
NRFIP,2
QQMLV,2
PSIEI,2
KCLAH,2
CTRIT,2
DEKLT,2
PTMAP,2
WHTAL,2
YKPIE,2
WHTAH,2
GHMTD,2
FATVN,2
NTTLQ,2
DYLDD,2
DYLDE,2
SYSLQ,2
SCVLY,2
STIYS,2
SYTFP,2
LQTDY,2
SMYEW,2
SMYEV,2
DDMVV,2
DATIQ,2
DATIN,2
ANTIW,2
SYATP,2
CITQA,2
SFSLP,2
HPTIN,2
LTTEP,2
EEPMP,2
WYTKY,2
SSMHN,2
HSIYP,2
LQQIA,2
QLSFP,2
TTTHC,2
TTTHN,2
TTTHQ,2
SLEIP,2
HKSLP,2
QASIP,2
PHTLL,2
YQIAS,2
MRHIP,2
FMAIT,2
IQAIP,2
ENMHH,2
HTTMP,2
FSYDQ,2
HTTMA,2
HTTMN,2
TTEAE,2
DDPTP,2
DYIHD,2
DKLEE,2
SETYY,2
HKTVT,2
PLQNN,2
PIAYL,2
RQQFM,2
PAPYL,2
INTEL,2
SYNIA,2
QSSYP,2
DAMEE,2
HKTVC,2
CKIHE,2
QSTYN,2
QYTLD,2
MPTII,2
TYYQN,2
PNTLP,2
RITTL,2
PTQVL,2
QHTQN,2
QHTQF,2
HQLLH,2
EPPIL,2
NPVTP,2
DVSEE,2
LSIIP,2
LTALN,2
TMRYP,2
DTPTL,2
PNFTL,2
YTRNC,2
PIAIS,2
NDHIP,2
QVPYP,2
QTLYP,2
ESLAQ,2
TVILS,2
NENEV,2
QATQL,2
NFLYP,2
YYTAT,2
YAPIN,2
HTTRL,2
VYHAV,2
STTIN,2
STVVT,2
LPTLL,2
LITTN,2
LITTP,2
DAWVN,2
NTLHS,2
STLHT,2
RTLEC,2
STLHC,2
STLHA,2
NYTIN,2
METWP,2
MSTAA,2
NYTIQ,2
PSLNF,2
HIHPC,2
HITLA,2
PSTSL,2
LYITQ,2
HQLED,2
DKIED,2
CATVP,2
DYMHE,2
NNLHP,2
SVALN,2
WTTAQ,2
YANIA,2
RHTYN,2
SMQIV,2
LTNQT,2
PPIIP,2
CILHD,2
RSMPI,2
WRRIT,2
ISHIV,2
LNLYQ,2
YDVTT,2
DTMQP,2
VANVE,2
LYTRT,2
CTYML,2
CHTIM,2
FTNVL,2
QFTTP,2
MTFYD,2
AEMEE,2
MEHNP,2
PQNVM,2
CCAVP,2
GTLRN,2
DNIEE,2
DNIED,2
THAEL,2
RTIQP,2
YSMVT,2
YTMQQ,2
ETTLT,2
ESTTP,2
DELVV,2
FYLNQ,2
DELVD,2
HCLAQ,2
TQIVS,2
YSTAP,2
YSTAL,2
KWQQN,2
PTVQP,2
ASLTL,2
YTSTP,2
LIAGL,2
PTVQA,2
MLIQQ,2
ATTLH,2
PYTQP,2
IQYQM,2
CTVTL,2
QQMHP,2
NTYEN,2
HRTIP,2
PYTQL,2
PQVTP,2
YAIIP,2
MYQIN,2
RSLIN,2
RSLIS,2
SVISP,2
YDLEV,2
QITYP,2
YDLEE,2
RCVVK,2
DQSEE,2
ASIHL,2
STISL,2
VTMIN,2
DSLRV,2
ELYIN,2
YKTKL,2
THLRP,2
SINID,2
VTRYP,2
KNSIE,2
TTLIA,2
TTYQP,2
LTTTP,2
PLGIH,2
AETLN,2
IWLTT,2
YTSIN,2
HYMDE,2
QQSHP,2
EYPAP,2
NSETL,2
IRALP,2
GMAHL,2
DLTIQ,2
FETEL,2
ETTVN,2
FTILS,2
YSALT,2
TYWKV,2
INLTY,2
LTLRP,2
CHSET,2
EDRDD,2
DYMQN,2
MQRVT,2
PYFFP,2
WTQFQ,2
HYMDV,2
LYYWQ,2
NNLTF,2
HWMSP,2
CTKIP,2
CVSVN,2
LSPDL,2
SFRTY,2
PNMIS,2
MILTC,2
MQINN,2
FGMLP,2
TNTQP,2
LNEID,2
ATTLQ,2
YTESC,2
YTESL,2
YQTTQ,2
FKTLT,2
TGLLS,2
DETEE,2
NSEIN,2
NGIYN,2
VLMED,2
PTTRE,2
DEMQD,2
DEMQE,2
NTNVD,2
PTMIN,2
LCVHP,2
ATHQN,2
PTMIC,2
YNFAC,2
YSQTL,2
VYMHD,2
DVLED,2
DVLEE,2
CKLHK,2
DVLEV,2
DVLEP,2
QHLLT,2
KRLHQ,2
EIILQ,2
NFIEN,2
YDMDL,2
QTRID,2
QTRIN,2
CITIT,2
AYLLA,2
ITHQP,2
FPGIP,2
VSTDD,2
QRLKL,2
TRTVA,2
VHTNP,2
AYTVL,2
NTIQV,2
LYHQT,2
CDIQN,2
HNTYP,2
SAQLL,2
VTLNP,2
MQLVT,2
TSTFR,2
TSTFY,2
QKWTA,2
SRTLL,2
DDIKE,2
FMHEG,2
DNNIN,2
DHNYP,2
NLLQT,2
ETITN,2
KSFSD,2
AEWQT,2
RETHT,2
HRLVQ,2
WTTHS,2
LDTYP,2
RTTET,2
TTEIT,2
RTTEN,2
AVLSP,2
YSYHN,2
CKSVP,2
QSFSL,2
HWNLP,2
LIQLQ,2
APYTT,2
QSTQH,2
QSTQQ,2
RSTIT,2
QTTFP,2
NCEVD,2
NCLNT,2
AKLQQ,2
YPLIV,2
QSAIT,2
SHTMH,2
IAWKP,2
NHHHP,2
SADKS,2
HMTYT,2
TLSSM,2
IWTAT,2
LMLTP,2
ANILN,2
HCAIK,2
SNYHP,2
QTLQA,2
DRPNM,2
QTLQS,2
PHTQV,2
EPESL,2
QATYK,2
PTVVC,2
KTLET,2
YYMEY,2
DTLLN,2
LETAM,2
VEIEV,2
HHILP,2
YSYSP,2
QYITY,2
MSIQT,2
SIPVP,2
TAIHP,2
FTTHT,2
HTSIN,2
HQEQH,2
YYIEY,2
NYTQN,2
NYTQP,2
EVMEE,2
MANAD,2
RLTQY,2
TTTKL,2
STLPC,2
QMMAL,2
TYLTS,2
SSTYA,2
IYVNE,2
NCPAA,2
TNVTP,2
LTNIP,2
HEMED,2
IYEQP,2
YFYIT,2
FVLTN,2
LRTIA,2
LKTAP,2
NQFTL,2
TYTHN,2
ELQYA,2
ETWTQ,2
FSTMQ,2
EMIYN,2
PYLTD,2
SQIYA,2
QTTVP,2
KTLSP,2
QYTQQ,2
QVSIQ,2
HETID,2
QDSIA,2
HETIH,2
HETIP,2
PGTVT,2
QTTVD,2
YTWGL,2
TTICT,2
TITHH,2
HITSL,2
HEMEV,2
QFTHP,2
ETPLP,2
HELDD,2
CMVWP,2
NQYHP,2
SWMIT,2
MKTIT,2
PEYQL,2
KTNIP,2
QQTDT,2
MCTLL,2
ATTYP,2
GDYVH,2
STWIN,2
AVTHY,2
AVTHK,2
VELVE,2
CSHFH,2
MCPVN,2
AKTHH,2
PETTP,2
RLLLP,2
TYTAS,2
KYNTP,2
SALHA,2
LSAFT,2
YSLTT,2
MVPYL,2
TNDLS,2
TAIYS,2
LTVLN,2
VTMAW,2
HDIQN,2
NPMIP,2
QSLHW,2
QSLHY,2
DELEE,2
DELED,2
TTLAQ,2
YSTQH,2
DELEV,2
DELEY,2
KIKTQ,2
YDIEY,2
SRAYP,2
NETLC,2
DHMEE,2
DHMED,2
GTTYP,2
MIIHT,2
SVPIL,2
SPQIL,2
TTYYD,2
YTYNN,2
YSTVA,2
PYTDP,2
YSTVL,2
PYTDN,2
PYTDL,2
DASYP,2
DLITK,2
RMPAF,2
LETQN,2
SDTVS,2
SDSIS,2
STAVT,2
YATLL,2
EYETP,2
RIHPD,2
HQTIH,2
GHSIN,2
ALSIQ,2
TTLKP,2
NVREP,2
TEYCT,2
QHAIN,2
LTVQN,2
TLTMA,2
SSAIS,2
QSIHQ,2
LTVQC,2
TLTMV,2
IVSQH,2
DTTTL,2
QRINL,2
NTKLL,2
QSPNM,2
NMLET,2
VSIYP,2
PVIQP,2
SQSLN,2
IYISN,2
TTVLT,2
AQFTL,2
TTVLP,2
LELEE,2
YTLKP,2
DLNLL,2
QNNKH,2
ESYPN,2
YNTQE,2
DDLSD,2
QEVHP,2
WETVA,2
NTITN,2
NMIFT,2
HHKEL,2
MSMLP,2
VLMMS,2
EHHQP,2
AQMCA,2
HHTHA,2
HHTHY,2
HHTHP,2
STMHP,2
TTVQP,2
DLNLP,2
DEMYV,2
SMTLN,2
DEMYD,2
DEMYE,2
HDNML,2
HDRIP,2
TTVQH,2
HQDEK,2
DDSYE,2
LSTQL,2
DVMYE,2
DVMYD,2
TKSLL,2
SHMQQ,2
GVSVN,2
KMTCP,2
LAEIT,2
PRIYT,2
MNNVQ,2
ISKLP,2
VSTLA,2
RRTIS,2
QIWTC,2
HMRMN,2
YQTIQ,2
QLSVY,2
QVTSP,2
NFIDS,2
SITMA,2
VATWL,2
YDMND,2
IPIFE,2
HTLEI,2
SGLKS,2
TSWTH,2
HATID,2
LPHKP,2
VYMVE,2
PSTQQ,2
PSTQA,2
PSTQN,2
ETSQA,2
RTTMY,2
RTTMD,2
WHTTF,2
QLLLP,2
TRSVC,2
PHESE,2
PFYHT,2
DVTKC,2
YSHYQ,2
TYTKI,2
SYTSP,2
PYLHW,2
ALTMP,2
ITHDL,2
QTALP,2
AIEPC,2
HCTLA,2
MTTAD,2
INDHQ,2
SRFHP,2
DDREV,2
LAAVA,2
NTIYR,2
QSTIP,2
QSTIT,2
QSTIH,2
QSTII,2
QSTIM,2
PIWQP,2
QSTIG,2
AKLIP,2
HQAHE,2
NEHEH,2
LSIYP,2
LTLYP,2
ANSVC,2
YQTVP,2
DDIVE,2
LETNL,2
HNTIV,2
WSSLL,2
RNAAQ,2
FHITN,2
RTTVT,2
RTTVQ,2
MIQHP,2
TIYHC,2
TTTEH,2
TTTEP,2
TIYHP,2
DEVLN,2
IVLDP,2
HSPVP,2
DLMQD,2
QQQIA,2
ESWSP,2
SFYMP,2
PTQIY,2
PTQIQ,2
PTQIN,2
PMTVM,2
ATLKC,2
WKYHE,2
IYHAN,2
NALVQ,2
WSTLA,2
HNLVT,2
CNMQM,2
HKTIT,2
TKLTH,2
HALTD,2
DLLED,2
DLLEE,2
DLLEV,2
YWNVT,2
PNTVC,2
TAMFN,2
KLLIT,2
TVNMP,2
FILTT,2
PSCVV,2
CEHHL,2
CEWTV,2
LGMTP,2
NPLYK,2
YFSDN,2
RYMEQ,2
LSSIR,2
QTLLT,2
HVPHK,2
VNYIM,2
ITTIP,2
LRTQT,2
LRTQL,2
LRTQN,2
NKLHP,2
HYHIP,2
YSYTW,2
LTRRM,2
LQLVP,2
QMLLP,2
QSMFL,2
EHKTP,2
DDMHD,2
DDMHE,2
QYTIN,2
MNTYN,2
HETAP,2
HETAL,2
IDVLQ,2
EHTAV,2
TTIKQ,2
TTIKP,2
MILHP,2
PSAFP,2
TNYLP,2
QQLTY,2
YLTSE,2
HSTHI,2
QNTHQ,2
HSTHL,2
HSTHP,2
HSTHQ,2
CGVTI,2
QQTLM,2
QQTLL,2
HTKVT,2
QQTLD,2
SEIQL,2
QQTLS,2
QQTLV,2
QQTLT,2
PCTIT,2
LSLRP,2
EHYTV,2
DMTSL,2
NWTCP,2
GYLSP,2
HYDVT,2
LTHLP,2
EDNVH,2
MHTMP,2
QRPTL,2
EQINT,2
PRLHH,2
PRLHP,2
GICVP,2
QTHNC,2
HTTIV,2
TVTAA,2
MKSTP,2
HVTFS,2
NQRIL,2
QWTYE,2
LTVHI,2
LGEIT,2
HAEHT,2
ILTEP,2
YTISN,2
ESTIA,2
VTRIS,2
VTRIP,2
QALHP,2
NELTV,2
TIIAN,2
QHDSG,2
YSSTL,2
QTMIC,2
FHAHH,2
YYTKP,2
PAMVS,2
FSMQH,2
CFIAP,2
PNTYI,2
FTQQL,2
QHNHD,2
YVMED,2
QNTQI,2
SCTHP,2
NTYHM,2
QNTQY,2
QNTQP,2
DSIQC,2
GTTAK,2
NTPID,2
TCEEM,2
NDVRP,2
CQTVH,2
RRRHP,2
PKYIN,2
YHRHP,2
VSLKN,2
ASTWL,2
HQSLL,2
LTETP,2
KQYAN,2
SSVTL,2
TLTEQ,2
YQLDN,2
DFMEE,2
SDNIP,2
TTLVN,2
THNIH,2
TPHLM,2
QKRLE,2
GTTLP,2
NYNEQ,2
HLLSQ,2
HATFQ,2
LKSTM,2
NHMQP,2
LKSTP,2
YDIHE,2
ITTMS,2
HTVIN,2
VQCVS,2
NTILP,2
HSDIE,2
KTTIN,2
CMTTQ,2
KTSIA,2
RTNSI,2
GMLMP,2
CPRLT,2
LHMDD,2
LIPFN,2
NQYQH,2
YYNDP,2
ETTAI,2
RTGIP,2
RTGIN,2
ASTLP,2
MFVTP,2
LPTIA,2
MKTET,2
YSKYQ,2
CLHIQ,2
DVMQE,2
DVMQD,2
LKTQI,2
LKTQA,2
AQEIP,2
NDYHL,2
CEPIA,2
WSQHS,2
CELKQ,2
STLNL,2
QILQQ,2
TRMYS,2
STLNA,2
TSEQL,2
DHMVE,2
FGMYP,2
SLLMT,2
PAHSP,2
TSTVK,2
PTSVL,2
YTVHP,2
YDMVE,2
YDMVD,2
MTLYQ,2
YDMVV,2
EMSLN,2
FHTII,2
LFNEP,2
DQIED,2
DQIEE,2
HETYT,2
HYTLS,2
DESDE,2
TQTTE,2
TQTTN,2
NTTIT,2
ATPTY,2
VYMEV,2
VYMED,2
VYMEE,2
LDTIS,2
EIVNS,2
TTWHP,2
DATTN,2
DATTP,2
AITHH,2
SSTFP,2
SYAEH,2
LKWQN,2
PRILP,2
QHIQH,2
AATHN,2
TRTMP,2
HNIVQ,2
QSSAL,2
LTSHN,2
MYTTS,2
EDYAS,2
QVYIP,2
TVLYT,2
QSTHA,2
QRLSL,2
TSTIT,2
YTRIQ,2
HVITP,2
QSTAQ,2
QYTHP,2
QTTVV,2
QSTAH,2
QSTAI,2
NTMSK,2
LAVFN,2
PIVEC,2
ILNIY,2
VDRDD,2
RITIT,2
RHLTP,2
LETQS,2
SIFEN,2
DYIEV,2
DYIEY,2
DYIED,2
DYIEE,2
STTMP,2
TTTMH,2
MTPHP,2
HYTEP,2
EDRTN,2
TYTVS,2
TRLLH,2
VYSTN,2
TYTVN,2
STPVM,2
NTAHL,2
QATMY,2
CRSLP,2
HATYQ,2
ILTLS,2
PSLVT,2
PSLVS,2
CHYIT,2
YTFTN,2
STVNC,2
LTCEP,2
MLLTP,2
MYTIT,2
LSINP,2
ADAVP,2
LSCVT,2
SKTHQ,2
HDLND,2
TATIT,2
NDTIE,2
CSLTI,2
YDIAD,2
LTQTQ,2
TVTAC,2
QISIW,2
AYFLP,2
HETTY,2
QISID,2
LRGHL,2
YTTED,2
TSMHK,2
TSMHF,2
CSMMN,2
PVTIA,2
YEIYD,2
AMLLT,2
SNIHY,2
YANIQ,2
RHYQP,2
LTIQT,2
YTTIP,2
LFTLS,2
LFTLQ,2
QMVIS,2
NLTYL,2
NYTLN,2
QETKL,2
HETYN,2
PAILE,2
VTILP,2
ASLLN,2
MSIDY,2
CKTYH,2
YSLTH,2
QFVEP,2
YSLTP,2
NTLES,2
STLGL,2
TNVIQ,2
NKHHF,2
HSYVL,2
FMFYT,2
TQLMP,2
YVTWK,2
ITTRL,2
LATND,2
HWLSP,2
HYIND,2
NTYVA,2
HYINN,2
QLDIP,2
NNLEN,2
QTGEM,2
RTYYC,2
QTYSL,2
ISIHT,2
LYTQL,2
IAYNR,2
LYTQP,2
TEWQQ,2
PDTSN,2
TTHPC,2
NDLLP,2
HKLEP,2
VAVHP,2
GTLQL,2
LYSQL,2
DTMTP,2
YTTRV,2
YTTRT,2
KSLHL,2
LFPNK,2
TTIVG,2
YLTYP,2
TTIVQ,2
SITHL,2
YLMED,2
NYIHC,2
YLMEV,2
TGITL,2
ESTQH,2
KQLTN,2
TISYP,2
YRTTP,2
PTHVI,2
YDMQE,2
MSTSP,2
MSTSS,2
YTSQN,2
NPYIP,2
TYTMQ,2
YDIKD,2
YYTTQ,2
TYTVH,2
QQTQI,2
PYTTP,2
SMLHY,2
YSMMT,2
TQISL,2
VEMED,2
VEMEE,2
TQISD,2
VEMEY,2
TQTHA,2
QHPVP,2
PQACL,2
SWKVP,2
PQLAV,2
NIAIV,2
CNMMP,2
TYIMQ,2
VQINN,2
MLNLP,2
QRTMP,2
LYTQT,2
QQTMM,2
HLRMQ,2
SRLIT,2
LTVAP,2
LTRYP,2
YERSV,2
HATYS,2
HTNIA,2
HTNIN,2
HTNIP,2
TILLN,2
NSLEP,2
WYYTD,2
YLTEP,2
YKTHS,2
YKMTP,2
VWTHP,2
TTFAP,2
PNYET,2
KTTQM,2
TTYLE,2
HAIQN,2
TTYLP,2
QNTLN,2
NNVIQ,2
YNSAN,2
TTWVP,2
HITQQ,2
LYSQQ,2
TQPEL,2
PMHEN,2
TSVQT,2
HEVHH,2
HEVHS,2
DSFTH,2
HDMEE,2
LHSVP,2
ASTDL,2
FLSTT,2
HKLNC,2
DLMVE,2
ITYPI,2
IQPQL,2
MLQVH,2
MMLSM,2
SNLKP,2
TNKTV,2
FTRAY,2
SPLRA,2
WTLTV,2
ASKIP,2
YTTRK,2
VDMKE,2
LSMIP,2
NMLHP,2
YQLDP,2
PNMLP,2
NQNIP,2
IHNHL,2
NQNIN,2
MNFVN,2
SLLEQ,2
PTKVQ,2
QLINP,2
PTVLQ,2
CMTAP,2
QASVD,2
YYGKK,2
YQTYH,2
YQTYR,2
PTTHD,2
ESTQP,2
YLMEE,2
PVPPH,2
TQTLK,2
STTVA,2
STTVP,2
PMRVN,2
DVMLE,2
HKTNL,2
STSHP,2
KINLC,2
HSVIN,2
HDTTP,2
VQTYV,2
CSTLP,2
TLNIE,2
TVLAV,2
CRLML,2
VILVT,2
LYHTP,2
HKPIP,2
TSTAN,2
TSTAF,2
HKPIM,2
QVNVQ,2
LMHEP,2
DEIDV,2
LKHNL,2
DEIDE,2
DNWAL,2
NSYDQ,2
HTMLN,2
VMYWP,2
RTTHS,2
RTTHQ,2
SSYAF,2
RYTRT,2
LLLSP,2
MQPML,2
PDPIL,2
RTTFT,2
TTELL,2
YDLVE,2
QILFP,2
WHTIT,2
PALAL,2
DDIFE,2
MSKAY,2
AHLHS,2
HNTEF,2
QEPIN,2
TNNNK,2
NITVT,2
AEWTT,2
EDLQN,2
ATSEL,2
KNTQP,2
YNLIP,2
AGYIT,2
PTTIY,2
PESVF,2
YPTIN,2
HTYES,2
PKMVQ,2
TLEAC,2
HYETL,2
DSNIP,2
DEIAA,2
VNIMT,2
QTTAK,2
QTTAI,2
KPPRT,2
YDIYD,2
RNKTP,2
HMTTL,2
DTYEL,2
CQIHS,2
HAHVR,2
LQMLN,2
YYIEE,2
DATVN,2
YYIEV,2
TAHHP,2
PKTMC,2
HTTIA,2
THKIV,2
NSWTT,2
MSITN,2
DEAID,2
VEFEE,2
DYIVE,2
THSVQ,2
SQRIV,2
NYTTL,2
SHIHT,2
NYCTT,2
HFTTL,2
CFIAA,2
SMTYR,2
ENKHP,2
NTLMN,2
NTLMP,2
VEMEV,2
SLPQP,2
TQYMH,2
QETSL,2
QPLTP,2
SCEVQ,2
CAPIH,2
IMTWE,2
LCVLT,2
SYRLP,2
FTAEA,2
HQLIQ,2
TSMLT,2
TYMSP,2
LVNVT,2
HDIDD,2
KRTTH,2
KTSLP,2
YHTDY,2
WHSHD,2
DTEMI,2
DSIIN,2
RTTCP,2
HTMHI,2
PIYLQ,2
GTVYC,2
TYLSN,2
NVPYN,2
TYLSV,2
TYLST,2
PHTMA,2
STNIV,2
ANPTP,2
PATIP,2
GTFTP,2
DDMSD,2
HGIMP,2
HSPIP,2
HEMVE,2
MEQHA,2
YTWHC,2
YLTFP,2
QTTSP,2
LVSWP,2
HITVS,2
WYTHQ,2
VAQTN,2
SLTAL,2
TDTIT,2
TPMLC,2
PTTQN,2
NTSVN,2
ASLQH,2
YVMDE,2
YEMEY,2
DYNQN,2
WTSFT,2
HSTSE,2
TELSA,2
MPTQL,2
NAANH,2
QQTYT,2
WEVTD,2
VDMLE,2
RYLCS,2
SQTTQ,2
SQTTP,2
SQTTY,2
ITTMA,2
ITTMN,2
QSQSD,2
YTNYN,2
IQLAN,2
SRTMI,2
AATTL,2
QPIIN,2
FYTMA,2
HVTKL,2
LRMAP,2
CNLYN,2
QTAVN,2
QSLMP,2
NDLYQ,2
MHTWN,2
YDLHH,2
MYMQT,2
SVHIP,2
PNIFD,2
SVHII,2
NKLWK,2
TSIKH,2
RNTLP,2
DTLQQ,2
TTTIT,2
PVIIS,2
LNIIT,2
GKIMN,2
HTMQT,2
HEIEE,2
CRFIQ,2
RTACL,2
TTTLS,2
TTVTP,2
QATYN,2
RYIAE,2
TTYTR,2
RYIAT,2
PMIAL,2
RLPIP,2
TKTLQ,2
TRSIP,2
TCNVL,2
YNTIT,2
YYNTN,2
TKTLN,2
DLMEV,2
LAMTM,2
SYPEM,2
LTVAH,2
NWPDT,2
QEIIT,2
ITYHT,2
ITYHN,2
VGSIT,2
TYNVT,2
TYNVN,2
SSMYY,2
HYREN,2
HQTLL,2
RSTKL,2
RHTMP,2
SAIQE,2
HQTYD,2
DFMHD,2
VDLED,2
YQLLS,2
PITQL,2
PITQP,2
LRTQR,2
HATMQ,2
HTTEQ,2
MTLIP,2
CQLQP,2
EYMDD,2
TTVIT,2
TTVIV,2
EYMDE,2
GILEN,2
YVIHP,2
TSKHL,2
PSTIS,2
HHTMP,2
KNTMT,2
YQTQN,2
VTRVP,2
TEMTQ,2
HSLLN,2
NTTYM,2
ESLTN,2
EHTTE,2
SPPIP,2
PTMLP,2
PTMLQ,2
IYKTL,2
TDLHE,2
TDLHT,2
PTTWF,2
SFPIN,2
DVMDD,2
DVMDE,2
RQTIS,2
FYRTP,2
DVMDV,2
PTCVQ,2
LHSEL,2
ASWHS,2
YTHVT,2
HDLTM,2
LYIVT,2
QKLTL,2
QIPIP,2
DVTSL,2
LTYVN,2
LTYVS,2
LTYVT,2
LQLHP,2
DRSYQ,2
TKSIP,2
PEIVT,2
IAFTN,2
LFLSP,2
YDMKE,2
QLTYN,2
TSTYQ,2
TSTYI,2
TRMTP,2
DLIVE,2
RDITL,2
CTIQP,2
CYNVH,2
QYTTA,2
PSTTL,2
DEILE,2
YTPVL,2
QMTMP,2
PNKIN,2
HEIQW,2
VTYAQ,2
VWLHP,2
DESIN,2
QCTHL,2
PGVVH,2
CCPPI,2
DHCIN,2
DYLVD,2
DYLVE,2
QHLRP,2
DNTID,2
HSHVC,2
PMRIT,2
PTTLL,2
PMRIP,2
PTTLA,2
DDINE,2
PTTLQ,2
PTTLP,2
PTTLT,2
RLEEH,2
IIVSP,2
AVIAA,2
HTNPL,2
FANIQ,2
VQTLT,2
AKLNP,2
SHINY,2
EWPYE,2
PDSWP,2
KSQIL,2
SNLHT,2
HDTAL,2
QTRSC,2
TYSHL,2
VDIDD,2
MQLLT,2
TATYK,2
CQYKP,2
WATTA,2
QTTIS,2
QTTIN,2
QTTIL,2
QSTNI,2
QTTIG,2
YTHSP,2
YDIVE,2
TASYL,2
QSALP,2
QTWIQ,2
IALET,2
QTLTP,2
QTLTN,2
LNAIQ,2
SSYTP,2
QVPLS,2
LETLN,2
LLRWH,2
MSQEP,2
TTNED,2
LETLG,2
PALTL,2
DDIQE,2
DDIQD,2
DDIQV,2
MSILP,2
SVLTN,2
MATIY,2
TYTSR,2
NTKVQ,2
NTKVT,2
YHSLP,2
SQRAL,2
NLTIN,2
SMTQL,2
TFMGY,2
QFKVD,2
PELYM,2
WNTYP,2
ATIQL,2
HHSHL,2
GSQEL,2
CKTIK,2
VVMDE,2
HQLQP,2
QLHYP,2
TLETC,2
QCSVI,2
NALIP,2
HNLSN,2
SWSYP,2
HVSIT,2
YDIND,2
SNMFQ,2
TLVYT,2
TNVHP,2
DIIAT,2
TMKTT,2
LEIYT,2
YYMDV,2
GIREN,2
RDPIL,2
LMYTP,2
SSLHW,2
TRLSP,2
VMINT,2
QLLIP,2
PSTYP,2
TGYEN,2
TSLAA,2
TSLAH,2
YGTRL,2
YRAEE,2
TSLAP,2
QMLIQ,2
DEKEE,2
SLTIK,2
SLTIG,2
LHVTC,2
VECLR,2
KTHIP,2
HSYTL,2
CKYVP,2
SYRQN,2
ITTEP,2
HQQLS,2
IKTLS,2
KHYVT,2
DSFTF,2
MQVIS,2
NCTIP,2
PRVIP,2
SRTEN,2
TEIQS,2
QQTAY,2
SSEVT,2
QTYHP,2
SSEVF,2
LTHIT,2
QTIEH,2
HNTLN,2
WSYHT,2
EYTLL,2
VYIED,2
LTIMP,2
LYTDS,2
ESHYP,2
NPLFP,2
THILH,2
FDMDD,2
QVCFP,2
QAPIA,2
HNVQQ,2
RAPIP,2
QAPII,2
MDHRM,2
QETTP,2
DHLDV,2
WLLHP,2
PDPIQ,2
YVALP,2
NPMLT,2
YTTDY,2
HSYIS,2
QLLQN,2
LMMTC,2
PIAFQ,2
TNEIP,2
RLSAH,2
QTLAM,2
SWTLA,2
SWTLM,2
PNYQI,2
YTTDR,2
VEPPK,2
GLNYP,2
NQYQL,2
PMYTL,2
HLPQL,2
YNASY,2
VVLED,2
VVLEE,2
LHLTE,2
RITYP,2
HPLTP,2
HDVHA,2
PQLLD,2
PQLLM,2
TERGS,2
WTTQK,2
SNVIH,2
LHTHP,2
ISLAQ,2
CGQIP,2
HRTLN,2
IHMIS,2
LMNIT,2
VYCVA,2
NENHR,2
QAAQL,2
YQLTE,2
YQLTI,2
YQLTN,2
PITIT,2
PNSEE,2
LTPLL,2
FTHDL,2
ARLLT,2
DLIDD,2
VMTFT,2
VHYEP,2
YTLNT,2
EYLTM,2
TRVFL,2
HHTEY,2
DDLHY,2
DDLHD,2
HMTII,2
TIIRK,2
TNMTL,2
RQAIQ,2
HSLTP,2
HSLTD,2
FHTQR,2
QQLHP,2
NSIHT,2
DDLKE,2
NVSSD,2
ETKLH,2
NTTQF,2
YSEQQ,2
LSQVS,2
RQTQP,2
PRNVI,2
QTESP,2
TLQTC,2
SLTVL,2
YTTDA,2
TKHHL,2
HMIQP,2
YRTVW,2
YTLQF,2
YTLQN,2
PNPIP,2
YTLQP,2
DLIED,2
NEHYQ,2
DYMDV,2
LPVMP,2
LLCQP,2
DYMDD,2
THTII,2
TSTQH,2
TSTQN,2
PIMHH,2
MSLTP,2
QMTET,2
DEREY,2
PTTDL,2
DEREE,2
DERED,2
DWSAL,2
QQIKP,2
ETMTE,2
YTDYP,2
YNVPC,2
KSSHL,2
CTAVY,2
TEVTN,2
SYSVN,2
CTAVD,2
YIAHP,2
YQTYS,2
TNTML,2
TNTMN,2
TNTMY,2
IFTMA,2
PKTKL,2
SYTHH,2
VDILE,2
GMSII,2
VSMIQ,2
QSTFY,2
MNAIP,2
TATQN,2
IVLMP,2
HGLDL,2
NHYTL,2
HAMQN,2
YCTQP,2
HHTNL,2
DNWTP,2
CQLTY,2
DEIQD,2
DEIQE,2
TVSRL,2
MWTTK,2
MWTTD,2
QLSLA,2
AMSLT,2
ECLTP,2
APTVC,2
LTNVP,2
YKLLP,2
PHDIP,2
TSYVN,2
CLTLP,2
SILTN,2
PALLT,2
VDLTI,2
DDIYE,2
DDIYD,2
KSTTP,2
ATMHS,2
DYIFD,2
LSTVA,2
ATLND,2
FTKAN,2
PVLLT,2
DSAIT,2
PTAYP,2
PELQH,2
DVIYE,2
LTTLV,2
VVYTL,2
IRYLP,2
WATAF,2
NALQN,2
DDRLD,2
KSMLS,2
DYMKE,2
QEHTP,2
LNLFP,2
NILSP,2
RNQVP,2
TMTEN,2
LTTLY,2
YEIDE,2
AYLSP,2
AYLSH,2
ELHMP,2
DHIQT,2
CTTFM,2
EELEE,2
RQTHQ,2
YYYEP,2
SEISM,2
TTWMV,2
MCRNM,2
SLTQP,2
QILQN,2
NLAVT,2
RYSHA,2
TTHHL,2
QMLQP,2
TSLIT,2
PATIS,2
PYPEL,2
HSTCD,2
PYPEW,2
PATIN,2
YSFTM,2
TTINT,2
ENHLN,2
LEQIL,2
ILTRL,2
TQVVP,2
MASHL,2
DAVVQ,2
YVTRH,2
LATMP,2
QFTWR,2
KVTLQ,2
ASLAS,2
ASLAQ,2
HNLLT,2
TQTIT,2
HNLLP,2
TRVTQ,2
HNLLH,2
FYMIP,2
IQYLH,2
DKKEP,2
MCTYR,2
HNLRH,2
GVPIQ,2
LSTMQ,2
DDMLV,2
AEVLP,2
QTHIP,2
WALTN,2
RDKHL,2
VHLPL,2
YTNVT,2
GTLTD,2
HSNQP,2
TRLTP,2
TTIQH,2
THTES,2
SLYLP,2
DHMEV,2
LIWHP,2
ILAEP,2
DVMLD,2
PYDFL,2
PSYHK,2
TDVIL,2
NVMLQ,2
STACP,2
VELDE,2
TETME,2
NAVVT,2
HTPIP,2
QNQVN,2
APPIP,2
GSLHN,2
YATAP,2
SYVCT,2
SYIAP,2
THMDP,2
DTTYH,2
YEMQE,2
YQMAT,2
PKPVP,2
PKPVM,2
PETFQ,2
VSLFP,2
YTNAL,2
DEMEQ,2
WSMIT,2
TSCVL,2
SKPIL,2
DDLEY,2
DEMEK,2
VTTKP,2
TTLSN,2
LTPTP,2
EQAVQ,2
PGPVP,2
NTSII,2
PLRQN,2
ESHCN,2
QQTQL,2
DVLIP,2
PSIAQ,2
NTEIV,2
TGTTP,2
TTVYY,2
TGTTL,2
SWTYT,2
SILIT,2
TYISS,2
LKFQP,2
KTTLE,2
PNTWY,2
DNPVP,2
LAFSP,2
LTSYL,2
KTSVD,2
DELQE,2
QTTQI,2
HRPIP,2
ITNIE,2
TDLTT,2
HVHLP,2
KITYL,2
ITSHL,2
PLLTH,2
QVTQN,2
LTQIN,2
FEIEE,2
LALET,2
WAAHP,2
TLTLD,2
RPPKF,2
TLNIH,2
NMLKP,2
EQTRV,2
HPTVP,2
CHHIY,2
YTLYQ,2
RQLTV,2
NYLNH,2
EKEHL,2
VTLSH,2
HTHIT,2
FKTVS,2
PYYYN,2
QNVQA,2
RGPQL,2
SHAIL,2
PSDIA,2
DSTYT,2
DYMLD,2
QPSNS,2
RQKQP,2
QCIHC,2
HSVLT,2
HSVLP,2
YNLQT,2
ASQSP,2
PTTMY,2
DVMKE,2
TDYVT,2
MCSHP,2
QGIHQ,2
HSMIP,2
SRLAV,2
HILDY,2
CQSVQ,2
QTTYT,2
YNYHQ,2
PNAIN,2
RKAKP,2
YCTYN,2
TSTLP,2
TSTLT,2
HTQIN,2
LNVLK,2
ITIAL,2
TSTLL,2
IQIQP,2
SYTQV,2
DDIAE,2
AHAEP,2
DEIYD,2
DEIYE,2
DEIYV,2
DYINE,2
DYIND,2
AQTLC,2
HTILQ,2
MQTEP,2
QWLSQ,2
LPGEL,2
IYTSV,2
LTSIC,2
NACVM,2
AFKWL,2
MTNAP,2
PSQII,2
PKLQP,2
HLTYN,2
VDIND,2
ITTIQ,2
HLTYT,2
HLTYP,2
WHPII,2
ATLFN,2
YSISP,2
IYTTL,2
LMTET,2
HLSIL,2
TATLN,2
RPTVL,2
TATLL,2
AYIAP,2
ISTMQ,2
RETCP,2
TCLHP,2
FESTL,2
GILMP,2
HQKIR,2
QLLHP,2
DSTTL,2
THTYQ,2
LRPEP,2
RRPQQ,2
INIVQ,2
CSLQK,2
TTIST,2
THIKT,2
DTPVP,2
HYTRS,2
PIAGA,2
RSYYL,2
HTIEN,2
AYFAP,2
PFTEY,2
DTIMT,2
LFTIP,2
QSTYL,2
WMTLT,2
QVVAQ,2
MLIRP,2
HTTTM,2
HTTTL,2
HTTTN,2
SLKEP,2
HTTTP,2
HDIYD,2
YEMKE,2
ITIET,2
LTTIL,2
DDTDQ,2
LQLET,2
TSLQT,2
TSLQN,2
DTTIP,2
LHLQQ,2
PTLDH,2
IHPIQ,2
LTTIV,2
RTQAE,2
RMGIL,2
PTALP,2
PTLDP,2
DEMKE,2
ENHTP,2
ENHTL,2
HRTQN,2
SSLVT,2
TQPVQ,2
PSLLC,2
ITWIN,2
PSLLT,2
LNHIP,2
HTLQT,2
ATHHL,2
RQYEN,2
WITHC,2
HTLQQ,2
HTVMP,2
YEMAD,2
CAQHL,2
MTKAV,2
HTLQI,2
DYSAD,2
NHLHN,2
MMSIN,2
KATEN,2
GEYVL,2
VQKAT,2
INVIE,2
QASTN,2
HTYLP,2
DTLWD,2
QLVEV,2
YDLDD,2
NPLVT,2
RSLTP,2
RGMIT,2
DDMVD,2
DDMVE,2
AYLDT,2
LRTGF,2
DNSYE,2
LYTTD,2
LYTTE,2
LYTTH,2
ETAYT,2
YTWMP,2
HVTCT,2
TYSIH,2
PDMIT,2
LSNVA,2
YSLNH,2
HSTVS,2
YSLNT,2
HEMDE,2
HEMDD,2
SVTMT,2
YLTAF,2
TGPRP,2
TTIYQ,2
HLEKF,2
NTISP,2
YYRYP,2
NQRQL,2
SQTIG,2
WMEYI,2
NSPID,2
TCIQL,2
HTYLN,2
SFTQL,2
YVMVE,2
WTTAP,2
WTTAS,2
TAIVN,2
SMAMP,2
SIHIP,2
HHNTP,2
PKVLP,2
ENLYL,2
HQTTL,2
HQTTM,2
PQYQP,2
YDRDD,2
PGTIN,2
LSTYP,2
LTLLT,2
HVTTY,2
DSSTV,2
LYTKL,2
LYTKV,2
IESYE,2
VEMQE,2
YEMYE,2
YEMYD,2
YHLTL,2
EYTAS,2
HALFT,2
SHSVQ,2
IGHLS,2
PYQEL,2
PNIEL,2
VTTSP,2
WNTLP,2
TTYWA,2
CMLTL,2
STNVW,2
THHHC,2
PTVHT,2
ETEGS,2
YTFEP,2
ATRII,2
SIHQC,2
DDRED,2
DDREE,2
SILVS,2
LCIQT,2
YNTLQ,2
DLMQE,2
RVTLV,2
ITMIN,2
RVTLA,2
YVLSN,2
DVFDE,2
ETTTL,2
ETTTN,2
VYIDD,2
IHRII,2
ASTAL,2
RSIIP,2
AEVAP,2
HDVES,2
EICTP,2
LAVTP,2
ANHEL,2
QSIVT,2
SHNPG,2
HHITP,2
PCLLT,2
LKLTH,2
LGYAL,2
RHTNL,2
HTNEN,2
SKTLN,2
ISTQN,2
YTLAL,2
SKTLL,2
KRPVP,2
SAGVP,2
PHVVG,2
WSTTV,2
TYVPC,2
HTTIH,2
LQTAM,2
VFMEE,2
VWHHL,2
YQMEE,2
SDVYN,2
YALAF,2
NGRIN,2
STTMM,2
STTMA,2
HTTIR,2
PYFIT,2
YYSTL,2
NRVHP,2
QYNDN,2
YAETL,2
TNTMQ,2
CSMMT,2
HRLKQ,2
CDTMP,2
RCIIN,2
DVTTN,2
LVAEP,2
ITIWP,2
YCYTL,2
YLLHT,2
ISNID,2
TRTTM,2
SNTGQ,2
YDMHD,2
SHIVG,2
TSRVP,2
SVYTP,2
KKHIA,2
IQTLV,2
DEIVY,2
NTPLP,2
PTTIN,2
PTTIM,2
AHLSH,2
DYMQD,2
DYMQE,2
DEIAE,2
FEMDE,2
GSTMQ,2
DYIVD,2
VCISL,2
KQQEL,2
NRYIT,2
HSPIV,2
LQTHY,2
SPYVP,2
TNIQN,2
IQLAP,2
QTAVP,2
QSSSL,2
QTTAL,2
SYAEV,2
MPQMT,2
HLTQP,2
QTRVV,2
EVIAP,2
YDIDY,2
GVALN,2
NRNEY,2
VQLAE,2
SSMYE,2
NSIVT,2
WATQA,2
LALTN,2
QSTSL,2
QTTDV,2
HQANL,2
NCLHR,2
CDIHP,2
DNMEE,2
TALLT,2
HMTTP,2
TVIVT,2
AEVLI,2
RRPYP,2
YDIVD,2
TTLQI,2
PRSID,2
QYYQT,2
SIYIP,2
MECHN,2
ACVTL,2
RYKEP,2
AFTIT,2
SEYHA,2
LHCYP,2
YSYQP,2
SETHA,2
TNLAN,2
ATIVT,2
PRTVH,2
STFII,2
PSLDP,2
SNTQY,2
HETTL,2
SSAMN,2
ATLQT,2
STYLY,2
QQLAH,2
IGIIP,2
LAWLE,2
QGTTL,2
NTLVS,2
PTLLP,2
HQKVP,2
LSLET,2
DERYD,2
HQLTP,2
NNQII,2
YYIED,2
PHWIS,2
HYTAD,2
HYTAY,2
LSHFP,2
HYTAT,2
NMQIN,2
NQYIP,2
YEIKE,2
HDMYD,2
PIYEP,2
QTPVH,2
TALVN,2
TSSQL,2
HCVTM,2
KDGHR,2
SLTDA,2
TYSVP,2
MTQVQ,2
DDMNE,2
SSLMK,2
PGTTP,2
YYLEE,2
VAKPT,2
RTLTN,2
HSTNL,2
QTTID,2
YLTIT,2
TTIAD,2
TTIAH,2
SQTQP,2
SQTQL,2
NTSIP,2
AIPLV,2
DDIKV,2
PYSCP,2
SEPVA,2
HSYQQ,2
PQSIQ,2
ITNIP,2
NWTMN,2
CHHIL,2
WTTIS,2
HNTIL,2
TDITL,2
QSQVF,2
RENLS,2
AKGLS,2
WLFQP,2
LTIHT,2
PETVA,2
PETVP,2
WFTTN,2
WFTTH,2
DTSIT,2
HTIEI,2
IQELP,2
PHNHK,2
TANVP,2
NELRP,2
YLIEE,2
PHNHP,2
SSLVN,2
HYMEE,2
LNHIW,2
VVMVE,2
YEMAE,2
QGTHK,2
FRSML,2
IEPQI,2
TCTIT,2
YTYHD,2
PTLLK,2
PNIYT,2
DYAGN,2
QNNII,2
YNTLD,2
YNTLH,2
YNTLL,2
SWTIP,2
LVCPH,2
PHHHF,2
KYLRH,2
PSLIT,2
CTVEN,2
SVMTP,2
SYITE,2
HTLKN,2
DLMYP,2
LTTMW,2
TNLVP,2
PNWQP,2
EECVN,2
VVMDD,2
IIYHP,2
MSLLP,2
VVMDV,2
QITHN,2
LSHIP,2
THLVP,2
NDTIN,2
SNVDL,2
TANIQ,2
RNVTL,2
PWEVS,2
YIKHY,2
QLYIT,2
YETSI,2
YEREE,2
AQLAN,2
QQVHP,2
SHDVL,2
HATHL,2
HATHF,2
HATHE,2
DDRVV,2
RSHIP,2
TTMVN,2
HGVQN,2
ARLSP,2
SHTVP,2
PHFEP,2
TYAEP,2
DDMAD,2
LHNYP,2
RCIEL,2
MSLLQ,2
LQTIG,2
DDRVE,2
QVLHC,2
MFIQQ,2
