RMTYT,10.0
NTNHY,10.0
RQFTH,10.0
STNHP,10.0
STNHQ,10.0
RQSTD,10.0
KISLT,10.0
YSRTK,10.0
EAHSL,10.0
PSNMA,10.0
QCHDL,10.0
PRRQP,10.0
LYCTY,10.0
PDHQP,10.0
LRQQH,10.0
CASIH,10.0
HQYHT,10.0
NWHMP,10.0
HISLT,10.0
SFPTP,10.0
NHAYS,10.0
SHPYY,10.0
QPPHP,10.0
QKVTK,10.0
HMSTL,10.0
HVFHT,10.0
TSATN,10.0
RASTN,10.0
CTYKP,10.0
EMRTQ,10.0
MNAQA,10.0
DCATQ,10.0
PTSWQ,10.0
THNAP,10.0
NTPDY,10.0
CTKYT,10.0
TPLYG,10.0
FSYRT,10.0
RTTKT,10.0
TPLYH,10.0
QNVNP,10.0
RTTKA,10.0
FTSNP,10.0
PKTNQ,10.0
HSTAT,10.0
YNVSH,10.0
RLEHP,10.0
MFHSL,10.0
ISPTE,10.0
QTANC,10.0
HNEQH,10.0
DAQMC,10.0
YALNA,10.0
LTCYS,10.0
HVHTY,10.0
SSMQQ,10.0
NQTHT,10.0
QLCRP,10.0
NQTHH,10.0
RPTFF,10.0
NKTMN,10.0
NKTMH,10.0
HADIQ,10.0
YDNTN,10.0
NSYRA,10.0
PNQIS,10.0
PPLYC,10.0
CLAYN,10.0
NSYRP,10.0
ETNWD,10.0
PAAQP,10.0
PALSN,10.0
PALSA,10.0
YTHNW,10.0
NKMNT,10.0
VTSHR,10.0
RTTTE,10.0
TTNNP,10.0
RTTTT,10.0
NRSAL,10.0
RTTTY,10.0
NYPHA,10.0
TTTGI,10.0
TTTGY,10.0
CTEEK,10.0
HTTDH,10.0
PMKTP,10.0
HTTDN,10.0
HSPTL,10.0
TEHHN,10.0
PNLTN,10.0
PNLTH,10.0
RQPIS,10.0
YAFKH,10.0
RTPMQ,10.0
QENQP,10.0
AKTTD,10.0
NALTI,10.0
HVSLT,10.0
QGTLP,10.0
HNLTA,10.0
PTLTV,10.0
TIMNT,10.0
RDSTL,10.0
NETEI,10.0
HYSQT,10.0
HDPTM,10.0
HPDLL,10.0
CQYQA,10.0
GIRNP,10.0
SKSTN,10.0
YPFTN,10.0
SKSTK,10.0
SSTMT,10.0
PDPHP,10.0
NDRYN,10.0
MNSSL,10.0
MNSSP,10.0
DTCMS,10.0
TLPTP,10.0
NHPYD,10.0
TTQQN,10.0
TTRQT,10.0
CTNHF,10.0
PTPTL,10.0
PTPTP,10.0
SPFHA,10.0
FKTTA,10.0
NNALE,10.0
PNYQA,10.0
MSSLT,10.0
SQCLK,10.0
PTTSK,10.0
QGEYY,10.0
SYQTP,10.0
SYQTT,10.0
SYQTE,10.0
GSHHN,10.0
PATLT,10.0
YNHQT,10.0
CHHQP,10.0
TKQLT,10.0
HWSLV,10.0
DMRAP,10.0
STKAP,10.0
TVNTN,10.0
KPILP,10.0
HNTQH,10.0
PENHA,10.0
HNTQD,10.0
HPQAL,10.0
PDSTA,10.0
HDHFK,10.0
GHITT,10.0
QTSYR,10.0
HWTTP,10.0
VSATL,10.0
GQKLS,10.0
LNSHH,10.0
LNSHT,10.0
ERPQH,10.0
HMPTL,10.0
HMPTP,10.0
NMIST,10.0
TATQQ,10.0
DPALT,10.0
LLTDS,10.0
SIPTY,10.0
TFNIS,10.0
DNVTQ,10.0
LFPDP,10.0
TGPEF,10.0
NPTTP,10.0
KPAQP,10.0
TQSLT,10.0
IQCQA,10.0
STRQQ,10.0
PMLQG,10.0
QHDQK,10.0
SPLMS,10.0
NYHDQ,10.0
TQSSE,10.0
PAMTN,10.0
HRNQP,10.0
TNELQ,10.0
DASSL,10.0
QPTPC,10.0
NNFSL,10.0
RIITN,10.0
HRPQL,10.0
PRVST,10.0
CFNSP,10.0
NCTTK,10.0
NCTTI,10.0
QTHWP,10.0
STTSA,10.0
DTSTT,10.0
NIPTP,10.0
KYTTT,10.0
APLHP,10.0
PKSQQ,10.0
FTNSN,10.0
LSTSG,10.0
IACLN,10.0
LSTSI,10.0
LTPQP,10.0
MHTFN,10.0
MNHTL,10.0
IIQTP,10.0
PITDT,10.0
NMLSV,10.0
SHETN,10.0
PNIHT,10.0
TSCHT,10.0
PICQA,10.0
GTTNP,10.0
TTMNH,10.0
HASTP,10.0
IIHKP,10.0
NKYTQ,10.0
NTINN,10.0
NTINT,10.0
QTYRN,10.0
PHISN,10.0
ESPQN,10.0
QSRAP,10.0
HEIKT,10.0
LAPMN,10.0
SPPTP,10.0
ARIQT,10.0
HSRMW,10.0
HSAQP,10.0
IRAQL,10.0
HSAQH,10.0
ASTNE,10.0
ASTNI,10.0
ASTNP,10.0
ASTNV,10.0
LHSHT,10.0
PLLQT,10.0
EQNMT,10.0
PRGQP,10.0
QGKMP,10.0
PRSEQ,10.0
QSIYS,10.0
DIAKP,10.0
RHPHP,10.0
TAAHY,10.0
LSQQN,10.0
HCNQP,10.0
LSQQP,10.0
KSPEP,10.0
SSNSP,10.0
DQEMS,10.0
QYATQ,10.0
QYATH,10.0
QYATD,10.0
YTCTT,10.0
NMSHV,10.0
MQSQH,10.0
MHQNQ,10.0
TSESP,10.0
TSTTH,10.0
TRKQT,10.0
NSTYF,10.0
LRTNW,10.0
MHPHQ,10.0
LRLST,10.0
NQHYN,10.0
RAIQQ,10.0
HTRQT,10.0
PQKQN,10.0
YNGTL,10.0
PTRWD,10.0
FAKQC,10.0
TTAHA,10.0
TTAHT,10.0
SRRYH,10.0
LDTKT,10.0
MIANP,10.0
YTQTP,10.0
NLSRL,10.0
YTQTN,10.0
PSDLA,10.0
LVLST,10.0
MSWST,10.0
LHITT,10.0
QHPHV,10.0
HDTNN,10.0
RSEHP,10.0
MMAHS,10.0
IQHHH,10.0
WTNNN,10.0
WTNNE,10.0
GIFAT,10.0
TWLNS,10.0
HLTAQ,10.0
ACTNP,10.0
HTLTH,10.0
HTLTS,10.0
SANIT,10.0
FNTTT,10.0
FNTTH,10.0
FNTTN,10.0
HANLH,10.0
HGHTA,10.0
TATTR,10.0
HTQLT,10.0
TATTY,10.0
QTTTQ,10.0
QTTTS,10.0
QTTTT,10.0
TATTH,10.0
SSCNP,10.0
CMHLA,10.0
KCYSI,10.0
CMHLT,10.0
ESFKT,10.0
PIKHP,10.0
PIFHT,10.0
PGYQT,10.0
TISDL,10.0
PHCLN,10.0
LQQHS,10.0
GAPSL,10.0
HTTLG,10.0
PNVQS,10.0
IIEQT,10.0
RCMTL,10.0
TQAEH,10.0
KTHTP,10.0
KTHTL,10.0
CSPAP,10.0
PSLTS,10.0
RTKTL,10.0
GYIHT,10.0
CTTRP,10.0
DDATQ,10.0
PFNLP,10.0
SMTNV,10.0
NTHAV,10.0
CTTRH,10.0
YALSN,10.0
TCLKT,10.0
QHTRS,10.0
LAAAY,10.0
HRTMD,10.0
KAPTP,10.0
CSFHA,10.0
PKLTT,10.0
SRPFT,10.0
KPYHN,10.0
ESKTQ,10.0
TSKTE,10.0
TSKTL,10.0
MHNLI,10.0
YHNHT,10.0
PRFRT,10.0
SNNHP,10.0
YQSTY,10.0
YQSTV,10.0
SRSLV,10.0
SRSLT,10.0
DTPSP,10.0
QINTL,10.0
QYCST,10.0
IPCTD,10.0
MEGTT,10.0
QDYMT,10.0
NLNLQ,10.0
HYHSD,10.0
NTAQN,10.0
PNLAS,10.0
WVSTQ,10.0
HIHQH,10.0
SLTTP,10.0
SLTTT,10.0
KTKDL,10.0
YNQFT,10.0
ASNTL,10.0
QHTMT,10.0
IARPL,10.0
HHNHP,10.0
QGTYR,10.0
HNLAS,10.0
WNQSP,10.0
NVAET,10.0
SFAQH,10.0
QIRTL,10.0
QTPAM,10.0
SHLTT,10.0
CLHQP,10.0
EPLLT,10.0
NPFQN,10.0
EPLLA,10.0
RVCFN,10.0
AATAI,10.0
AATAP,10.0
TLPAN,10.0
VNSTN,10.0
SNLNC,10.0
NDSHP,10.0
NQKTN,10.0
NQKTD,10.0
NPAYN,10.0
ISINI,10.0
DTPHP,10.0
TTHRP,10.0
YKPTA,10.0
YKPTY,10.0
NFQIT,10.0
YKPTT,10.0
RSLSN,10.0
LCNAL,10.0
SENTI,10.0
DCVSN,10.0
TSIPL,10.0
PTEQT,10.0
NSHIT,10.0
HVTRT,10.0
TDNQE,10.0
NYHLS,10.0
STRIH,10.0
TFNQV,10.0
PATSY,10.0
QWPHN,10.0
NAAHE,10.0
SQTNQ,10.0
SQTNI,10.0
SQTNH,10.0
SQTNA,10.0
ETPEH,10.0
ITTKQ,10.0
ITTKS,10.0
HSCET,10.0
TLYQT,10.0
TMGLF,10.0
IWHAT,10.0
RLIMT,10.0
HVTQT,10.0
HVTQS,10.0
CSSLK,10.0
PDAET,10.0
GQTRP,10.0
SSVNH,10.0
LYSHT,10.0
TAHSN,10.0
HNATE,10.0
HNATN,10.0
NESHP,10.0
QSVNQ,10.0
NPTIT,10.0
SKWSN,10.0
SHCHS,10.0
PIDQP,10.0
SQPTD,10.0
CTFSC,10.0
IPLSM,10.0
NFTTS,10.0
NFTTV,10.0
NKSIH,10.0
SIGTM,10.0
ARQTP,10.0
LNVQS,10.0
HSSAQ,10.0
SMAQD,10.0
ARQTL,10.0
IQTNQ,10.0
TRQHP,10.0
QNTNP,10.0
PSPMV,10.0
SLHYP,10.0
STQHQ,10.0
STQHT,10.0
YSAMT,10.0
PAVSE,10.0
MFTPC,10.0
KTSSP,10.0
NAKHD,10.0
GKPTI,10.0
HNPTL,10.0
HNPTY,10.0
TQHHT,10.0
NCTKL,10.0
HSAYA,10.0
SYCAH,10.0
HSAYR,10.0
DIPTN,10.0
ATNFY,10.0
HSLTT,10.0
HCNIT,10.0
EPHIT,10.0
CHYDN,10.0
SSQKN,10.0
PISMV,10.0
SNCYK,10.0
PEPST,10.0
NMEQN,10.0
NEHWT,10.0
NQSLT,10.0
NQSLN,10.0
PNTMA,10.0
NSEHP,10.0
QSLDN,10.0
PNDVT,10.0
KLVTT,10.0
HTAHS,10.0
HTAHA,10.0
FSAQN,10.0
PTYNT,10.0
YNGLP,10.0
KHHYF,10.0
NSSCA,10.0
NSTQH,10.0
NSTQN,10.0
KTTYT,10.0
GTMTW,10.0
VTLTG,10.0
TQTNA,10.0
TQTNH,10.0
TQTNN,10.0
PLPRP,10.0
TQTNV,10.0
LYSMS,10.0
TGQNL,10.0
NATVT,10.0
PSDTP,10.0
PTTQT,10.0
CNHTP,10.0
PTNHP,10.0
HQHTE,10.0
KSPVD,10.0
MYATV,10.0
TKHFP,10.0
QLISQ,10.0
LYYKT,10.0
SHPLY,10.0
ISPDK,10.0
QTRNN,10.0
HTQDT,10.0
HTQDL,10.0
TYRKP,10.0
ARPTT,10.0
TLRHP,10.0
TSNHD,10.0
YLYTQ,10.0
QMTKA,10.0
QMTKV,10.0
IDSLT,10.0
PHCTL,10.0
QLETM,10.0
SIFSE,10.0
QPNRL,10.0
NTPQE,10.0
QNITQ,10.0
HAKTP,10.0
TCTKT,10.0
TNITW,10.0
SWVWG,10.0
TNITS,10.0
TNITQ,10.0
GKEHT,10.0
TNDTL,10.0
NITTY,10.0
NASLP,10.0
CMPIT,10.0
ARSMM,10.0
PTITT,10.0
HNSQH,10.0
NNTLN,10.0
NSKVT,10.0
NNTLT,10.0
EPQTP,10.0
RVSTP,10.0
SAMLT,10.0
KMNMP,10.0
DAPLH,10.0
LTKTP,10.0
TAMTY,10.0
NKIHS,10.0
DGHHN,10.0
PDNNL,10.0
QSTPE,10.0
SSCQQ,10.0
QTTGE,10.0
RPAIA,10.0
QSTPV,10.0
INSTL,10.0
MHWST,10.0
HKITQ,10.0
SAETN,10.0
NHTHQ,10.0
SSSFR,10.0
FNTAS,10.0
EYPQS,10.0
EYPQT,10.0
YPAFN,10.0
HTGMT,10.0
NRSTN,10.0
QMFHT,10.0
SSPLN,10.0
FHSTP,10.0
GTKTP,10.0
YYCNN,10.0
PTPDM,10.0
QDWNP,10.0
TINLT,10.0
TINLH,10.0
VHHSN,10.0
TTRAA,10.0
AFTDD,10.0
NGTWT,10.0
QNLNQ,10.0
NTAYR,10.0
QNLNN,10.0
NYTRA,10.0
YAKET,10.0
AFADL,10.0
GAKWD,10.0
TPTEH,10.0
SMPTL,10.0
HETSN,10.0
RTQLP,10.0
RTQLQ,10.0
HPDYL,10.0
NNAQC,10.0
QTPYK,10.0
RNKMQ,10.0
SFQLT,10.0
NETHS,10.0
QSETT,10.0
QSETP,10.0
YLHYH,10.0
HYTDG,10.0
CLQFA,10.0
QRPFE,10.0
SSLNN,10.0
CESTQ,10.0
YKFQT,10.0
QVSHT,10.0
IDLSN,10.0
IWTSN,10.0
DNSTL,10.0
DNSTM,10.0
DNSTN,10.0
TSSRQ,10.0
TSSRP,10.0
TSSRL,10.0
HTYHT,10.0
KKPTM,10.0
KKPTL,10.0
NCQMT,10.0
TRHRP,10.0
IRNQN,10.0
NTSTE,10.0
YNQSL,10.0
NTSTP,10.0
AEQQP,10.0
PFRWN,10.0
TCINQ,10.0
NSPLQ,10.0
TTSRM,10.0
PSAMC,10.0
SQSLF,10.0
HEMAN,10.0
HSTQH,10.0
HSTQT,10.0
THKWN,10.0
WISTT,10.0
IMHDP,10.0
CATAR,10.0
TDNYN,10.0
QEHHT,10.0
GLSFT,10.0
RSPSL,10.0
SFTTQ,10.0
SFTTS,10.0
SFTTT,10.0
HIQHT,10.0
QSRQP,10.0
LPTEP,10.0
SKFHI,10.0
KPTAI,10.0
LSFMT,10.0
DTTNN,10.0
QLTNV,10.0
TSYRQ,10.0
PLAAD,10.0
SRQME,10.0
QTCMA,10.0
WRKTT,10.0
HTYSR,10.0
RSLNN,10.0
LNIHT,10.0
FRISA,10.0
NKLQS,10.0
HAPQM,10.0
ACYNE,10.0
HAPQP,10.0
PHNEH,10.0
HTSMT,10.0
HTSMQ,10.0
HTSMS,10.0
TANQP,10.0
HISYD,10.0
RYYHT,10.0
QKSHH,10.0
NSPSL,10.0
PMCHH,10.0
PVYTN,10.0
TGSFS,10.0
PMCHA,10.0
QKSHQ,10.0
TIDMN,10.0
TSHAT,10.0
THRWQ,10.0
PTHLQ,10.0
PTHLP,10.0
HTTRP,10.0
ALETE,10.0
PLTTQ,10.0
PLTTA,10.0
HHTRQ,10.0
YNTKA,10.0
ATRTP,10.0
DLSNL,10.0
QHSFT,10.0
GKPLN,10.0
IYRHT,10.0
QITMT,10.0
MYSTH,10.0
LNNVT,10.0
NEGIT,10.0
LSQAN,10.0
NISWH,10.0
NISWT,10.0
NSRTM,10.0
HQTNI,10.0
YAPTV,10.0
HQTNF,10.0
HQTNV,10.0
PKNEQ,10.0
WMQSP,10.0
PMHSL,10.0
AMNDE,10.0
CAYTA,10.0
CAYTH,10.0
WTQAT,10.0
TVPEA,10.0
NPIDE,10.0
FHQMT,10.0
KYLWW,10.0
NYSNP,10.0
LTPFT,10.0
SGTTT,10.0
TVQYT,10.0
GATSI,10.0
KNRYY,10.0
LQNRP,10.0
YVPQN,10.0
RTSVS,10.0
TENLD,10.0
TYRTT,10.0
TYRTS,10.0
NSTIE,10.0
DCTNY,10.0
DCTNW,10.0
LQTDT,10.0
VESQH,10.0
PSITR,10.0
KHLPC,10.0
NATNL,10.0
NAEKQ,10.0
PQPTN,10.0
HCTRN,10.0
NPSVQ,10.0
AGTQP,10.0
NNMTQ,10.0
NNMTY,10.0
LTYTV,10.0
SHIST,10.0
ESNLW,10.0
AKITQ,10.0
AKITY,10.0
HPSVP,10.0
LTTTA,10.0
LTTTS,10.0
HKDSN,10.0
PWTQT,10.0
QLPQN,10.0
QLPQL,10.0
QLPQH,10.0
VTPSP,10.0
ISNRP,10.0
KCNVI,10.0
RFQTL,10.0
TRAQE,10.0
THTSD,10.0
HHTMT,10.0
THTST,10.0
YMSQH,10.0
NHITI,10.0
QLSQM,10.0
YTQAA,10.0
PTTNA,10.0
YNPLN,10.0
SPTQP,10.0
TDTTA,10.0
FWPTQ,10.0
GGPEC,10.0
DVHNP,10.0
CRMTA,10.0
CNFHP,10.0
HSPLP,10.0
QPALP,10.0
HSPLA,10.0
HTAKN,10.0
MAHTP,10.0
ASRKP,10.0
LNYTD,10.0
LNYTQ,10.0
HDSQN,10.0
EPTKL,10.0
KLPQE,10.0
ESSQH,10.0
HTQWT,10.0
QTMTT,10.0
ISTRS,10.0
LAAQN,10.0
HVSTP,10.0
QSTHT,10.0
NTTYQ,10.0
QVQTY,10.0
QTWWK,10.0
TVSHD,10.0
QAMTH,10.0
QAMTN,10.0
SNLDN,10.0
TKTHH,10.0
TIYKN,10.0
KNDLQ,10.0
RKTQA,10.0
APAQP,10.0
SAHTP,10.0
SAHTL,10.0
WSSMT,10.0
WPHNC,10.0
RRLKP,10.0
MTSQH,10.0
PTPLH,10.0
MTSQP,10.0
PTPLT,10.0
PYQTL,10.0
GMMTT,10.0
NTFAQ,10.0
QENVS,10.0
TDAYT,10.0
MSSTT,10.0
QCLTD,10.0
SQVNQ,10.0
SMTSQ,10.0
YSVTS,10.0
RTQTL,10.0
VQAHT,10.0
CSQHN,10.0
PRTSN,10.0
PRTSE,10.0
PRTSP,10.0
PRTSQ,10.0
NTVTT,10.0
RTFAQ,10.0
SHTQT,10.0
QSWDC,10.0
YPMQP,10.0
SATTD,10.0
SKILS,10.0
QTPQP,10.0
NAGEH,10.0
YHNGR,10.0
PNRTL,10.0
VTPTP,10.0
QAELP,10.0
YMNMT,10.0
FSSTK,10.0
QATMT,10.0
RGTEI,10.0
KTKQP,10.0
TSLGL,10.0
EHKWQ,10.0
GSHMV,10.0
NTSLD,10.0
HETNR,10.0
HETND,10.0
LDRQH,10.0
QFTQS,10.0
HHPTN,10.0
HSNWP,10.0
TPSHL,10.0
STKFQ,10.0
QPTHN,10.0
KHTTV,10.0
NAQMQ,10.0
NCISN,10.0
AVTQT,10.0
RSPKN,10.0
TACLA,10.0
HVYTH,10.0
SKPET,10.0
DQDAP,10.0
KMLNH,10.0
PQLSI,10.0
HNTRQ,10.0
RDKET,10.0
PQAQM,10.0
ERPTD,10.0
SSLSS,10.0
LSTKS,10.0
QDPMT,10.0
NDETE,10.0
ACRTM,10.0
LGLNT,10.0
TTPQI,10.0
LCNTN,10.0
VMENP,10.0
HTPTL,10.0
YSNLT,10.0
CTPRV,10.0
PYNSL,10.0
TTCTL,10.0
HEPLA,10.0
FMYMT,10.0
HEPLV,10.0
MTRSN,10.0
CRAQV,10.0
YAQHH,10.0
MTQRT,10.0
LASTM,10.0
LASTN,10.0
LASTH,10.0
GDLKT,10.0
MSQSP,10.0
TPITM,10.0
ENSNP,10.0
RMIQT,10.0
NAPTN,10.0
QNVYG,10.0
KLLTS,10.0
PQLNS,10.0
LIFQT,10.0
DTTST,10.0
SKQTL,10.0
YIKSM,10.0
SKQTP,10.0
PILTA,10.0
SSKMH,10.0
KYAAW,10.0
ANNTP,10.0
LNNIT,10.0
SDMHT,10.0
AYHTV,10.0
SSAFC,10.0
PHNVS,10.0
KVYQT,10.0
NSLRT,10.0
SQPYN,10.0
TLNHA,10.0
NNTTE,10.0
ACPHQ,10.0
LTPNL,10.0
LTPNY,10.0
LEANP,10.0
VRTMT,10.0
HAIHS,10.0
CMMHT,10.0
PLTAQ,10.0
HSMTM,10.0
AQMHT,10.0
LEYSN,10.0
CTSTN,10.0
CTSTC,10.0
SCTTQ,10.0
NSTAP,10.0
LDQTD,10.0
QHKLC,10.0
LILAT,10.0
CKQIS,10.0
KTSHA,10.0
KTSHN,10.0
PYAMT,10.0
CNSQL,10.0
EPHTL,10.0
CQLNT,10.0
LTSAT,10.0
SYPTN,10.0
ALTFT,10.0
SYPTP,10.0
VQITS,10.0
TKCTY,10.0
DITTS,10.0
YSSAS,10.0
LYPSQ,10.0
LRQTP,10.0
HHVSK,10.0
PQMTI,10.0
RSQLA,10.0
GTPSP,10.0
SNHLH,10.0
SGTAY,10.0
CVAHI,10.0
LYNTY,10.0
QKIDT,10.0
QLPYI,10.0
YTCQH,10.0
ENPIT,10.0
THTKT,10.0
TTAKL,10.0
LLCST,10.0
TSAQQ,10.0
QANHQ,10.0
HYNSL,10.0
QELNI,10.0
PTSRP,10.0
LQPRP,10.0
AEYHS,10.0
LFNDL,10.0
CTATL,10.0
SMITT,10.0
NTTHC,10.0
YSNNP,10.0
NTTHA,10.0
TYESI,10.0
NTTHS,10.0
STDHT,10.0
NTTHT,10.0
SYSHT,10.0
RTCTP,10.0
ARTKQ,10.0
DSLQT,10.0
HHLQT,10.0
TRTRH,10.0
NNSHQ,10.0
QHPKH,10.0
TNTKT,10.0
FTPQF,10.0
FTPQN,10.0
NCHTC,10.0
RMQIT,10.0
ALPHH,10.0
ASRSN,10.0
TLHFP,10.0
QIVNA,10.0
TATSH,10.0
TATSF,10.0
TATSY,10.0
TATSQ,10.0
KESHD,10.0
VSTPK,10.0
KSHTL,10.0
SSMTN,10.0
HPTMN,10.0
KSHTP,10.0
EYPAH,10.0
MSYRT,10.0
NKTHH,10.0
NKTHP,10.0
NKTHW,10.0
PIMSR,10.0
ENYNN,10.0
QAYFT,10.0
PMKQN,10.0
RHHFA,10.0
LGHQP,10.0
TTDYT,10.0
LNQTP,10.0
HKCSP,10.0
SDRQT,10.0
NSNMN,10.0
PNQLP,10.0
NMTFT,10.0
PYQLT,10.0
QVVTA,10.0
NRCQI,10.0
RTTQS,10.0
RTTQT,10.0
YSNSN,10.0
SQLTT,10.0
GLRHP,10.0
YSNSY,10.0
RTPVT,10.0
NRDQQ,10.0
KMNVT,10.0
STFTM,10.0
KSTQH,10.0
GYIKS,10.0
EPPMQ,10.0
QIRLS,10.0
HCLSR,10.0
PRKQN,10.0
TAMAA,10.0
HNITH,10.0
RTTNN,10.0
HEKNN,10.0
GNAHF,10.0
RILHT,10.0
GVPTD,10.0
FPITC,10.0
SDRLT,10.0
PTPQN,10.0
MSRKP,10.0
PVDQP,10.0
NMTNL,10.0
STYRT,10.0
PNYTV,10.0
HRQHQ,10.0
NSHQP,10.0
TTKHT,10.0
LQSQT,10.0
LQSQD,10.0
HAKQP,10.0
PSRYN,10.0
FSHTQ,10.0
PATKQ,10.0
KLSTP,10.0
RQITT,10.0
KLSTN,10.0
IMTNW,10.0
IIGHN,10.0
LAETP,10.0
TQYTQ,10.0
PKRHP,10.0
ITTST,10.0
PSELT,10.0
TQFAT,10.0
HDQHC,10.0
SFTDV,10.0
PDSSP,10.0
AYPYA,10.0
CSKQP,10.0
AYPYR,10.0
LTASH,10.0
LPQMP,10.0
SKPMP,10.0
ESASP,10.0
FQCAN,10.0
ANVTT,10.0
QTPDT,10.0
YIPSP,10.0
CLPKL,10.0
YTTSR,10.0
DSEKP,10.0
SGPLQ,10.0
QTFNH,10.0
NDSKL,10.0
NPLLQ,10.0
NPLLT,10.0
THATN,10.0
ESDET,10.0
MSTRH,10.0
QDPEA,10.0
HTDHP,10.0
YKPQP,10.0
SIPYA,10.0
AEAKT,10.0
TVMKT,10.0
ESTPY,10.0
PSART,10.0
MTPAI,10.0
RYISA,10.0
NTYAI,10.0
LATRY,10.0
KIFTV,10.0
TDNRL,10.0
PMPHD,10.0
STAAM,10.0
PYRIC,10.0
HHNHI,10.0
QQPQQ,10.0
QQPQL,10.0
QQPQD,10.0
SKPVT,10.0
TAVTM,10.0
SARMP,10.0
CHFQT,10.0
VITNQ,10.0
PAQIT,10.0
QTITH,10.0
PEHNP,10.0
IVTNE,10.0
KMHTA,10.0
QLTQH,10.0
LAYNQ,10.0
MHSSL,10.0
IADVN,10.0
PKPTA,10.0
QSHEW,10.0
CSNLF,10.0
HTNHA,10.0
TSCMA,10.0
NKSFN,10.0
TSHLT,10.0
NKYQT,10.0
NKYQN,10.0
NYDTM,10.0
EYASI,10.0
SSQSL,10.0
TRIHS,10.0
METDS,10.0
IIQSP,10.0
LQHRP,10.0
PGPTE,10.0
LVCQS,10.0
PIITD,10.0
SVPET,10.0
PTVNH,10.0
PTVNT,10.0
NFTQT,10.0
TGTRL,10.0
LQGTT,10.0
RLYLT,10.0
RLPPP,10.0
ATTSI,10.0
KTTNH,10.0
LPLDP,10.0
KTTNY,10.0
TDYNI,10.0
ATNET,10.0
HDKTP,10.0
RTGRL,10.0
LHYYT,10.0
ISLPL,10.0
HVNEH,10.0
INHSP,10.0
HENTH,10.0
KAEHP,10.0
NVILS,10.0
AYSTT,10.0
PPTLV,10.0
PPTLQ,10.0
PPTLA,10.0
PRHTP,10.0
GTPKV,10.0
NQNNL,10.0
LYYSS,10.0
WSKTT,10.0
SGTYT,10.0
SNHTL,10.0
PDRTL,10.0
NDNTL,10.0
QYASC,10.0
LRLTG,10.0
NDNTP,10.0
PNMMN,10.0
QMTSN,10.0
PTRHI,10.0
PNTNM,10.0
PNTNL,10.0
NSTTR,10.0
NSTTL,10.0
TSAYA,10.0
CTLDD,10.0
NSRFN,10.0
NSRFT,10.0
AEYPL,10.0
DCKEA,10.0
NATYS,10.0
YNVTQ,10.0
ATQQI,10.0
PTNMA,10.0
KLHYN,10.0
TNWSL,10.0
ATPMA,10.0
STMTN,10.0
YNMSQ,10.0
ETGLV,10.0
INNLY,10.0
PQNAP,10.0
YNLSV,10.0
HNEDT,10.0
NNTTT,10.0
NNTTL,10.0
LTSAQ,10.0
NKPQP,10.0
NKPQA,10.0
RIQHN,10.0
QTNQQ,10.0
LTCTE,10.0
HPGIA,10.0
HDTSA,10.0
HNSIT,10.0
VSSLI,10.0
VSSLT,10.0
SSCIT,10.0
MHITR,10.0
TMPAL,10.0
VGLST,10.0
SAQHN,10.0
KYSTL,10.0
QKPLY,10.0
SSPTF,10.0
TTTTT,10.0
TTTTV,10.0
TTTTQ,10.0
TTKHS,10.0
TTTTS,10.0
TTTTC,10.0
TTTTK,10.0
HTKQP,10.0
HTFSQ,10.0
QASEK,10.0
PITDH,10.0
PNQTP,10.0
LGHYQ,10.0
NHTMQ,10.0
NSVHT,10.0
LQPAL,10.0
LLPTQ,10.0
NRSLP,10.0
HHYTH,10.0
KTHSC,10.0
HHYTM,10.0
HHYTE,10.0
IMGTM,10.0
HDIST,10.0
NACTP,10.0
QEPHQ,10.0
MTSAH,10.0
NITWK,10.0
EMPLS,10.0
SFLDN,10.0
QPPVT,10.0
ASRDN,10.0
HWNHP,10.0
PFTTR,10.0
SNTYT,10.0
KTTRT,10.0
PDTTN,10.0
PDTTQ,10.0
PDTTT,10.0
QLLNN,10.0
ELNAN,10.0
YDNFN,10.0
SKTSI,10.0
NPREN,10.0
CTHQE,10.0
QWQQQ,10.0
SAHIT,10.0
TSKYS,10.0
SICLD,10.0
NTATN,10.0
NTATL,10.0
NTATY,10.0
YLSDE,10.0
VTPDP,10.0
MHVNW,10.0
KTVTD,10.0
TNCSP,10.0
CWHAA,10.0
PTPYQ,10.0
SPIHH,10.0
ATVTA,10.0
ITETL,10.0
ITRAQ,10.0
TNSHY,10.0
TDQMN,10.0
GHQTP,10.0
YNNVT,10.0
NVHTP,10.0
IKSDP,10.0
QHTHR,10.0
NETKT,10.0
NETKY,10.0
NNATL,10.0
QGNYD,10.0
HQLNP,10.0
CHQHI,10.0
VSAYT,10.0
ISHMS,10.0
HWLTS,10.0
NPATE,10.0
GNVTI,10.0
NPLTH,10.0
PNELN,10.0
GAVSM,10.0
NSHLN,10.0
TTHWQ,10.0
YKPYQ,10.0
RYSQE,10.0
KTQLQ,10.0
HSTTC,10.0
CFQRF,10.0
HSTTV,10.0
HSTTQ,10.0
HSTTR,10.0
PTETP,10.0
GMTQS,10.0
ETPHA,10.0
ITTNT,10.0
DPQTP,10.0
NYSLR,10.0
PFRTP,10.0
TTSQS,10.0
SPVKN,10.0
TTSQC,10.0
TTSQN,10.0
TESQN,10.0
PTHTN,10.0
DKKTT,10.0
IGPRL,10.0
QQPYV,10.0
TWTHT,10.0
HQNHY,10.0
HYGLN,10.0
KSTTY,10.0
KSTTM,10.0
MHSKP,10.0
TLTTT,10.0
TLTTQ,10.0
NKATN,10.0
KETNQ,10.0
QRTKL,10.0
NHLNA,10.0
ISYAT,10.0
QRTKT,10.0
HPVTM,10.0
ANSHQ,10.0
IDSDP,10.0
TSHDD,10.0
PSSMH,10.0
VWPTP,10.0
YYAST,10.0
YYHMT,10.0
EMLGQ,10.0
SLCLE,10.0
HFRSN,10.0
VMTTS,10.0
VMTTT,10.0
PVYSH,10.0
ANSHH,10.0
PTPYT,10.0
QQNLN,10.0
HNPQV,10.0
HNPQE,10.0
FAFQT,10.0
MGRFP,10.0
MPMTL,10.0
TQQWN,10.0
PTGIW,10.0
RLYTD,10.0
PLTQN,10.0
TENTP,10.0
HSGHL,10.0
SYCDN,10.0
MPGVA,10.0
CNSAL,10.0
QITNC,10.0
GEQMA,10.0
KPLVQ,10.0
HCNDL,10.0
NVSMM,10.0
NVTWA,10.0
TTPYY,10.0
NQNFP,10.0
TAQKC,10.0
LNDYT,10.0
LLHTL,10.0
PHVTN,10.0
SESSP,10.0
SESSL,10.0
KEPLQ,10.0
YQTPP,10.0
NSTLF,10.0
NSTLA,10.0
NLISI,10.0
SITTD,10.0
PNTFT,10.0
SQAAL,10.0
SPPFP,10.0
ISADK,10.0
TQNHP,10.0
NTMSI,10.0
TQETE,10.0
TNQAE,10.0
RTSYV,10.0
RTSYR,10.0
HTHSQ,10.0
HHTLS,10.0
KTSEQ,10.0
NNKET,10.0
CGMYR,10.0
EASTN,10.0
PQEQQ,10.0
NATQQ,10.0
NATQP,10.0
PRYHH,10.0
TSSMC,10.0
IAISH,10.0
PRHAC,10.0
HDSIG,10.0
HLNSP,10.0
NKPIS,10.0
YDKTN,10.0
TKSHP,10.0
HPPTP,10.0
SAPNL,10.0
NDNIT,10.0
SHITH,10.0
RSALQ,10.0
QLPTE,10.0
TMPYI,10.0
EKPHR,10.0
PSETV,10.0
PIQVT,10.0
PHSNL,10.0
GSIQT,10.0
PTTKN,10.0
PTTKD,10.0
ARNIT,10.0
PTSYS,10.0
MFSSN,10.0
RKAQQ,10.0
QNCVT,10.0
LTHTC,10.0
NGHLP,10.0
FSNHH,10.0
LQPYH,10.0
TNHSL,10.0
DNTHA,10.0
CKSRL,10.0
EMPTT,10.0
CKHFT,10.0
SPYTL,10.0
NASIQ,10.0
PRTKT,10.0
QTAPC,10.0
TNTDT,10.0
ITHHS,10.0
WHPSL,10.0
HNSTL,10.0
HNSTM,10.0
HNSTN,10.0
AASLN,10.0
QSTMT,10.0
SNTAT,10.0
MYRTT,10.0
MYRTY,10.0
KNYTN,10.0
ISAQI,10.0
ESSTT,10.0
LSHYN,10.0
ETNYT,10.0
QSAMA,10.0
TSKAH,10.0
VADAL,10.0
HYCQK,10.0
SNKYS,10.0
SERTT,10.0
EMTNH,10.0
CSKLT,10.0
FSSLA,10.0
QMHNL,10.0
MSHQQ,10.0
SISQN,10.0
VHHTL,10.0
PAPHP,10.0
VHHTP,10.0
NASRL,10.0
PRTTH,10.0
QCYAS,10.0
CKTHS,10.0
PTART,10.0
TYSTT,10.0
TYSTQ,10.0
PTTRP,10.0
LSRAT,10.0
TLNEL,10.0
TSQTP,10.0
FYPTA,10.0
TPTYP,10.0
KGTHA,10.0
RSTPV,10.0
STLTS,10.0
PTLNA,10.0
PTLNS,10.0
DKSNN,10.0
NTLTI,10.0
NTLTT,10.0
MCLNT,10.0
ITNTP,10.0
NHCNP,10.0
YHINT,10.0
ITNTN,10.0
SHTTA,10.0
PKAHA,10.0
SHTTI,10.0
HGTQT,10.0
CIYTH,10.0
PIHNN,10.0
SSTSF,10.0
LRPTH,10.0
SSTSN,10.0
NNLTT,10.0
QTPTP,10.0
NSTYN,10.0
QATNV,10.0
FSSQC,10.0
PHQQE,10.0
AKNHP,10.0
MDQYA,10.0
YLSQQ,10.0
PLAYT,10.0
DDMLS,10.0
LQSNP,10.0
QPLHT,10.0
LRLSS,10.0
RLWHT,10.0
DPPRP,10.0
CTQHQ,10.0
QALSN,10.0
PTELS,10.0
GPVHP,10.0
RTLRT,10.0
HSYSH,10.0
TDHTN,10.0
CSAQP,10.0
QQMTT,10.0
SCTSE,10.0
NTYQT,10.0
MYLTS,10.0
NCITK,10.0
SNPVT,10.0
DALAQ,10.0
TAPSL,10.0
KPTLH,10.0
AKTTF,10.0
AKTTI,10.0
SALDN,10.0
MPSYM,10.0
CNLRT,10.0
MPIVT,10.0
HTPYI,10.0
HAPTN,10.0
HALHT,10.0
HAPTP,10.0
SSLTT,10.0
MHLNN,10.0
QRTSV,10.0
PIPPQ,10.0
HKVDS,10.0
HTSHF,10.0
HTSHH,10.0
HTSHQ,10.0
ANQLT,10.0
ANQLP,10.0
NLQYA,10.0
SPQEP,10.0
SNPLN,10.0
NSPVT,10.0
QNNTL,10.0
NYRTN,10.0
NYATI,10.0
MTRNC,10.0
TQRQC,10.0
YSTRH,10.0
GSETI,10.0
NITHT,10.0
YATHT,10.0
YATHS,10.0
QHAAP,10.0
RTMAE,10.0
TNLTH,10.0
ITPHP,10.0
PTGQD,10.0
STPYV,10.0
SMWTH,10.0
KPMTM,10.0
PKITY,10.0
CLPHI,10.0
CSYTN,10.0
RICQR,10.0
EFHNH,10.0
SGAQT,10.0
QGMDT,10.0
SKAHA,10.0
TMETM,10.0
APPTP,10.0
HSTTK,10.0
MQHRP,10.0
CLSHD,10.0
CLSHM,10.0
IHTTT,10.0
IHTTR,10.0
SSNHD,10.0
SSNHP,10.0
IPLAI,10.0
TTMTA,10.0
TTMTH,10.0
TVQTL,10.0
NSLQT,10.0
KHHTL,10.0
CTYTH,10.0
YKNFC,10.0
VATHT,10.0
HSDMP,10.0
YSDTT,10.0
NSRVT,10.0
QQYLT,10.0
YSASP,10.0
RTSQN,10.0
RTSQE,10.0
LPKQN,10.0
HHTDE,10.0
NTTPL,10.0
EPSMP,10.0
HQSTN,10.0
IRQTP,10.0
SCFQS,10.0
HDNIT,10.0
DITSI,10.0
CSTPL,10.0
RVNIS,10.0
QTDTP,10.0
KGDQL,10.0
PVFTN,10.0
SHYMT,10.0
QTQLQ,10.0
HMLST,10.0
TMPQL,10.0
TMPQN,10.0
PWTTQ,10.0
PWTTT,10.0
LTSQH,10.0
SNRTF,10.0
NKPAY,10.0
SNRTL,10.0
NKPAP,10.0
TVGLQ,10.0
MQEHN,10.0
TSTRI,10.0
AEEMQ,10.0
KSWYD,10.0
TSTRT,10.0
QMTDN,10.0
LTTQS,10.0
QNQTP,10.0
SLRSP,10.0
NLGLP,10.0
YTQNN,10.0
KCSEN,10.0
TISQQ,10.0
PHMSE,10.0
RYTTS,10.0
RYTTT,10.0
CARTL,10.0
YSNKP,10.0
THPYQ,10.0
THPYY,10.0
CTAQK,10.0
ASDLM,10.0
PTSQP,10.0
TNQTP,10.0
LQPQQ,10.0
ATKLT,10.0
KQQSP,10.0
NRPMQ,10.0
WNSTI,10.0
WNSTL,10.0
DATPL,10.0
NNYVG,10.0
ATYFS,10.0
QHVTV,10.0
ATSTL,10.0
DSQLP,10.0
SCHMN,10.0
QSSMN,10.0
HCTHS,10.0
TNTLT,10.0
HRRTA,10.0
HNESL,10.0
NNTYH,10.0
NNTYI,10.0
HPAFA,10.0
NVQTP,10.0
KSHQI,10.0
HQADE,10.0
NHINH,10.0
NHINA,10.0
NHINT,10.0
APTWK,10.0
QVHVS,10.0
INSYR,10.0
PKQLE,10.0
QTTRS,10.0
PKQLP,10.0
LTTNT,10.0
CLTMT,10.0
THDLE,10.0
LKQQP,10.0
TESQT,10.0
HSQTN,10.0
RTTRA,10.0
PSCRP,10.0
KQTQH,10.0
LCRQR,10.0
IPSTP,10.0
RKTTQ,10.0
EEHRC,10.0
KTHNQ,10.0
NTADP,10.0
DNNIT,10.0
NRMHT,10.0
LQINT,10.0
HIHDP,10.0
QQRTP,10.0
QQATN,10.0
NALRT,10.0
HCTKQ,10.0
IQSHT,10.0
SATQH,10.0
QPPYL,10.0
RTQSL,10.0
CHMKK,10.0
NEAMQ,10.0
PRKTN,10.0
NHTFA,10.0
NHTFC,10.0
HYSST,10.0
WTSMI,10.0
INSFN,10.0
SKIKP,10.0
YDNMH,10.0
QGNIT,10.0
CPHHP,10.0
HGTIS,10.0
LSHLQ,10.0
SSTKQ,10.0
SSTKA,10.0
GTRQV,10.0
HPHHP,10.0
SNSSP,10.0
KQTNI,10.0
QNSMA,10.0
IATQT,10.0
LSRQH,10.0
IHPAN,10.0
PVTSK,10.0
PVTST,10.0
VTPQM,10.0
KNYSL,10.0
MAAQP,10.0
RYKTM,10.0
HPTHD,10.0
MATSQ,10.0
YMTAG,10.0
KTLTD,10.0
KTLTH,10.0
FTGTP,10.0
VMVHS,10.0
TITTR,10.0
KNCYN,10.0
QETGL,10.0
ILTSQ,10.0
LPDTP,10.0
YNISH,10.0
SLTNP,10.0
NRKTW,10.0
ATHAP,10.0
TATTA,10.0
HSTDS,10.0
NTLAT,10.0
PYMSW,10.0
QQTHT,10.0
ASMNA,10.0
ASMNP,10.0
CDYTM,10.0
TLYDN,10.0
IASTP,10.0
RNRHQ,10.0
HNTWS,10.0
CNMTT,10.0
SGSQP,10.0
AVTTT,10.0
QTGYP,10.0
SNLTH,10.0
DRTTN,10.0
KGSSP,10.0
TKPHP,10.0
CLMAQ,10.0
YTNWA,10.0
HTPQP,10.0
HTDEP,10.0
HTYFT,10.0
RAKFE,10.0
LSTNN,10.0
QDLNN,10.0
TTIRS,10.0
NNTMQ,10.0
RAMNC,10.0
KIEQN,10.0
RCAYL,10.0
MTQWI,10.0
PMLSQ,10.0
NAQWH,10.0
VKYNP,10.0
ILQQP,10.0
TSHTC,10.0
TSHTL,10.0
TSHTM,10.0
SEPES,10.0
TFPFI,10.0
STHYN,10.0
STHYA,10.0
PYRTQ,10.0
RCTAV,10.0
HSNIS,10.0
HRTNI,10.0
PTGYP,10.0
PENQE,10.0
HLATE,10.0
QHSKP,10.0
SRTYS,10.0
HRMTS,10.0
NVNEH,10.0
THPLP,10.0
LETSS,10.0
QTATQ,10.0
STGTL,10.0
STGTN,10.0
QSSQH,10.0
SSKHQ,10.0
SHFTA,10.0
LTLNT,10.0
TTLRG,10.0
APPLL,10.0
LLQRP,10.0
LTPSI,10.0
KPQIP,10.0
PISRP,10.0
YIHTY,10.0
QYVNS,10.0
DNLQS,10.0
HAYNQ,10.0
QMQHP,10.0
KTTMN,10.0
IQTTK,10.0
KTTMS,10.0
IQTTN,10.0
PTWSN,10.0
PTWSS,10.0
TTPTL,10.0
TTPTP,10.0
QNTHI,10.0
QVRTF,10.0
SLISH,10.0
STQFI,10.0
STNFF,10.0
LHTTH,10.0
TKTNY,10.0
LQTST,10.0
SSHEH,10.0
NCTMH,10.0
HSASL,10.0
HSASN,10.0
QGAQN,10.0
ITSKH,10.0
PLLST,10.0
ASTHH,10.0
PLLSQ,10.0
YASLQ,10.0
PRHQQ,10.0
SAVHT,10.0
TAEFP,10.0
PDQQQ,10.0
RSITT,10.0
CDAMN,10.0
QVPHY,10.0
TRSHK,10.0
SIQHP,10.0
PQNYY,10.0
LTMSN,10.0
PKHES,10.0
PPTQP,10.0
RSNLP,10.0
ISDMP,10.0
RNMQS,10.0
QTNIT,10.0
PNTKN,10.0
QANMA,10.0
FGSSP,10.0
SDYRT,10.0
NSSMN,10.0
QKPTM,10.0
LRLQS,10.0
GTYTE,10.0
PHLST,10.0
SLVTQ,10.0
PTYTN,10.0
GDNVS,10.0
HSWAS,10.0
TFKHP,10.0
HKTKD,10.0
HTHHS,10.0
HTHHT,10.0
AQQNL,10.0
KITEG,10.0
MAPTQ,10.0
FTSTT,10.0
YNMTW,10.0
PLPTD,10.0
QNVTQ,10.0
NETTQ,10.0
NENTM,10.0
NTMNA,10.0
RMMAP,10.0
DCKFK,10.0
TMTKH,10.0
DMAQN,10.0
DVCMH,10.0
MTYNN,10.0
TWSTM,10.0
HQITQ,10.0
NVLNN,10.0
SMSYR,10.0
PKTDV,10.0
TNTTP,10.0
NNTQE,10.0
LTCSM,10.0
TNTTD,10.0
NNTQP,10.0
TKRAK,10.0
RHQMT,10.0
NNNHL,10.0
ISPNL,10.0
LTSLY,10.0
LTSLS,10.0
AYCMS,10.0
SHIAT,10.0
VPTMQ,10.0
VPTMY,10.0
GNHYQ,10.0
PIMTH,10.0
TATVT,10.0
HTKTN,10.0
SILST,10.0
LGHTH,10.0
LPHTP,10.0
NSNHA,10.0
VHKHT,10.0
PHTMT,10.0
HGALN,10.0
SSSQN,10.0
HTTNT,10.0
HTTNP,10.0
HTTNH,10.0
HTTNA,10.0
NSGVS,10.0
TTNTK,10.0
SPQTL,10.0
SSPQE,10.0
SEFNT,10.0
NLMTP,10.0
LLPQN,10.0
LLPQH,10.0
PSMTQ,10.0
MSDHN,10.0
NTALH,10.0
PFTQS,10.0
CRSHF,10.0
CTTTA,10.0
ETKSE,10.0
CTTTH,10.0
ETKSI,10.0
CTTTN,10.0
DSHFI,10.0
NACID,10.0
PQITK,10.0
PQITH,10.0
PDTQT,10.0
IKGHP,10.0
RDITA,10.0
RDDTL,10.0
QHTPL,10.0
ALSTP,10.0
NNITV,10.0
NNITN,10.0
AKMTM,10.0
SKTTP,10.0
SKTTT,10.0
SKTTH,10.0
SKTTN,10.0
EQQLA,10.0
TENTV,10.0
SNTTK,10.0
LMFQT,10.0
RETDC,10.0
HLSFQ,10.0
LSHTN,10.0
LSHTH,10.0
NETSL,10.0
PRFTA,10.0
KDTTQ,10.0
KDTTT,10.0
HTTSH,10.0
HTTSA,10.0
VTPYY,10.0
HTTST,10.0
TSMLG,10.0
NGTQN,10.0
SISTL,10.0
SNITN,10.0
YGTAP,10.0
MTTNW,10.0
RKLNT,10.0
NYTHD,10.0
ITEQT,10.0
HTPDT,10.0
CTTKH,10.0
NSHTP,10.0
KLTQT,10.0
NSHTL,10.0
YNQDL,10.0
QHTKH,10.0
QHTKQ,10.0
GSQIT,10.0
LVHLT,10.0
YSLPL,10.0
TEPTQ,10.0
AANHP,10.0
SYKTQ,10.0
CAQIH,10.0
DKTYH,10.0
HDHHY,10.0
VNHAH,10.0
LSLNS,10.0
SAATD,10.0
FVQNA,10.0
KVTLS,10.0
AWPTQ,10.0
HAFNP,10.0
SGPIT,10.0
MQQHH,10.0
YHHKP,10.0
YIPTH,10.0
PPIHH,10.0
RHYHD,10.0
NHPHP,10.0
RHYHT,10.0
TTHTN,10.0
PNCYN,10.0
MNTHT,10.0
YRAQN,10.0
HTISS,10.0
DHQHY,10.0
ESHHT,10.0
IYGTN,10.0
HTYNN,10.0
HTYNW,10.0
HTYNT,10.0
NTEIS,10.0
SVTNA,10.0
LLTNT,10.0
YQATN,10.0
LCQNC,10.0
QYLNT,10.0
TTSLN,10.0
TTSLT,10.0
HTEQP,10.0
HKVTT,10.0
YMEQH,10.0
VHSQP,10.0
CTPAE,10.0
DSNMQ,10.0
NTYDS,10.0
PAKTL,10.0
STHQQ,10.0
STHQP,10.0
GQTLT,10.0
HHWRT,10.0
SQTHT,10.0
PAPFQ,10.0
RTMQQ,10.0
SFTRT,10.0
HNPIT,10.0
SFTRH,10.0
TCEQP,10.0
TAYLS,10.0
NYSHQ,10.0
SGTQP,10.0
TLSYA,10.0
RVQQH,10.0
TAIQT,10.0
TLCLK,10.0
GQTTQ,10.0
QLTTA,10.0
QLTTV,10.0
GQTTN,10.0
RKPTL,10.0
HMPET,10.0
RSLHT,10.0
RHTTM,10.0
YTGHD,10.0
RHTTH,10.0
HPNYP,10.0
HGLMT,10.0
SSHFD,10.0
TSQLH,10.0
CMQHT,10.0
TSQLV,10.0
SQPVS,10.0
NYNIT,10.0
DCSKL,10.0
MHATI,10.0
MTHSE,10.0
QAVSP,10.0
QYHHH,10.0
TTPLQ,10.0
TIPYA,10.0
HHTTN,10.0
HHTTE,10.0
HHTTT,10.0
HHTTQ,10.0
TTWRT,10.0
NNHLI,10.0
DSSHQ,10.0
STPTL,10.0
LVPTQ,10.0
QQDST,10.0
YASTL,10.0
RVTSH,10.0
ILSLQ,10.0
VGSMM,10.0
LTLST,10.0
RELST,10.0
QQESN,10.0
EQPLH,10.0
ASKMN,10.0
IVPKL,10.0
RSHFE,10.0
NECTN,10.0
MSQHT,10.0
AAAET,10.0
TKHYS,10.0
PNNYY,10.0
NYSTN,10.0
NPPAP,10.0
NEHRT,10.0
RSNTP,10.0
HATQI,10.0
MMHTM,10.0
LYVTS,10.0
MNMFT,10.0
GACHP,10.0
NATHN,10.0
TTGTN,10.0
GAISV,10.0
MEPKD,10.0
ATQNP,10.0
RTHHP,10.0
NGHTM,10.0
NSTSL,10.0
YTETT,10.0
PTRMS,10.0
EVPQT,10.0
NATTP,10.0
PSINP,10.0
NTTEH,10.0
PTDTN,10.0
PTDTQ,10.0
RTYQT,10.0
SPPEQ,10.0
PTTSS,10.0
CYQTN,10.0
PTTSN,10.0
PTSAN,10.0
QFHLT,10.0
TYWNP,10.0
HGTTQ,10.0
YMTKA,10.0
AIITV,10.0
HWQTN,10.0
HHKHQ,10.0
PQTQW,10.0
HPPQQ,10.0
HPYKC,10.0
VNQLA,10.0
LTYRT,10.0
TLHSP,10.0
IAEQL,10.0
CPDIT,10.0
PPTSP,10.0
HDSLT,10.0
CGHTM,10.0
NKPTV,10.0
HTLNT,10.0
WNATT,10.0
VSSQN,10.0
TMISM,10.0
VACHK,10.0
KQWTQ,10.0
IRATN,10.0
THCHP,10.0
VHPTP,10.0
KDKTN,10.0
TISNP,10.0
SSYMS,10.0
AHALH,10.0
TSPSL,10.0
SIFQT,10.0
CKRYT,10.0
CMYKP,10.0
NAHHP,10.0
YTDMN,10.0
TGRTP,10.0
QVNTP,10.0
LAESC,10.0
PMATT,10.0
LCRAP,10.0
ITHKP,10.0
FYHTH,10.0
TSFNC,10.0
SYTTS,10.0
SYTTR,10.0
QPAVS,10.0
QTKHQ,10.0
TLVTT,10.0
YNHYQ,10.0
PELNH,10.0
EPTQI,10.0
YHPNP,10.0
ISTTT,10.0
ISTTD,10.0
LYRAT,10.0
ISTTK,10.0
ESETH,10.0
CPTEK,10.0
RSTHT,10.0
PDNLP,10.0
HLLHT,10.0
SAERP,10.0
LSVNN,10.0
DGVDP,10.0
FFSTA,10.0
SVSEH,10.0
YTRAT,10.0
MNYHT,10.0
DEHYS,10.0
TTEST,10.0
RATHH,10.0
QEQTC,10.0
PMTQS,10.0
MTMNQ,10.0
YSYRT,10.0
TFTTR,10.0
STLST,10.0
PMSQP,10.0
TQYAT,10.0
NTVNT,10.0
NTVNN,10.0
HRNTN,10.0
PRPNP,10.0
STKSP,10.0
HNYMT,10.0
STEHH,10.0
LSYTI,10.0
KSCTL,10.0
QSQLT,10.0
QTLKT,10.0
QSDTP,10.0
NETNM,10.0
SSTTS,10.0
MHCHN,10.0
KSSIH,10.0
LSRLQ,10.0
QKTTT,10.0
FNPYN,10.0
QKTTP,10.0
PNSPL,10.0
SVRTP,10.0
LRTNP,10.0
VHAAH,10.0
NTRTF,10.0
NFATD,10.0
NTRTP,10.0
CTQET,10.0
NSQTN,10.0
NSQTM,10.0
NSQTL,10.0
KHNPC,10.0
NRGYK,10.0
HAPLP,10.0
GNPIT,10.0
HTPAL,10.0
KASYQ,10.0
TTSTY,10.0
TTSTP,10.0
TTSTC,10.0
LLNYH,10.0
PDISA,10.0
RQWHD,10.0
EPMYS,10.0
HSNYH,10.0
DSTHG,10.0
ALQET,10.0
HIQVT,10.0
VGQQP,10.0
ALAHC,10.0
LSAGL,10.0
TSGYP,10.0
QTHEW,10.0
LNHHW,10.0
DQYQS,10.0
MSCQQ,10.0
LTHNP,10.0
TLTQT,10.0
NKLST,10.0
MNILS,10.0
LNSAL,10.0
IDIST,10.0
VAQMW,10.0
TPWPC,10.0
LMMPM,10.0
SIPKN,10.0
VSHTM,10.0
TILNQ,10.0
SVMST,10.0
PTHNN,10.0
IFKAS,10.0
TKSHN,10.0
YNTMS,10.0
TYKTH,10.0
CGNHP,10.0
HREHA,10.0
SPIDE,10.0
LSQCH,10.0
SKHQC,10.0
SSKSP,10.0
ASAHP,10.0
QSHWQ,10.0
SYPIT,10.0
PKIQH,10.0
TVAFK,10.0
SSAHQ,10.0
ESNQY,10.0
ADSLS,10.0
GNTNQ,10.0
ADSLC,10.0
LMPTN,10.0
NYSLH,10.0
QTDLP,10.0
HQASC,10.0
HLYQC,10.0
QTQTP,10.0
TTGLE,10.0
QNMHS,10.0
LQHLT,10.0
TTPYA,10.0
QIMQS,10.0
RTSTL,10.0
QLPTN,10.0
NATLQ,10.0
NATLN,10.0
TQEQT,10.0
NATLA,10.0
EAKLN,10.0
YSDIN,10.0
PTDLV,10.0
SPPMP,10.0
GPKTL,10.0
HMMTQ,10.0
NVTAF,10.0
NVTAA,10.0
QFHTE,10.0
EAHRP,10.0
LHSAD,10.0
HQSQN,10.0
HQSQL,10.0
HCTPL,10.0
DIPTD,10.0
NPSTP,10.0
PKTTV,10.0
PKTTQ,10.0
AKHTN,10.0
PKTTD,10.0
PKTTI,10.0
DTKNP,10.0
HYAFT,10.0
KYLND,10.0
NPPRP,10.0
TKSMH,10.0
QSPTP,10.0
PRDHP,10.0
SITNN,10.0
HKPET,10.0
GNSTE,10.0
PIYNN,10.0
PNPMP,10.0
NHNHH,10.0
ICVKT,10.0
QNVST,10.0
NLLNA,10.0
LSQTP,10.0
SLLTI,10.0
QVTRT,10.0
SWQYT,10.0
VLTTD,10.0
VVHTN,10.0
ICQQQ,10.0
TNGTP,10.0
TNHTL,10.0
LQPTE,10.0
CCPTE,10.0
TNHTP,10.0
IEHDP,10.0
FHTNT,10.0
FHTNQ,10.0
RARPK,10.0
PTSTP,10.0
NMTYS,10.0
YNCTP,10.0
ASNLN,10.0
TNINP,10.0
FSNSY,10.0
NSMNC,10.0
PGSYI,10.0
STSYT,10.0
TNTAC,10.0
NNTFP,10.0
ATSQY,10.0
TCWAN,10.0
MAQEA,10.0
HLTHT,10.0
HLTHD,10.0
DYDTY,10.0
KSKTN,10.0
CDYTT,10.0
ITQHT,10.0
SFYQT,10.0
RETTA,10.0
MNAMT,10.0
QRKTP,10.0
NMHQP,10.0
FFTNT,10.0
TKTNI,10.0
TKTNN,10.0
SSSLT,10.0
VTEDH,10.0
YYCDS,10.0
MSHNC,10.0
RKTSN,10.0
PVTKC,10.0
RTTAH,10.0
RKTSP,10.0
DNYRT,10.0
SSFQS,10.0
ETNTT,10.0
NENTY,10.0
VHPAP,10.0
SAHVS,10.0
RTTAT,10.0
CTNVT,10.0
TTNIT,10.0
HSQQQ,10.0
NGTAN,10.0
LCRTN,10.0
DPTQN,10.0
DSHQH,10.0
TQSRL,10.0
PTQHP,10.0
PTQHH,10.0
SISTY,10.0
KTHMP,10.0
MPETI,10.0
RQQLP,10.0
NTQLT,10.0
AFARP,10.0
PTLSD,10.0
EPDML,10.0
QQQHA,10.0
PRTQT,10.0
NICQQ,10.0
HHSLC,10.0
HHSLQ,10.0
AGPFN,10.0
SHTSE,10.0
TWAHD,10.0
NERTQ,10.0
IQSKP,10.0
RSTWT,10.0
LRPQD,10.0
LTQSN,10.0
NNLYS,10.0
TKTQT,10.0
MCKAA,10.0
TLLNQ,10.0
YHNAP,10.0
YTATD,10.0
QDTQN,10.0
QMHTQ,10.0
QMHTP,10.0
TTQRM,10.0
CVPMN,10.0
TTQRF,10.0
HAHYH,10.0
HYTNN,10.0
HYTNT,10.0
PKCTP,10.0
HYTNQ,10.0
PNSHT,10.0
THSAP,10.0
SNSLN,10.0
TSSHQ,10.0
PHQTM,10.0
HGYTM,10.0
TSFNY,10.0
CTQMN,10.0
ETAHS,10.0
FSTTS,10.0
HAETY,10.0
PSRSL,10.0
KTQYQ,10.0
KTQYD,10.0
DKSTH,10.0
NNPQY,10.0
TPTTP,10.0
PLMSP,10.0
TITSQ,10.0
CKYRM,10.0
PSGHP,10.0
NTYTQ,10.0
NTYTT,10.0
AKVTN,10.0
NTYTD,10.0
NTYTK,10.0
NTYTN,10.0
QHCVT,10.0
TQLDN,10.0
ATHDP,10.0
VSHTN,10.0
CATKQ,10.0
NASIC,10.0
TNAWT,10.0
VGQIT,10.0
RQPTP,10.0
RCTYT,10.0
NEPHH,10.0
DTSNL,10.0
QTYTK,10.0
AKGEN,10.0
ISEAA,10.0
QTIAT,10.0
ESTAS,10.0
SASLQ,10.0
MDPKS,10.0
AKTQN,10.0
QTHMT,10.0
RAPEP,10.0
NTETN,10.0
NSQIG,10.0
RRHHT,10.0
HTINQ,10.0
SARHP,10.0
YTYGV,10.0
PYNQT,10.0
HSYMT,10.0
HSNLC,10.0
HSNLN,10.0
KQSSY,10.0
SQNHY,10.0
HRTSQ,10.0
TRNWS,10.0
YITNT,10.0
KHTMT,10.0
AEHYT,10.0
NAQTN,10.0
NAQTE,10.0
NFTFS,10.0
TNLQS,10.0
NEPSP,10.0
HMGIT,10.0
GCHQP,10.0
HMFMT,10.0
NHEHP,10.0
VDTDP,10.0
HWHTY,10.0
RNELQ,10.0
RPALP,10.0
LNTKY,10.0
LNTKI,10.0
RHTYS,10.0
TSCKP,10.0
DHAYH,10.0
QRGQH,10.0
KKTQQ,10.0
PHNTP,10.0
NKLFT,10.0
YKTQS,10.0
TSQYA,10.0
PCAHE,10.0
TRPEH,10.0
NQPTM,10.0
EEIPL,10.0
MTAHT,10.0
NYNDN,10.0
TTPQH,10.0
LQTNH,10.0
PMHLT,10.0
PLYMT,10.0
DETTI,10.0
RTSLT,10.0
RTSLN,10.0
PLSQP,10.0
NSITQ,10.0
HHTAS,10.0
NSITA,10.0
CAHVS,10.0
QRSTL,10.0
INKTP,10.0
ITSTP,10.0
PKINP,10.0
ISMTT,10.0
ISMTV,10.0
YPYQA,10.0
LSMRP,10.0
LSPNL,10.0
PNTHS,10.0
DTWKI,10.0
TMAKP,10.0
TAQYA,10.0
LTSTE,10.0
VHCSP,10.0
HMRTQ,10.0
TKHTM,10.0
SSDET,10.0
AKSTN,10.0
TMPTP,10.0
PNPEN,10.0
QDELD,10.0
THTMT,10.0
HKHDL,10.0
GFTDP,10.0
TSASL,10.0
QDHTN,10.0
PTSLT,10.0
PTSLQ,10.0
PTSLC,10.0
PTSLM,10.0
ENNQQ,10.0
TDSTT,10.0
SILKT,10.0
THNHT,10.0
NTDSL,10.0
HHKSP,10.0
NNRHP,10.0
HRAED,10.0
YNVTS,10.0
HHAAM,10.0
NTTNL,10.0
PLPYQ,10.0
YSNLQ,10.0
NTTNY,10.0
ATPSP,10.0
NTTNV,10.0
QPNLP,10.0
REQQQ,10.0
CKHSL,10.0
HPIQP,10.0
PKCYV,10.0
INMHT,10.0
MVSAH,10.0
LTSKP,10.0
TKLNN,10.0
NCVTQ,10.0
CKISN,10.0
YTHTQ,10.0
YHSTK,10.0
LTTKS,10.0
LTTKT,10.0
LYNMT,10.0
DHDIA,10.0
RNTDE,10.0
YITDG,10.0
GNNVT,10.0
ERNTN,10.0
KENML,10.0
HTLSH,10.0
HTLST,10.0
LNKHT,10.0
SSSTN,10.0
SEQAN,10.0
TTTNP,10.0
TTTNT,10.0
QNMYT,10.0
HIPLN,10.0
WHQAP,10.0
HTTKT,10.0
TFAQS,10.0
TTNQN,10.0
HHETL,10.0
CTTSD,10.0
ARKQN,10.0
RTPTE,10.0
MYDSY,10.0
HHISA,10.0
SMNHN,10.0
HHIST,10.0
MKPQQ,10.0
NRTHP,10.0
NTQTP,10.0
NTQTL,10.0
YSPTP,10.0
HHSDN,10.0
TMNHP,10.0
TMNHA,10.0
NDTNL,10.0
ATFTA,10.0
CNQLP,10.0
HSTAQ,10.0
QHTSV,10.0
SNNIT,10.0
SVPEN,10.0
NDKKH,10.0
VTSTP,10.0
IAHAP,10.0
SSTDS,10.0
PEEYH,10.0
PQQAL,10.0
NHTCT,10.0
HGTLH,10.0
PCTAP,10.0
PVTTK,10.0
RILNQ,10.0
PPSSP,10.0
FPIVT,10.0
NQPTL,10.0
NHKYH,10.0
PTPSP,10.0
DPCKL,10.0
HTTPL,10.0
HKHSN,10.0
SNSTP,10.0
NETQQ,10.0
NSHSL,10.0
CTMAT,10.0
VTNTL,10.0
IDLAH,10.0
MNTPL,10.0
TTRHT,10.0
DSARP,10.0
KASIT,10.0
VLLTT,10.0
ENAKQ,10.0
KTQQC,10.0
HHVHT,10.0
NYTKQ,10.0
NYTKT,10.0
GPPQF,10.0
TMNSK,10.0
HNWTT,10.0
IPTFK,10.0
CYPLK,10.0
TNPTL,10.0
QHTNN,10.0
TMDMN,10.0
KSMWH,10.0
TLLSS,10.0
RDNIT,10.0
PYMTT,10.0
SGSTH,10.0
NWSTQ,10.0
LKTKA,10.0
CLPES,10.0
PCYNK,10.0
SSLYG,10.0
HTYAT,10.0
LNCLN,10.0
NDSIS,10.0
NKQTP,10.0
FRTYS,10.0
HAFAP,10.0
LNSQD,10.0
FTNTC,10.0
LNSQN,10.0
SQIST,10.0
KETSQ,10.0
TSPMV,10.0
MSTTR,10.0
ANQYN,10.0
ISYTQ,10.0
TTHQT,10.0
IDWHT,10.0
HTPNY,10.0
RKLPH,10.0
PSATA,10.0
NYYTK,10.0
QNAFV,10.0
DSTST,10.0
DSTSH,10.0
PLNDR,10.0
RCARL,10.0
PYNIS,10.0
TGSTE,10.0
TTSKL,10.0
FMPHP,10.0
NLQTR,10.0
AIARP,10.0
AIMTK,10.0
QHSTN,10.0
PDSHA,10.0
ATTNN,10.0
DSNHA,10.0
AIDVS,10.0
HMGAL,10.0
NCSMT,10.0
PENTN,10.0
LSTTQ,10.0
LSTTS,10.0
LSTTT,10.0
DTMNH,10.0
LSTTH,10.0
LSTTK,10.0
KNTYA,10.0
KMMQT,10.0
LSCSY,10.0
NPTHQ,10.0
NPTHP,10.0
QIETQ,10.0
PDNTP,10.0
GHRTL,10.0
TIKTP,10.0
ISSDY,10.0
PHHRP,10.0
YRPTM,10.0
NGMAT,10.0
NKSHP,10.0
TTFFT,10.0
TSQAA,10.0
RHTQT,10.0
QNHPH,10.0
PNIAT,10.0
SHSRQ,10.0
VTRWH,10.0
KCLTA,10.0
KQSNP,10.0
LEATT,10.0
TTMGC,10.0
FRTQT,10.0
YKNSN,10.0
PHITQ,10.0
SPARE,10.0
FTARP,10.0
NSLDI,10.0
NFTSY,10.0
LESNP,10.0
ATTQT,10.0
LVPQH,10.0
ALDSL,10.0
TDPHP,10.0
PLTKP,10.0
PYKTV,10.0
NLYSQ,10.0
AYRTE,10.0
NSTHA,10.0
KFHNC,10.0
QGLTT,10.0
HYKTN,10.0
NVTQP,10.0
MMLPK,10.0
NVTQH,10.0
RSRLP,10.0
QTVAT,10.0
HAYTN,10.0
QTNLF,10.0
QTNLM,10.0
FNYTD,10.0
RSAQA,10.0
GTINT,10.0
PTRNL,10.0
LESST,10.0
IISQN,10.0
GNGHP,10.0
CTKHS,10.0
NTDKM,10.0
PTSDT,10.0
NRVTI,10.0
MFSHD,10.0
NTNTP,10.0
HSRYW,10.0
NTNTN,10.0
NRVTT,10.0
PYHHW,10.0
QNPMN,10.0
TCQLT,10.0
FCART,10.0
TNWQT,10.0
MTYST,10.0
QCTTN,10.0
RWTNA,10.0
TQKQP,10.0
QCTTT,10.0
QFVAT,10.0
HRVHT,10.0
NTTFC,10.0
LHNLP,10.0
STMRH,10.0
MAPQQ,10.0
NTTFT,10.0
SMSTL,10.0
STISH,10.0
STISQ,10.0
PSHSP,10.0
TKYTP,10.0
ALKKT,10.0
PQTTT,10.0
TNTQT,10.0
PQTTN,10.0
ITHSP,10.0
NNLTH,10.0
TKSFA,10.0
SSTSQ,10.0
SSTST,10.0
HANEQ,10.0
NNLTN,10.0
NHYHT,10.0
TRTPL,10.0
NQTYD,10.0
LTDHT,10.0
NMSTN,10.0
GTMHG,10.0
RFQMP,10.0
WTSTS,10.0
LNPTP,10.0
LNPTL,10.0
KNKSR,10.0
NFCHN,10.0
TTRLN,10.0
ENNDY,10.0
RAHAP,10.0
KQATA,10.0
LPGIS,10.0
NLMSN,10.0
NLMSC,10.0
DNTNM,10.0
ETSKP,10.0
RTCEH,10.0
KTIQG,10.0
TCTTH,10.0
ASNQQ,10.0
TQALD,10.0
PSQMI,10.0
MLHTD,10.0
KGKYP,10.0
QPPTT,10.0
QPPTM,10.0
WAKTA,10.0
CKPTL,10.0
CKPTI,10.0
GECRA,10.0
PDNAL,10.0
GILAT,10.0
KESYQ,10.0
SKTQD,10.0
QSNEA,10.0
YDGLP,10.0
TKTAT,10.0
LSEQT,10.0
LSEQP,10.0
QDTAT,10.0
PNRFP,10.0
GTKSP,10.0
EYNNC,10.0
DGSLT,10.0
CLAMT,10.0
HKPEQ,10.0
QTLST,10.0
WGTST,10.0
PNVES,10.0
QYSAH,10.0
SVLST,10.0
TSMQT,10.0
CTTNS,10.0
CTTNT,10.0
QKHQP,10.0
CTTNN,10.0
RTPAL,10.0
TEQKP,10.0
HRKTE,10.0
TPQTP,10.0
PYPQQ,10.0
PTAHY,10.0
PYPQA,10.0
PYPQN,10.0
PYPQH,10.0
KLTTQ,10.0
ATHTN,10.0
CGYTT,10.0
TPYLP,10.0
NHTTE,10.0
NHTTN,10.0
TMTTH,10.0
TMTTT,10.0
TMTTS,10.0
PDELN,10.0
QSRHC,10.0
YNNTL,10.0
YNNTP,10.0
LTWTT,10.0
KATAD,10.0
LYKTE,10.0
NNQMP,10.0
DGPTQ,10.0
QAISH,10.0
NNLNN,10.0
NNLNA,10.0
SALQS,10.0
THSLM,10.0
NHKLQ,10.0
YCEHH,10.0
AKNFP,10.0
LRTKT,10.0
ANLTH,10.0
SNSAP,10.0
LNSYA,10.0
NTRQQ,10.0
AHPTQ,10.0
TTHYV,10.0
SELDS,10.0
DPLNT,10.0
RTELH,10.0
HSTRS,10.0
HSTRT,10.0
SVTAT,10.0
NSQYP,10.0
LEHNP,10.0
NLEHH,10.0
ILKTP,10.0
RLHHQ,10.0
FKESP,10.0
YVDHC,10.0
PADYL,10.0
ASLRS,10.0
RCTLS,10.0
PQVNT,10.0
TKPVT,10.0
YEYKS,10.0
DTSES,10.0
QSQRN,10.0
QFSHH,10.0
SALNV,10.0
HMGYP,10.0
HVTHT,10.0
ISSLF,10.0
ISSLV,10.0
MHRET,10.0
QSLNS,10.0
YTNYT,10.0
TTLGS,10.0
TTLGN,10.0
RYGTD,10.0
DCSLT,10.0
ICKNE,10.0
YTGEA,10.0
MSNTY,10.0
HSITT,10.0
LQNHT,10.0
NLHTL,10.0
NRNNM,10.0
TFPTI,10.0
QAQLP,10.0
WPWNQ,10.0
NYNTN,10.0
CTITR,10.0
NLINP,10.0
LDPDE,10.0
PSPFA,10.0
YSTTT,10.0
HSSHD,10.0
YSTTY,10.0
KTMLI,10.0
HRSMQ,10.0
HCVST,10.0
ASSEH,10.0
QHHDL,10.0
PLTSP,10.0
YATNN,10.0
QSHTM,10.0
RELNH,10.0
YAPWT,10.0
EPSVV,10.0
SKKTH,10.0
HNNIT,10.0
SKKTP,10.0
PGYKE,10.0
PKPEH,10.0
TAEKP,10.0
LTVSA,10.0
LTVSV,10.0
LTVSS,10.0
TVPDL,10.0
VPRNL,10.0
LNTTN,10.0
LNTTF,10.0
NAPLC,10.0
QSPLV,10.0
GERSQ,10.0
QSPLN,10.0
HLYTR,10.0
TTFSM,10.0
NPSLN,10.0
PPNTP,10.0
QAAHP,10.0
NYSQQ,10.0
QAHTP,10.0
CTLNA,10.0
PTRFS,10.0
VATNM,10.0
SCPTM,10.0
SCPTP,10.0
GPLYS,10.0
CKRIG,10.0
STTAS,10.0
YSAYE,10.0
TTAYT,10.0
KTFAV,10.0
TTAYK,10.0
HSGSE,10.0
STNTN,10.0
EADYN,10.0
NTNLA,10.0
LAPYQ,10.0
TPETL,10.0
HISHH,10.0
SYFNF,10.0
STSAN,10.0
EVPTD,10.0
CNIQS,10.0
RTIAS,10.0
TTSQQ,10.0
AKHQN,10.0
VPYAH,10.0
TDTNN,10.0
HYQTN,10.0
EYENQ,10.0
VNFSQ,10.0
NQTQA,10.0
YPHYP,10.0
AAMFT,10.0
NGHHC,10.0
TSAHD,10.0
YTENP,10.0
QLSPD,10.0
SSYHT,10.0
QPNYP,10.0
QVHMT,10.0
NDQFT,10.0
FGLSA,10.0
QNQRL,10.0
NSYMT,10.0
GSISA,10.0
FSPTF,10.0
NTPHF,10.0
PFFKT,10.0
NTPHA,10.0
SEQQH,10.0
QDRTP,10.0
PSTSH,10.0
TLSRE,10.0
LPVRP,10.0
PSTSP,10.0
PTCLA,10.0
SYSQT,10.0
EHASE,10.0
HSQIT,10.0
KHQLS,10.0
KHKHA,10.0
GTLTS,10.0
ETSSI,10.0
LLPNP,10.0
VQTKT,10.0
FEPLP,10.0
CALQT,10.0
HNRTL,10.0
LIHDK,10.0
AARLA,10.0
QTARL,10.0
EPTTM,10.0
DSQFP,10.0
EGNYE,10.0
DLKTD,10.0
RNSQL,10.0
HNILS,10.0
NMHTN,10.0
DHKTN,10.0
RNTQI,10.0
EPQSK,10.0
RNTQQ,10.0
FNTHT,10.0
LNAHP,10.0
PCPRL,10.0
LNAHN,10.0
HMNIT,10.0
QIHMS,10.0
HYSHA,10.0
ANSTT,10.0
SHTKT,10.0
QTTHS,10.0
YDNPL,10.0
YTHRT,10.0
HEKTE,10.0
THEHH,10.0
HEKTS,10.0
QNFNL,10.0
ETHAD,10.0
QMHLP,10.0
TGKYN,10.0
PVTDH,10.0
PCTQS,10.0
PLHPC,10.0
ETKAS,10.0
TANTM,10.0
SPTMQ,10.0
PTPCT,10.0
PRTRT,10.0
ITENP,10.0
NESES,10.0
CTMQS,10.0
QYFTS,10.0
PMTTA,10.0
NLTNL,10.0
TNPDK,10.0
CSEMR,10.0
PMPIT,10.0
RSTRN,10.0
QGTHP,10.0
RSTRT,10.0
PYPYA,10.0
PQRTE,10.0
HRNLQ,10.0
PSPWM,10.0
NNPIA,10.0
AIHTP,10.0
KTPIT,10.0
QRTSP,10.0
NDTSL,10.0
TCVQS,10.0
HDAAQ,10.0
QTMHS,10.0
PIATN,10.0
SQTTK,10.0
QKTQT,10.0
LRPRP,10.0
SSTQS,10.0
LTQNT,10.0
QTLNT,10.0
QNFQN,10.0
QATLT,10.0
HTWDN,10.0
HGNLP,10.0
QMLNN,10.0
LQLTS,10.0
SLTHT,10.0
SLTHS,10.0
CMSKH,10.0
TTHAI,10.0
TITNN,10.0
LLTSH,10.0
LLTST,10.0
CKTSI,10.0
PASTP,10.0
CKYQP,10.0
PASTL,10.0
QALQT,10.0
NSQQP,10.0
NLTSL,10.0
PMTKP,10.0
HKFSP,10.0
DYTNT,10.0
IMTAT,10.0
HECLK,10.0
TPTQP,10.0
HIQSL,10.0
QQTNQ,10.0
QQTNR,10.0
QFTNI,10.0
TECLH,10.0
HSCTE,10.0
HSNTY,10.0
HQQMP,10.0
NTYST,10.0
CSHHA,10.0
LNLTH,10.0
LNLTS,10.0
LNLTQ,10.0
TKPNL,10.0
SRTDQ,10.0
AVTNT,10.0
NEPKN,10.0
SSEYA,10.0
ISSTH,10.0
ISSTN,10.0
PIPRA,10.0
SSHSP,10.0
IYLGP,10.0
NMCET,10.0
PMPAN,10.0
SPLAQ,10.0
CTPSE,10.0
TCSHR,10.0
RWSQP,10.0
TNEHT,10.0
HEPMA,10.0
QPTTP,10.0
PYAST,10.0
TQHYS,10.0
SFRLS,10.0
CKVKT,10.0
IYYST,10.0
PSSTN,10.0
RIHVT,10.0
CQTTT,10.0
NNHAP,10.0
NCRTP,10.0
HNNQP,10.0
CNLKV,10.0
QITDS,10.0
DITNQ,10.0
HNAQN,10.0
HMFHH,10.0
WYHSR,10.0
VSPDL,10.0
QTQQQ,10.0
PCWTT,10.0
LTPMQ,10.0
QTQQN,10.0
AAAHP,10.0
QAPSL,10.0
LSNAN,10.0
TSVTQ,10.0
PIEAA,10.0
PMIST,10.0
HATDK,10.0
QTTTH,10.0
KEGYT,10.0
HATDT,10.0
KTNQD,10.0
NCTQP,10.0
PTKAQ,10.0
PTKAP,10.0
PTKAI,10.0
HFCES,10.0
MNLSI,10.0
MNLSV,10.0
RYCNQ,10.0
RTAQP,10.0
PHPTM,10.0
PHPTL,10.0
PHPTN,10.0
LAPQP,10.0
STNLY,10.0
DLTTH,10.0
NSRTN,10.0
ITPQP,10.0
TTAQA,10.0
TTAQS,10.0
SYPSL,10.0
QGAWM,10.0
HSLSG,10.0
GHKQW,10.0
TARLN,10.0
QRSQE,10.0
INATE,10.0
NVTFP,10.0
NQNWQ,10.0
KMDTT,10.0
PQCQY,10.0
WAHHT,10.0
DTERP,10.0
YTLPL,10.0
LTSSE,10.0
LTSST,10.0
GNSQQ,10.0
HYNTH,10.0
TSTPI,10.0
VATQQ,10.0
STNVS,10.0
SITKN,10.0
FHTKH,10.0
HTRMT,10.0
QCDNL,10.0
HSHMT,10.0
NRTHR,10.0
TSNYC,10.0
TSNYK,10.0
CMISV,10.0
NTTKT,10.0
NTTKP,10.0
CMISH,10.0
KIQFN,10.0
SVVNT,10.0
ENNTL,10.0
ENNTE,10.0
QCTAH,10.0
PSNTP,10.0
CYHQT,10.0
NRLSD,10.0
TNDGT,10.0
SCKSP,10.0
NNYTT,10.0
VQTSH,10.0
CSTKK,10.0
CSTKH,10.0
CSTKF,10.0
CSTKD,10.0
NLPTA,10.0
TCTDQ,10.0
GQPQP,10.0
NNSIS,10.0
RETNI,10.0
HWDTP,10.0
KAYTK,10.0
YDQTQ,10.0
TLAQV,10.0
HNITT,10.0
RNTYS,10.0
PIYTQ,10.0
HNITD,10.0
HPTLQ,10.0
HPTLP,10.0
SYNSN,10.0
EPTLN,10.0
TSTKC,10.0
TSTKH,10.0
TSTKT,10.0
TSTKP,10.0
TSTKS,10.0
DQNLN,10.0
LQYSA,10.0
CVATD,10.0
SNAYY,10.0
CVATN,10.0
VSMNH,10.0
SNAYM,10.0
LYRTS,10.0
HTQPA,10.0
HKPSL,10.0
LNPYH,10.0
KLLHT,10.0
RDTTM,10.0
TIFHS,10.0
DHNTP,10.0
KQTSR,10.0
KQTSM,10.0
TFATT,10.0
RTTPK,10.0
CRSMT,10.0
LTPTK,10.0
MNPIT,10.0
MNPIW,10.0
HAKHP,10.0
YTRTH,10.0
KHHFN,10.0
KTHHD,10.0
DMPYK,10.0
NTQSC,10.0
NTHEH,10.0
RQQIW,10.0
QPWQA,10.0
QYSQA,10.0
YWSTS,10.0
TNSVS,10.0
SCHTP,10.0
RTKHP,10.0
SCRET,10.0
SCREA,10.0
QYPQH,10.0
DKYFG,10.0
KYPQP,10.0
HCLTH,10.0
TNPLV,10.0
TNPLQ,10.0
TNPLN,10.0
SATSQ,10.0
SATSH,10.0
SATSN,10.0
WNHTN,10.0
YSCSN,10.0
MVYRT,10.0
TKTTR,10.0
TKTTT,10.0
TKTTA,10.0
RNATP,10.0
HMNTN,10.0
TMTDQ,10.0
TMTDC,10.0
FWHNP,10.0
MPKLP,10.0
LRSTY,10.0
LRSTM,10.0
TTQAN,10.0
HYDTD,10.0
CLTRH,10.0
GRKTN,10.0
KMKTI,10.0
LSSSL,10.0
WNETE,10.0
SHRLA,10.0
CWPQH,10.0
SNSQP,10.0
KQTHS,10.0
QATTN,10.0
QKTYA,10.0
IANTP,10.0
MDVAN,10.0
QNEYT,10.0
DNISA,10.0
CTNLQ,10.0
QLQYY,10.0
ENDTK,10.0
NHFTN,10.0
HFPYN,10.0
WKSTQ,10.0
DKTHS,10.0
HITAS,10.0
ILTQT,10.0
VCRKP,10.0
GNPTK,10.0
PAINI,10.0
TDRLN,10.0
KRTNQ,10.0
LRPYS,10.0
NTSET,10.0
KASTL,10.0
NTSEN,10.0
TPTYA,10.0
YSMTV,10.0
PQQAP,10.0
STKMS,10.0
YHYRT,10.0
SNMTN,10.0
QTINP,10.0
LSLTS,10.0
QTHHS,10.0
QTHHI,10.0
QTHHK,10.0
SKLHT,10.0
RSTTK,10.0
QSKTY,10.0
QLASL,10.0
LNSTN,10.0
QKATM,10.0
HTYDS,10.0
LSATD,10.0
TQMTS,10.0
YTPSP,10.0
PSAQQ,10.0
TSITH,10.0
SDTQN,10.0
EACYH,10.0
HTSRP,10.0
PNYHS,10.0
SSRTN,10.0
STRMS,10.0
TTSFT,10.0
PTVTI,10.0
PTVTH,10.0
NYHHQ,10.0
AILSA,10.0
QEHTH,10.0
MSPRP,10.0
AILSQ,10.0
TSHRP,10.0
THVAT,10.0
QKLTS,10.0
QQTSA,10.0
QQTST,10.0
HSNKP,10.0
HILSS,10.0
PYKPQ,10.0
PYKLS,10.0
NCNFQ,10.0
RLIAT,10.0
LASSP,10.0
IRMST,10.0
QHHTL,10.0
MHSRP,10.0
IRLSS,10.0
QTHSM,10.0
QTHSL,10.0
QTHSN,10.0
QTHSP,10.0
QTHSV,10.0
LTENT,10.0
NVDTL,10.0
YDSWH,10.0
NVDTP,10.0
QLTRT,10.0
QLTRP,10.0
GTSTY,10.0
KNSTP,10.0
YKSTT,10.0
SRALA,10.0
LNIDN,10.0
SRALS,10.0
NPTMY,10.0
QNNEM,10.0
THHQV,10.0
TGTSP,10.0
NYHSC,10.0
PMPTN,10.0
YKTNT,10.0
TSHMI,10.0
DHHSL,10.0
HAYLT,10.0
QQSMA,10.0
TTYNN,10.0
YYHTA,10.0
TTPVT,10.0
HSSEV,10.0
GKISV,10.0
SQHHA,10.0
KTFQQ,10.0
SCFKT,10.0
STPNL,10.0
STPNK,10.0
QSHYT,10.0
LHSTN,10.0
LHSTL,10.0
QATSM,10.0
TDYAP,10.0
CNIAT,10.0
VCSHP,10.0
QIIAT,10.0
YLNTP,10.0
GDRTP,10.0
QRSYV,10.0
HQSNL,10.0
GGTRI,10.0
LGMTT,10.0
MQRQT,10.0
ANHLP,10.0
VIGMP,10.0
PQCYT,10.0
YMHNP,10.0
TKEQN,10.0
VTHSN,10.0
PCLSN,10.0
KPVQN,10.0
PCLSR,10.0
PCLST,10.0
SHDAQ,10.0
CLYMH,10.0
MTLSV,10.0
PTKTP,10.0
AQLNP,10.0
TSNQN,10.0
NTNYM,10.0
RMTHT,10.0
SYPQA,10.0
GFNTP,10.0
QMTRW,10.0
QMTRP,10.0
TTALS,10.0
TGLAH,10.0
DMQHH,10.0
PLPVT,10.0
CYQRQ,10.0
STTTH,10.0
TQNQP,10.0
NTMHT,10.0
CTKMV,10.0
STTTY,10.0
QHWTT,10.0
PRHHW,10.0
TYKTM,10.0
NITMN,10.0
TYKTK,10.0
NNYLN,10.0
HRFTQ,10.0
STSNN,10.0
NIINH,10.0
VVSSP,10.0
RNYTN,10.0
MVNET,10.0
TNTRT,10.0
NNSAL,10.0
RNTAQ,10.0
RHHYH,10.0
PCQLA,10.0
RHHYQ,10.0
LTSNP,10.0
LTSNQ,10.0
DSDRL,10.0
ETTNH,10.0
NKTQP,10.0
HTQHN,10.0
WTSQY,10.0
NKTQA,10.0
VSCPM,10.0
HPTTL,10.0
SNAQL,10.0
ELRGM,10.0
RSQFQ,10.0
KSNQP,10.0
LEPTQ,10.0
FSNAQ,10.0
LPGDP,10.0
YGRHH,10.0
TTENT,10.0
KIGHN,10.0
MNPQP,10.0
TTTKP,10.0
TTTKS,10.0
DMPQP,10.0
LLATN,10.0
THPHF,10.0
NYPDP,10.0
NYPDL,10.0
ETHQT,10.0
KAYGL,10.0
LAHQP,10.0
TEHDG,10.0
TEHDL,10.0
RQNLP,10.0
NNTHC,10.0
NNTHN,10.0
NNTHI,10.0
DTNTP,10.0
YARIT,10.0
PESTN,10.0
PDTSV,10.0
QSTTY,10.0
QSTTH,10.0
QSTTE,10.0
ISTNI,10.0
HTKMP,10.0
PHTTA,10.0
PHTTI,10.0
PHTTV,10.0
PHTTY,10.0
NETQH,10.0
CVTQS,10.0
PDETQ,10.0
NHTLA,10.0
YPLNC,10.0
NHTLD,10.0
APAEQ,10.0
SNSYQ,10.0
PPMTM,10.0
HYRAS,10.0
SSPHA,10.0
DGPLT,10.0
WFSDF,10.0
QKTAD,10.0
QADIS,10.0
SISFA,10.0
PHWLK,10.0
DPSQN,10.0
TSSET,10.0
WKESQ,10.0
TSSEH,10.0
NSVTN,10.0
NSVTH,10.0
THSTD,10.0
THSTE,10.0
YAKIT,10.0
FTTGC,10.0
GYMNP,10.0
CTQLP,10.0
SLMLG,10.0
THLNA,10.0
SMPHM,10.0
GGAAL,10.0
SCSTM,10.0
SCSTN,10.0
IMTQT,10.0
PTAKP,10.0
GYSDT,10.0
IMTQH,10.0
INPTL,10.0
AVNHR,10.0
LSPSL,10.0
YCMST,10.0
LTNTN,10.0
LTNTF,10.0
LTATM,10.0
YTNET,10.0
ITTTT,10.0
RLTTE,10.0
ITTTA,10.0
LTQAN,10.0
FWDTD,10.0
ISHLS,10.0
KPGTV,10.0
AYQRP,10.0
AATMS,10.0
AKPMQ,10.0
LMQTL,10.0
LMQTE,10.0
CQQHP,10.0
CQMTI,10.0
IAYTQ,10.0
QTSET,10.0
GNATL,10.0
GNATD,10.0
RSFAQ,10.0
PCYSE,10.0
YTTTR,10.0
HITTN,10.0
HITTM,10.0
HKQHP,10.0
RTVFT,10.0
TTSNL,10.0
NTCQM,10.0
TMQLQ,10.0
NSPHP,10.0
VAPTP,10.0
DNPTY,10.0
PASIA,10.0
LPPMN,10.0
IQYRT,10.0
PYTRH,10.0
HRTDP,10.0
TETDN,10.0
RWSAT,10.0
TCHLR,10.0
STHSL,10.0
HESLN,10.0
YSMGP,10.0
HHDLP,10.0
RLHET,10.0
STAHD,10.0
KGLQT,10.0
EDHSP,10.0
TITIG,10.0
EITGP,10.0
PREAP,10.0
SKKLS,10.0
DIQYA,10.0
IADQL,10.0
QITTS,10.0
HCVKT,10.0
QRTHT,10.0
MHRHT,10.0
ISSKL,10.0
HLKTP,10.0
RISRP,10.0
KSTWT,10.0
PIEQT,10.0
YYPSE,10.0
SGQLL,10.0
VTTPK,10.0
VTTPN,10.0
SIVSA,10.0
FDTHH,10.0
LSNQM,10.0
HTNCH,10.0
HTSAR,10.0
TSQNL,10.0
TFPQP,10.0
SINLQ,10.0
QAGLL,10.0
CVEQS,10.0
GAGTN,10.0
HEIGT,10.0
RTAAP,10.0
HSSMH,10.0
TPPTM,10.0
SMLST,10.0
TRQLP,10.0
FRTNW,10.0
TRQLT,10.0
ICSHT,10.0
RFTQN,10.0
MTFSN,10.0
YKNTN,10.0
TSRQH,10.0
YCNTP,10.0
CWNTP,10.0
NSIYS,10.0
ITPAP,10.0
PMVNT,10.0
ATTTT,10.0
ATTTY,10.0
IITPL,10.0
LIPTF,10.0
RLITT,10.0
ATTTF,10.0
ATTTM,10.0
EVPLS,10.0
LILNS,10.0
CAEMR,10.0
EQSTS,10.0
GQTKI,10.0
QRYTK,10.0
HPVHP,10.0
LENTN,10.0
PCMSV,10.0
HLNIT,10.0
QSPIT,10.0
WQAQT,10.0
HATSP,10.0
THGTN,10.0
MRYLT,10.0
NTIQS,10.0
PNTAN,10.0
PNTAH,10.0
NQSHN,10.0
RFTNV,10.0
NQSHQ,10.0
FISTR,10.0
DNKAN,10.0
HKTQA,10.0
HKTQH,10.0
HTHRP,10.0
QNPHP,10.0
NTNQM,10.0
NSTMP,10.0
NSTMH,10.0
LIMQS,10.0
HSLNS,10.0
STDYT,10.0
RQRQQ,10.0
YNSTA,10.0
PTMNN,10.0
YNSTT,10.0
YNSTY,10.0
NYVSS,10.0
VGSTL,10.0
TNWTT,10.0
PSHVG,10.0
HNRLP,10.0
RQTKY,10.0
PRSTL,10.0
SFPKP,10.0
PTNTP,10.0
KINVT,10.0
NQTTP,10.0
PTNTL,10.0
KFHTL,10.0
ASWNQ,10.0
PEQHT,10.0
HISEQ,10.0
LTCMS,10.0
TWRHK,10.0
SAPMA,10.0
TKSKN,10.0
PQTSV,10.0
PQTST,10.0
YHKTN,10.0
HQYAT,10.0
QIPKP,10.0
SFTTK,10.0
SKSDP,10.0
QTNVT,10.0
VSNHP,10.0
ESSNT,10.0
PRLST,10.0
LKINS,10.0
YRSHT,10.0
ESSNM,10.0
ELSWS,10.0
NKTYN,10.0
VNKTM,10.0
HPATP,10.0
HPATL,10.0
HPATN,10.0
PWTMT,10.0
NQTTE,10.0
GTNEQ,10.0
CVRDM,10.0
NQTTN,10.0
IALHT,10.0
RAHLH,10.0
YMSMV,10.0
GAYWT,10.0
YKHTP,10.0
TTTSH,10.0
TTTSI,10.0
TTTSK,10.0
NLMNQ,10.0
LDTTS,10.0
QCTNP,10.0
QHLTK,10.0
PGYEQ,10.0
PIKTV,10.0
NTPMN,10.0
KNKTL,10.0
PAAMP,10.0
IGKTN,10.0
SWVSA,10.0
MTNHH,10.0
HNRQT,10.0
LCAAQ,10.0
SMGTL,10.0
NNSTP,10.0
NNSTL,10.0
HCWQT,10.0
QTKNC,10.0
QPFVT,10.0
HLINT,10.0
INTNL,10.0
QSSRL,10.0
TTTSS,10.0
QTRQQ,10.0
TYSNP,10.0
NKTDI,10.0
LANSP,10.0
QTTKH,10.0
HTKET,10.0
TKTDA,10.0
TKTDN,10.0
ANYTT,10.0
PVTAT,10.0
DNTTM,10.0
DNTTQ,10.0
TTEQH,10.0
PNHTD,10.0
PPLRH,10.0
LCHQH,10.0
PSMKA,10.0
AIRHH,10.0
RATNP,10.0
RATNN,10.0
HNHTK,10.0
HNHTM,10.0
PTQNM,10.0
PMTSN,10.0
PMTSA,10.0
CKNLL,10.0
MTTTT,10.0
MTTTS,10.0
TNCLK,10.0
YSYPN,10.0
RTQHP,10.0
DLETN,10.0
CSQLT,10.0
IQSAN,10.0
HRNIT,10.0
CSEHA,10.0
GPPDE,10.0
GYSLT,10.0
PYPTD,10.0
PRPLQ,10.0
TSYRP,10.0
RSTQT,10.0
RSTQS,10.0
NNLST,10.0
SSTRH,10.0
NHTQQ,10.0
TMTST,10.0
NHTQT,10.0
NHTQF,10.0
NHTQH,10.0
RSSQD,10.0
QIHSP,10.0
LSSDM,10.0
RSSQQ,10.0
TRNVS,10.0
QTSMM,10.0
TKNAN,10.0
LTHRP,10.0
CISAQ,10.0
ERPMD,10.0
PNSVV,10.0
HGPQQ,10.0
HAQTN,10.0
RATQR,10.0
SLNQC,10.0
PLKSP,10.0
PTEMS,10.0
SKPTI,10.0
YLTHS,10.0
HGSQI,10.0
NGAHN,10.0
FSTNE,10.0
HSFSF,10.0
FSTNQ,10.0
HSISA,10.0
TYPQH,10.0
HSISH,10.0
HSISI,10.0
NTSHN,10.0
HSISS,10.0
DCFHE,10.0
INTYS,10.0
LLMNN,10.0
CKYTD,10.0
CKTTE,10.0
CKTTI,10.0
CKTTW,10.0
SQTRA,10.0
ITTGN,10.0
TPSLL,10.0
SQTRT,10.0
SMFKT,10.0
PTHSP,10.0
QPTLA,10.0
QPTLN,10.0
QPTLH,10.0
LDSQT,10.0
LDSQH,10.0
EIHKH,10.0
FYTGH,10.0
GDCHS,10.0
TMYMT,10.0
QHSYQ,10.0
NVVNQ,10.0
CNLSN,10.0
QLHDP,10.0
QIDMN,10.0
DTSHT,10.0
CNLSV,10.0
KSDHS,10.0
QTSVG,10.0
QSEKT,10.0
QRPQN,10.0
WTHTK,10.0
HNTNE,10.0
LSFAT,10.0
TKPQE,10.0
WTHTA,10.0
HNTNN,10.0
TWTAN,10.0
TSYNA,10.0
PIPQC,10.0
EYTNH,10.0
KPTMH,10.0
AKTKN,10.0
QTCQN,10.0
RVKQP,10.0
RNHYQ,10.0
SSRAF,10.0
AWKHT,10.0
LTTNG,10.0
SIMNP,10.0
TLTST,10.0
RAKYN,10.0
PAYAQ,10.0
PSVSE,10.0
AEQHT,10.0
PSVSP,10.0
SQVAT,10.0
THHAH,10.0
ENVNN,10.0
SSHLT,10.0
YLQTQ,10.0
TQSTM,10.0
PTHHN,10.0
KLYNI,10.0
PTHHT,10.0
NYNSN,10.0
PSFDQ,10.0
YTSDS,10.0
TRDTT,10.0
SPLDT,10.0
VRTTQ,10.0
PSSYA,10.0
DSITT,10.0
QFPSP,10.0
TPPLQ,10.0
SYHSM,10.0
ATEES,10.0
TDVST,10.0
EHSFT,10.0
NTCHS,10.0
RETAH,10.0
LHDQP,10.0
IRLNN,10.0
WNTTT,10.0
SRNLP,10.0
STQTL,10.0
MYSHS,10.0
MCHHY,10.0
SYYTM,10.0
CNSHQ,10.0
YETPQ,10.0
NNGTE,10.0
PKPHF,10.0
IATET,10.0
FQLNT,10.0
IGYTV,10.0
QTELS,10.0
LTVTS,10.0
HALTT,10.0
RHMTL,10.0
LNNEP,10.0
HTNTP,10.0
HATKP,10.0
TTFTQ,10.0
MHTMS,10.0
CQKWQ,10.0
RTATF,10.0
RTATE,10.0
PNTYT,10.0
SQQYP,10.0
ITPTL,10.0
QCAQN,10.0
HSRTL,10.0
KTSLM,10.0
LAPTM,10.0
HEHRP,10.0
HSRTY,10.0
FHWSN,10.0
PTKDA,10.0
TQNAP,10.0
PSNLV,10.0
QYNMT,10.0
CSTSS,10.0
CSTSP,10.0
RVNHP,10.0
PRSLV,10.0
NANTP,10.0
SAINF,10.0
NTTSP,10.0
TMQTP,10.0
LSPTN,10.0
HYQQH,10.0
HPYQI,10.0
LSPTY,10.0
PRGHP,10.0
PKTRS,10.0
PKTRT,10.0
PQNRP,10.0
NKPNP,10.0
DRIHG,10.0
ADSWQ,10.0
SNQTL,10.0
RSQHA,10.0
NQINN,10.0
SITHH,10.0
YRTTV,10.0
YRTTQ,10.0
STAQT,10.0
YRTTH,10.0
LTTPM,10.0
YRYTT,10.0
LQPLP,10.0
NMSAL,10.0
SNKFT,10.0
IDNHP,10.0
HKTDT,10.0
MITQS,10.0
TSTSM,10.0
QVTTD,10.0
YMCHD,10.0
TSWSQ,10.0
DDCSP,10.0
LFHTA,10.0
MSMTT,10.0
YNPHP,10.0
QKQSC,10.0
MSMTN,10.0
LHPQD,10.0
PSHAC,10.0
FSYST,10.0
HSQNR,10.0
GLRQQ,10.0
PMINN,10.0
RNSTL,10.0
RNSTP,10.0
DATQT,10.0
SMYMT,10.0
TEHTN,10.0
GVRTH,10.0
MPERP,10.0
AMTTK,10.0
AMTTE,10.0
AMTTD,10.0
NCLSN,10.0
GLPCA,10.0
HCWYR,10.0
HMVTH,10.0
TKLTT,10.0
QTTSR,10.0
QTTSD,10.0
QTTSI,10.0
QTTSH,10.0
HTQSC,10.0
HTQSL,10.0
NKTLP,10.0
HTQSP,10.0
NKTLE,10.0
SSMPL,10.0
VSQLA,10.0
LQDSL,10.0
DYAKN,10.0
TRRHP,10.0
TVSTT,10.0
YPTLP,10.0
HKSTP,10.0
QRLTI,10.0
GTDFA,10.0
NQQQP,10.0
QDTLT,10.0
LQPMP,10.0
NSYSE,10.0
PHTDC,10.0
TSKHV,10.0
PALRT,10.0
SPTHD,10.0
IQLSD,10.0
NSMQP,10.0
DDASL,10.0
SMNNL,10.0
STVKT,10.0
PAPAL,10.0
PSRNH,10.0
TYTSW,10.0
IRPMP,10.0
LINLN,10.0
TYSSQ,10.0
TYSST,10.0
NDTTN,10.0
PRPTN,10.0
PQHQH,10.0
TDRTD,10.0
HDQQP,10.0
RSSYP,10.0
TASLA,10.0
MHYTT,10.0
TASLT,10.0
KPYQP,10.0
LTNDE,10.0
NETDL,10.0
PIAQC,10.0
RSYSN,10.0
QMHRP,10.0
PIAQT,10.0
IANQP,10.0
TKNIT,10.0
CLTQH,10.0
MQPHA,10.0
WSSTK,10.0
YMNIS,10.0
AENWK,10.0
ENRTF,10.0
MNSTL,10.0
RATYT,10.0
TSSNN,10.0
SLNYA,10.0
NSAKM,10.0
NLTTT,10.0
NLTTP,10.0
EACAF,10.0
NLTTY,10.0
NLATP,10.0
NYTAA,10.0
CHSLF,10.0
PVEQH,10.0
LQFST,10.0
LPTTK,10.0
PLARP,10.0
TFTGM,10.0
YKPHV,10.0
HSIKT,10.0
NNPSP,10.0
IKSHH,10.0
CYFSS,10.0
SPHNR,10.0
LQESE,10.0
LKSTH,10.0
KATSP,10.0
LATKT,10.0
FARET,10.0
KHTPL,10.0
KGATA,10.0
KSMQP,10.0
KSMQS,10.0
QTPHQ,10.0
TNVDI,10.0
TKQMT,10.0
CNTHH,10.0
AKQTL,10.0
QSRET,10.0
KPIMP,10.0
WSYNN,10.0
PPCGP,10.0
RERQT,10.0
SHVQT,10.0
TAVRN,10.0
QTCYQ,10.0
ADWPL,10.0
HTSQM,10.0
HTSQN,10.0
DDWNT,10.0
YTNTH,10.0
YTNTN,10.0
LYSTT,10.0
MIYHG,10.0
TQSLN,10.0
YGDRL,10.0
MSNYY,10.0
SPRFT,10.0
RKVTT,10.0
HSNNM,10.0
HEPHP,10.0
AQANL,10.0
CIHKP,10.0
IRTNI,10.0
DASLS,10.0
PSPQE,10.0
HRTQQ,10.0
TRNQD,10.0
SPLLT,10.0
NVMNN,10.0
ALQTP,10.0
TQHTP,10.0
TCSMN,10.0
CSAEV,10.0
CSAER,10.0
HQNTN,10.0
HQNTP,10.0
PDLTS,10.0
DSPHY,10.0
RMSTL,10.0
LHTNN,10.0
LHTNI,10.0
LHTNH,10.0
LSTRI,10.0
NESQM,10.0
TLSNP,10.0
DAETN,10.0
ASTRT,10.0
DRTHT,10.0
RIHQP,10.0
TLKMT,10.0
RNPSL,10.0
QSYSN,10.0
SNCMY,10.0
PHHLQ,10.0
SLPHN,10.0
SINQI,10.0
SLPHP,10.0
SPRYN,10.0
SHSLN,10.0
HSSRP,10.0
HSSFT,10.0
HTATP,10.0
HTATY,10.0
WVGSP,10.0
IEATT,10.0
HTATL,10.0
YLPEN,10.0
EKTQS,10.0
HFITT,10.0
PNTQT,10.0
NSCHP,10.0
PNTQS,10.0
PRAYS,10.0
NSSWL,10.0
LCLTD,10.0
DLTQT,10.0
ARPYL,10.0
PTDFP,10.0
YAPEQ,10.0
TYNKP,10.0
RTITH,10.0
ASAYS,10.0
TYQNN,10.0
PKNTP,10.0
QCDTP,10.0
NDYMT,10.0
RNLTI,10.0
YIHHT,10.0
RNLTT,10.0
QIIDS,10.0
NVTKN,10.0
NVTKT,10.0
QTEYA,10.0
SNVRP,10.0
NDPQP,10.0
NDPQC,10.0
VFQTN,10.0
LSMTD,10.0
HYQYQ,10.0
QSCNP,10.0
SNHHN,10.0
TYHTN,10.0
SKSTP,10.0
NPYTP,10.0
SSNTN,10.0
NPPHY,10.0
SSNTP,10.0
NPYTM,10.0
KSQHN,10.0
SMVNP,10.0
NMSIG,10.0
PTRTY,10.0
HKTLG,10.0
SDVSD,10.0
SLLNA,10.0
QDHRP,10.0
NSSLP,10.0
PTSNL,10.0
PTSNM,10.0
NLSQM,10.0
HINQQ,10.0
QHWQS,10.0
YSQHD,10.0
SWSDP,10.0
QNCET,10.0
STTSS,10.0
STTSQ,10.0
STSSP,10.0
KQQTL,10.0
NTTLY,10.0
NTTLD,10.0
NTTLN,10.0
RVCRQ,10.0
PTNAP,10.0
DSCWD,10.0
TLNTN,10.0
ALHQI,10.0
TMARN,10.0
WNDMN,10.0
PRYTP,10.0
CKHQE,10.0
NCHHN,10.0
LTSMI,10.0
YHETT,10.0
LTSMA,10.0
GHDLP,10.0
CLFQT,10.0
YHETN,10.0
LTSMT,10.0
SYATT,10.0
HPSIK,10.0
HPSIA,10.0
HPTIS,10.0
LTDRL,10.0
DTNLQ,10.0
SRELS,10.0
VTENT,10.0
YLFST,10.0
QDRFT,10.0
TSTNH,10.0
TSTNN,10.0
NKTTP,10.0
RHVTA,10.0
QKPHP,10.0
CMYTT,10.0
TTKTE,10.0
YTRSW,10.0
YTRSN,10.0
NQQYV,10.0
AWSTD,10.0
TTDEN,10.0
HKIHS,10.0
IEQAH,10.0
LCSTL,10.0
HKHNL,10.0
NRSHK,10.0
TTEAP,10.0
ARRHQ,10.0
NAHTL,10.0
VQGRR,10.0
NACHV,10.0
TEQTV,10.0
NASEY,10.0
QEPLM,10.0
ATMNN,10.0
NASEP,10.0
RQQFN,10.0
HPNNL,10.0
WVNHT,10.0
PKLSA,10.0
LINDP,10.0
PSLSS,10.0
RTKSP,10.0
NVPNN,10.0
QQQRV,10.0
DVNQM,10.0
RSTAT,10.0
INSMF,10.0
NDMSN,10.0
RITTK,10.0
RITTN,10.0
QHTQH,10.0
NHTAI,10.0
QSAAF,10.0
RALYS,10.0
DTCTQ,10.0
AAPTQ,10.0
SEHQH,10.0
LRNQP,10.0
CIIDS,10.0
LKEQP,10.0
SDRHT,10.0
CLAKP,10.0
SQRLN,10.0
KQKHP,10.0
SLNAL,10.0
NMPTQ,10.0
MRQMP,10.0
HTTRV,10.0
HAHSP,10.0
RATAR,10.0
PGLST,10.0
PQPTE,10.0
RATAH,10.0
DYVSA,10.0
FTNIT,10.0
ARWTA,10.0
SPILP,10.0
TSLST,10.0
NRTWT,10.0
TTRFR,10.0
PGTKL,10.0
QETNP,10.0
LITTT,10.0
GSHAK,10.0
TNSLP,10.0
TNSLS,10.0
ILTTR,10.0
ILTTW,10.0
HNVTT,10.0
PSLNI,10.0
PSLNT,10.0
PSLNS,10.0
TQPTN,10.0
TNFAD,10.0
HESTT,10.0
PSEHA,10.0
QHTLW,10.0
HPNHS,10.0
NCPQA,10.0
NNAHP,10.0
LTNQA,10.0
GIHAS,10.0
LTNQQ,10.0
YANLN,10.0
PPIIS,10.0
DHPMW,10.0
DRPFQ,10.0
MCMDQ,10.0
KPIEW,10.0
NPGTL,10.0
DTMQS,10.0
CVISH,10.0
LSAQA,10.0
VANVT,10.0
LRTAM,10.0
YQTAS,10.0
GITNE,10.0
HAQAY,10.0
LPNTP,10.0
PATRW,10.0
GRSLT,10.0
PATRH,10.0
TPMIS,10.0
QKLQT,10.0
YSSAR,10.0
HHVSN,10.0
KTQHP,10.0
CTPKV,10.0
ESTTQ,10.0
ESTTT,10.0
PSKTP,10.0
PSFTH,10.0
PSKTY,10.0
TGSRL,10.0
TTSMA,10.0
YTSTV,10.0
YTSTT,10.0
TTSMS,10.0
YTSTA,10.0
QPIDM,10.0
SFTSV,10.0
GKMHT,10.0
CSKHY,10.0
PYYSD,10.0
HHNLQ,10.0
FLTNQ,10.0
NEPYR,10.0
IRMTI,10.0
KSTHS,10.0
GCAQD,10.0
KSDEP,10.0
TAIDE,10.0
NKVNT,10.0
PQSDL,10.0
MQASN,10.0
LSNLE,10.0
HTSDT,10.0
HTNDP,10.0
HTSDY,10.0
TRYSN,10.0
TIQDL,10.0
PHHTP,10.0
TSHHA,10.0
YKTKV,10.0
SVHNC,10.0
SSHAN,10.0
TGILS,10.0
LQAFT,10.0
FRTSQ,10.0
PSPLP,10.0
YKNQP,10.0
PSPLY,10.0
THHNC,10.0
SESHT,10.0
YTSIG,10.0
PSYSM,10.0
SWTSD,10.0
ITKQQ,10.0
PAKHN,10.0
HSSNP,10.0
NAATE,10.0
GMSMT,10.0
ITYSH,10.0
ATNIS,10.0
ITYSQ,10.0
YATTK,10.0
CMMTT,10.0
RLPTP,10.0
INLTH,10.0
LNMTH,10.0
LWRNN,10.0
CHSES,10.0
PKNLL,10.0
PWTQH,10.0
FYSHT,10.0
SSAQQ,10.0
YPPQP,10.0
QSYQT,10.0
TYNSY,10.0
NVTSM,10.0
PRNDL,10.0
YLNSC,10.0
YLNSP,10.0
HWMSD,10.0
ACPYN,10.0
QTNNL,10.0
LSPDP,10.0
LSMLS,10.0
NQPET,10.0
QSFHT,10.0
NYMNQ,10.0
YRCQT,10.0
NYMNN,10.0
VATDQ,10.0
NYSWA,10.0
SIDEE,10.0
EATHS,10.0
SVGFN,10.0
HKTTY,10.0
HKTTQ,10.0
HKTTM,10.0
STTKT,10.0
KNKLT,10.0
PTTRI,10.0
PTTRT,10.0
HKYLT,10.0
TSNTL,10.0
PSTNN,10.0
RASQL,10.0
PAETL,10.0
NNKYN,10.0
PTNIT,10.0
STSKL,10.0
STSKP,10.0
ASKQQ,10.0
TDMKP,10.0
EHVSA,10.0
SSMNN,10.0
TQTAA,10.0
LTYST,10.0
LTYSN,10.0
LTYSI,10.0
LTYSH,10.0
IAPHP,10.0
TAKQR,10.0
TMLNP,10.0
NITHH,10.0
YHPTP,10.0
YHPTE,10.0
HCTYT,10.0
NINAE,10.0
YENLT,10.0
HNSMC,10.0
RKETP,10.0
DTSHR,10.0
NHSQN,10.0
PNPTI,10.0
PNPTL,10.0
DQHMI,10.0
PCPEN,10.0
DESTH,10.0
SDYNQ,10.0
FSQTP,10.0
TTKLQ,10.0
TTKLW,10.0
MNPTL,10.0
ARNMP,10.0
TSNKL,10.0
YMSHS,10.0
ETHTH,10.0
ETHTI,10.0
PTISN,10.0
MTDQA,10.0
DNTLH,10.0
PAPQP,10.0
PKMST,10.0
LCTTH,10.0
YAAHS,10.0
DANED,10.0
NASMP,10.0
NASMN,10.0
NITSW,10.0
QTATE,10.0
QTATA,10.0
QTRTC,10.0
QTRTQ,10.0
NAHLP,10.0
ASHYE,10.0
QHIAS,10.0
WTSTY,10.0
QSMKQ,10.0
QSTQT,10.0
NCLNP,10.0
PESQA,10.0
NWAYR,10.0
VRNWP,10.0
RSKDN,10.0
VSLYG,10.0
TMTKT,10.0
NETTV,10.0
NETTH,10.0
NETTA,10.0
YCADT,10.0
SSPMP,10.0
SSPMF,10.0
CTHMF,10.0
PHTQH,10.0
NTKSL,10.0
DPTHQ,10.0
DPTHC,10.0
NDHQT,10.0
QVPQV,10.0
NTHSM,10.0
GSPDL,10.0
NTQET,10.0
YSYSA,10.0
EGQHN,10.0
PNLNE,10.0
PNLNT,10.0
GQSYH,10.0
ATITR,10.0
STFKP,10.0
HETRG,10.0
MGTEI,10.0
ATLST,10.0
PTQAA,10.0
NYTQT,10.0
NYTQS,10.0
LNITH,10.0
QTYHS,10.0
LIDYY,10.0
NHTRM,10.0
HNMTN,10.0
ITNPL,10.0
NDTYD,10.0
NDTYY,10.0
TNVTY,10.0
TNVTW,10.0
TVTQT,10.0
PSQFD,10.0
LTQDA,10.0
TAPHP,10.0
TALTT,10.0
HYGSP,10.0
IAYSN,10.0
TSSSE,10.0
QNLTN,10.0
PNSQN,10.0
PNSQE,10.0
LRNFN,10.0
HAHNC,10.0
QTSNM,10.0
HAPMP,10.0
IATSN,10.0
MNTAT,10.0
QDYSH,10.0
TINVS,10.0
DWRTN,10.0
HSTPK,10.0
TYPTN,10.0
HSTPQ,10.0
HSTPV,10.0
PANMN,10.0
PTEHT,10.0
CENTL,10.0
NTRSP,10.0
HITST,10.0
AHDHY,10.0
TITHS,10.0
HITSC,10.0
NVAWH,10.0
QHMTQ,10.0
QNALA,10.0
NTSKL,10.0
SEPTL,10.0
FEHKH,10.0
TNALQ,10.0
FEQQS,10.0
PRVDS,10.0
AATSP,10.0
NAPHK,10.0
SYRTH,10.0
IENET,10.0
QQTDA,10.0
YAHMP,10.0
HVGMA,10.0
HKSQT,10.0
TKPTP,10.0
RTTGM,10.0
ASPAL,10.0
PQSLA,10.0
MYNTT,10.0
HTYRT,10.0
SRNTL,10.0
PCIRN,10.0
CQTAH,10.0
QSENP,10.0
HTSLT,10.0
RAMRP,10.0
LSNTV,10.0
LSNTN,10.0
QSLHT,10.0
MTHTN,10.0
LKPKP,10.0
TSCYQ,10.0
TSCYK,10.0
SDMTT,10.0
PADFP,10.0
NSLNN,10.0
NAPSL,10.0
VVVTQ,10.0
NAPSP,10.0
KNAYN,10.0
NFDHL,10.0
GSEHE,10.0
DLITS,10.0
VMNQP,10.0
CAHHV,10.0
HHTSI,10.0
STQQN,10.0
HHTSN,10.0
HHTSA,10.0
PQYDT,10.0
MCGMP,10.0
TWNIS,10.0
RSTNP,10.0
LTMDS,10.0
LRDHT,10.0
DTTTR,10.0
GINVS,10.0
NISTN,10.0
IYHSH,10.0
LMNNL,10.0
SSKTY,10.0
SKPSP,10.0
TRPLN,10.0
QSPNL,10.0
NQPMQ,10.0
HATNN,10.0
DGNIT,10.0
TKCHD,10.0
HAIAT,10.0
RRTTQ,10.0
TIPMP,10.0
ESNPP,10.0
TTFQS,10.0
DDKSP,10.0
PAGVI,10.0
NSTHT,10.0
NSTHN,10.0
NSTHF,10.0
NTGAL,10.0
MRTNV,10.0
KIITT,10.0
DNKLN,10.0
RYVTR,10.0
SKHLV,10.0
WCAQQ,10.0
KTTAT,10.0
PTYEG,10.0
MLTSQ,10.0
PAVES,10.0
HKYTR,10.0
HSRSE,10.0
TYRSN,10.0
HHTHS,10.0
PTNQP,10.0
TQNLN,10.0
AGLEV,10.0
ATPAK,10.0
NRPTL,10.0
AKHSL,10.0
LTYKT,10.0
CSTTN,10.0
NVSTE,10.0
NVSTN,10.0
SNQYP,10.0
TLQQT,10.0
CEPQN,10.0
NDNEN,10.0
PNPLI,10.0
DTEHS,10.0
HPTYP,10.0
MDSTH,10.0
ISNSP,10.0
SNRHE,10.0
SNRHN,10.0
ESNMT,10.0
LNYHT,10.0
DPMAE,10.0
TLRQQ,10.0
CQFDQ,10.0
QASYA,10.0
QASYH,10.0
NSNYN,10.0
NSNYH,10.0
PIKYT,10.0
HAMKP,10.0
THTTH,10.0
THTTT,10.0
THTTV,10.0
RTTMT,10.0
SYSSH,10.0
PTCNP,10.0
QCTKR,10.0
TRSVG,10.0
TTKDD,10.0
SPNFP,10.0
TNHWI,10.0
HDRRP,10.0
GKQWP,10.0
NPRHI,10.0
ITHDI,10.0
ITHDP,10.0
SKMQS,10.0
RHATL,10.0
SNNQD,10.0
QIEQT,10.0
ASHQI,10.0
NVFHT,10.0
LANVT,10.0
QSMSH,10.0
ISQTP,10.0
PKQHC,10.0
NASQP,10.0
CGSEV,10.0
PLRYP,10.0
QTTNN,10.0
QTTNS,10.0
QTTNP,10.0
MNALN,10.0
ISTST,10.0
AKVST,10.0
NTKTP,10.0
THYSR,10.0
DEDTT,10.0
QSAQH,10.0
QSNSP,10.0
LNPTM,10.0
MNVTT,10.0
ANIDQ,10.0
THYRT,10.0
QNFLA,10.0
QNSTL,10.0
YTANF,10.0
DNTQT,10.0
VTPHY,10.0
AQITM,10.0
WEQSQ,10.0
QWTSQ,10.0
SMTTH,10.0
PTPMP,10.0
ITQTP,10.0
CSITH,10.0
DSHSP,10.0
NYTYA,10.0
LSYSQ,10.0
RSTTH,10.0
EQHTD,10.0
RSTTC,10.0
STESP,10.0
PWQIT,10.0
DSALQ,10.0
ANMNN,10.0
TMNAM,10.0
PRPQN,10.0
NDTQQ,10.0
KPGIW,10.0
HQPTM,10.0
DQQQT,10.0
IVHTQ,10.0
QKTSV,10.0
QKTSI,10.0
HLLTQ,10.0
HDQTN,10.0
PHATD,10.0
LRTQQ,10.0
TSSKN,10.0
MNSQT,10.0
MNSQA,10.0
LPTQP,10.0
LPTQQ,10.0
EHDTP,10.0
HTCHS,10.0
YSYTA,10.0
EHKTA,10.0
QLQSL,10.0
YYYNT,10.0
SPIYT,10.0
QDSQT,10.0
MIHYS,10.0
TNYLT,10.0
TQVSS,10.0
NPNTP,10.0
CKTQN,10.0
NLTQN,10.0
NLTQA,10.0
SLSTL,10.0
RTLNN,10.0
QNATL,10.0
KAWQT,10.0
HIQQV,10.0
TNATN,10.0
HSNVT,10.0
DMTSN,10.0
SYKHP,10.0
QRPTN,10.0
TKPLN,10.0
HNTSL,10.0
QPITL,10.0
LNRLS,10.0
AVSRT,10.0
LYATH,10.0
MTMSN,10.0
CLPRA,10.0
GEKHT,10.0
WAQLT,10.0
TKMTK,10.0
PLADL,10.0
IESKT,10.0
PIPTL,10.0
QALHT,10.0
HTSTN,10.0
GNINN,10.0
NSQHA,10.0
AFKHH,10.0
MSPTC,10.0
MSPTL,10.0
PSKAP,10.0
PSVNT,10.0
YSSTA,10.0
TQSQM,10.0
LPEIT,10.0
SQPEH,10.0
HHNQP,10.0
QHNHH,10.0
SQTDP,10.0
YAWNT,10.0
PGDTP,10.0
SCTHA,10.0
YATDV,10.0
NNVTN,10.0
NNVTM,10.0
NNVTT,10.0
TDVTH,10.0
GKYSA,10.0
TMFTT,10.0
LTETT,10.0
LTETQ,10.0
SATTN,10.0
LTPAP,10.0
HALSN,10.0
QTVST,10.0
TWNAC,10.0
ADMKC,10.0
HQTAQ,10.0
SKHHP,10.0
QTQSP,10.0
RKHWM,10.0
HTNQN,10.0
PMNSL,10.0
HTNQQ,10.0
IVISS,10.0
THQAP,10.0
KTAQL,10.0
PNWTN,10.0
QANTE,10.0
LAPTP,10.0
NEYNT,10.0
IITNI,10.0
NSSTL,10.0
NSSTN,10.0
CMTTT,10.0
NTNFP,10.0
RTYFT,10.0
LHTPM,10.0
LHTPL,10.0
HDMMS,10.0
ITSWK,10.0
NTTTP,10.0
NTTTN,10.0
NTTTM,10.0
GDSLT,10.0
NTTTD,10.0
STDTL,10.0
QMLTT,10.0
TDSNP,10.0
NCKQA,10.0
SGNTM,10.0
CHTPL,10.0
QRSSL,10.0
ASKAQ,10.0
LALNT,10.0
NVTHP,10.0
SFSTP,10.0
NHRET,10.0
DTQRP,10.0
TKSTN,10.0
QTQHC,10.0
HMITI,10.0
QTQHY,10.0
SNQQP,10.0
QTQHT,10.0
PEPYQ,10.0
DTAQP,10.0
TLALT,10.0
SSNQE,10.0
NHSAN,10.0
NHSAL,10.0
HLPQQ,10.0
RRTAH,10.0
IQQQE,10.0
MENIS,10.0
NTGTK,10.0
MSAYT,10.0
NTGTP,10.0
GTNHP,10.0
QKIKP,10.0
PYHQP,10.0
HTRSI,10.0
HHKPI,10.0
RMTNV,10.0
PTRQA,10.0
PVPHA,10.0
QMRTQ,10.0
IDQQM,10.0
TQTTC,10.0
AGRYN,10.0
KTYDN,10.0
TQTTH,10.0
TQTTP,10.0
ATPTP,10.0
TQTTT,10.0
RTCSP,10.0
NNKTL,10.0
PFSKL,10.0
PTTGY,10.0
YYSAT,10.0
NHTTQ,10.0
NHTTV,10.0
PHTDS,10.0
TNNQD,10.0
PGEWT,10.0
DATTT,10.0
IYTNH,10.0
NNNLT,10.0
IMNTL,10.0
TNTHR,10.0
NHHHH,10.0
YEAAT,10.0
LMHMT,10.0
PQMNA,10.0
LTSHT,10.0
HVITT,10.0
QSTAS,10.0
QLCTA,10.0
ISQLQ,10.0
TATRP,10.0
HKPQS,10.0
TATRA,10.0
SHHAN,10.0
ANSNL,10.0
TFFHT,10.0
HTMTK,10.0
HTMTM,10.0
HTMTN,10.0
PHTAS,10.0
THCTI,10.0
HTMTQ,10.0
ANFLT,10.0
NMTET,10.0
NYQLQ,10.0
THNTP,10.0
NMTEN,10.0
RHLTT,10.0
QSAYQ,10.0
TTNPL,10.0
ARTQH,10.0
LCASE,10.0
TTKSP,10.0
QDAQC,10.0
NASFD,10.0
PAPDP,10.0
VYSTF,10.0
GSPTN,10.0
ARMNQ,10.0
PFPTH,10.0
EYGAH,10.0
TNSTP,10.0
IRSQP,10.0
NAHWN,10.0
VLSHY,10.0
KLTFN,10.0
KMPNL,10.0
CRRFM,10.0
TTAEH,10.0
QHTTK,10.0
INMTE,10.0
HHSEI,10.0
CRHQP,10.0
FLDHP,10.0
TEPMV,10.0
DSRTQ,10.0
IARIT,10.0
HCFLT,10.0
HCFLA,10.0
DSMNQ,10.0
PQHTN,10.0
QTLDI,10.0
LTQTK,10.0
LTQTM,10.0
LYATD,10.0
TVTAT,10.0
EKNHA,10.0
LSHHR,10.0
MQGSL,10.0
QSNLQ,10.0
TSMHT,10.0
IWTDA,10.0
NYKTK,10.0
NYKTN,10.0
SNIHT,10.0
TTHKP,10.0
ACVKH,10.0
NRTTL,10.0
NRTTN,10.0
TSLNT,10.0
KTLHT,10.0
QNLDN,10.0
HYHQH,10.0
LKTQT,10.0
PTPRY,10.0
SPHEQ,10.0
ARANL,10.0
SITAA,10.0
STYSH,10.0
GYMTQ,10.0
FSRAN,10.0
LPNLP,10.0
ITRHT,10.0
YSPHY,10.0
NNQFN,10.0
YANIG,10.0
RNQNF,10.0
LTARI,10.0
RVPDD,10.0
PKAYH,10.0
PWNSP,10.0
ITTRP,10.0
QRPLP,10.0
WTWNH,10.0
QRPLL,10.0
GHINN,10.0
TAYWT,10.0
MNCMD,10.0
CVMNA,10.0
TKMLS,10.0
NHQNL,10.0
RSLQS,10.0
RFPEN,10.0
NTEMP,10.0
TISYR,10.0
SIVDN,10.0
TFSLS,10.0
SQCYH,10.0
TTSHS,10.0
YTSQT,10.0
YTSQQ,10.0
PSASL,10.0
PATQC,10.0
YRPNL,10.0
TQKTP,10.0
SWWKP,10.0
GKSES,10.0
SPLKP,10.0
PSPTM,10.0
DAISH,10.0
HPKWE,10.0
INYLS,10.0
NAVSA,10.0
TQHSN,10.0
ISRAQ,10.0
QTHQP,10.0
TLSET,10.0
CDNIT,10.0
HNKLN,10.0
QEATT,10.0
RICMQ,10.0
PCSEP,10.0
PCSEN,10.0
KKTHA,10.0
LYSNN,10.0
SAYSH,10.0
RDAAP,10.0
PRMSE,10.0
KSTMS,10.0
TTLNS,10.0
IVSAQ,10.0
MQRNN,10.0
YDTSN,10.0
MRTKT,10.0
HTNIT,10.0
KTTQS,10.0
SQQTE,10.0
TTYLD,10.0
WQHKP,10.0
MTKWD,10.0
KTSQQ,10.0
RTHSC,10.0
RTSET,10.0
KNTRY,10.0
HTPMP,10.0
PHSMF,10.0
HNPVT,10.0
QHKET,10.0
IRQHP,10.0
RTISA,10.0
DLTNP,10.0
NAYHT,10.0
SELNQ,10.0
NIPAP,10.0
LVASL,10.0
QSISS,10.0
PKSDL,10.0
SSATN,10.0
QLCAP,10.0
RIEHN,10.0
NPSEP,10.0
YDQQT,10.0
AYSSE,10.0
HDYKQ,10.0
TAKIT,10.0
TKIQS,10.0
SSNYY,10.0
AETRT,10.0
VTHQS,10.0
NQNIT,10.0
SHDCM,10.0
NKYKT,10.0
YRTKS,10.0
HGQLP,10.0
NSSAL,10.0
SEATQ,10.0
SGPTL,10.0
HLQSC,10.0
HHASL,10.0
TSNSP,10.0
LKHSM,10.0
PSTAT,10.0
DPGMP,10.0
YTEPA,10.0
YFTNR,10.0
DRNIT,10.0
LDTAS,10.0
HERRP,10.0
ILITS,10.0
KTYLS,10.0
RTINT,10.0
ETGMP,10.0
PTSEF,10.0
PTSES,10.0
KGNTP,10.0
TNDMN,10.0
STSHA,10.0
MTYRT,10.0
PMQLH,10.0
CITNR,10.0
CNVTT,10.0
PDRNL,10.0
SFSAY,10.0
HMIAS,10.0
TLNIT,10.0
TECTE,10.0
HPSLL,10.0
CGHHP,10.0
LYHTQ,10.0
LYHTM,10.0
WTSSY,10.0
EKPAP,10.0
MRINN,10.0
PHSIS,10.0
VHTSH,10.0
QLCLH,10.0
CLKTL,10.0
MQMST,10.0
HSQNY,10.0
NLLRT,10.0
CVKLD,10.0
TGKLW,10.0
HSKTP,10.0
HSKTN,10.0
SIFMT,10.0
PNHAE,10.0
TRSYT,10.0
TRSYA,10.0
HIYSL,10.0
MAQIT,10.0
GYHTL,10.0
MVAMT,10.0
LCRES,10.0
PFIHT,10.0
RMLTV,10.0
ATSET,10.0
TDAHT,10.0
VVSHC,10.0
WIHML,10.0
LAHSP,10.0
GQDTN,10.0
QQQYN,10.0
NSKTP,10.0
QPQQL,10.0
YPTIT,10.0
QTKTP,10.0
LAQLP,10.0
LNPHD,10.0
PQQHQ,10.0
ISKTP,10.0
CQVMS,10.0
HLESM,10.0
DTHLT,10.0
ECWNN,10.0
KPDFA,10.0
TLIST,10.0
PPLTD,10.0
HMTTN,10.0
TKNTM,10.0
PVNLQ,10.0
TMTNT,10.0
LNAQV,10.0
TMTNH,10.0
QSADP,10.0
HVPTN,10.0
LRITT,10.0
YCTAT,10.0
HKHTP,10.0
IPILP,10.0
HKHTL,10.0
NPRFP,10.0
AAPYR,10.0
TSPKL,10.0
YQPTN,10.0
NDHRP,10.0
QVPTN,10.0
EHPSP,10.0
CYLND,10.0
WHNSN,10.0
NYTTT,10.0
NYTTW,10.0
PTQDP,10.0
NYTTD,10.0
HFTTT,10.0
ENHYT,10.0
HFTTD,10.0
NTHTP,10.0
ICHTE,10.0
PTLGQ,10.0
PLVQS,10.0
LHLTV,10.0
QPLTN,10.0
QPLTH,10.0
QASHP,10.0
QGNFP,10.0
AYPVT,10.0
HESQT,10.0
LVNVS,10.0
KPPIL,10.0
WRRTQ,10.0
NSNHQ,10.0
NHPLQ,10.0
KSSMN,10.0
WTHKP,10.0
QNLSE,10.0
THSMN,10.0
KYNLP,10.0
THSMT,10.0
THSMP,10.0
QNLST,10.0
KHNTP,10.0
HAPHV,10.0
NMYTH,10.0
QNAIS,10.0
PYSNN,10.0
YAQLT,10.0
KCQVA,10.0
HSTSD,10.0
PATYT,10.0
HQQTP,10.0
HQQTL,10.0
YSTNT,10.0
HHGLN,10.0
FMSQD,10.0
TESRP,10.0
PSFST,10.0
DSTTH,10.0
SQTTT,10.0
SQTTF,10.0
DSTTT,10.0
DSTTV,10.0
VTMGP,10.0
RSPQP,10.0
TLYKT,10.0
ISHSK,10.0
NITQN,10.0
ECNYN,10.0
GCATM,10.0
QITRT,10.0
HLHWP,10.0
HNTDT,10.0
SYVNH,10.0
QTHQI,10.0
HVMTQ,10.0
VSTTT,10.0
TAHIT,10.0
NGPKL,10.0
PETSI,10.0
PEGQP,10.0
TWNQP,10.0
RSLLN,10.0
SALMS,10.0
LKPNL,10.0
HNPEV,10.0
LNINN,10.0
SSPQN,10.0
QYETN,10.0
MWSAT,10.0
LSNSL,10.0
KTAAP,10.0
TSQHD,10.0
LCITT,10.0
EAPKP,10.0
LLQNP,10.0
TTLFG,10.0
TRPTP,10.0
RTRAP,10.0
QNTDQ,10.0
THRQP,10.0
STHHY,10.0
QMQTC,10.0
STAYR,10.0
TTYTH,10.0
WESDN,10.0
PLTRS,10.0
SENHY,10.0
PKVTD,10.0
KTSYT,10.0
KTSYN,10.0
HHTPL,10.0
TYHDP,10.0
NIPYT,10.0
TQQTL,10.0
GKTWT,10.0
NNHHY,10.0
DSSLC,10.0
ITCRT,10.0
NISYN,10.0
KLKTN,10.0
CNSFN,10.0
QAFQQ,10.0
LSMAT,10.0
QSYTN,10.0
MQAMQ,10.0
QSYTA,10.0
CLRMN,10.0
NEHQP,10.0
LTPDT,10.0
TTFRT,10.0
TAQHE,10.0
WQQDC,10.0
TGTDT,10.0
PNMTM,10.0
RRTQD,10.0
RTHLP,10.0
HEHTP,10.0
YGATN,10.0
HGQTP,10.0
QVTKT,10.0
PRRTM,10.0
PQLNT,10.0
DKNTN,10.0
ENTAE,10.0
PTMLG,10.0
QQIHT,10.0
STTNH,10.0
STTNI,10.0
STTNM,10.0
QHQTH,10.0
QHQTL,10.0
CTTTT,10.0
PDHTN,10.0
RCILD,10.0
HCTTQ,10.0
CTTTI,10.0
ISCTL,10.0
DVTSH,10.0
AYTST,10.0
TLHWQ,10.0
TAALP,10.0
NHSLP,10.0
KSVNA,10.0
NHSLN,10.0
IHSMP,10.0
RSQVT,10.0
NKPHQ,10.0
TLQLS,10.0
ESSHT,10.0
RGQTP,10.0
SNKLN,10.0
PCSLH,10.0
PSTTN,10.0
PSTTH,10.0
PSTTK,10.0
PSTTF,10.0
PSTTA,10.0
PSTTT,10.0
PSTTV,10.0
PSTTW,10.0
PSTTQ,10.0
PSTTR,10.0
TIRTA,10.0
PLPEN,10.0
ETSRN,10.0
QNINN,10.0
FFPTY,10.0
AQTSQ,10.0
AQTSC,10.0
NRMTN,10.0
RTTNH,10.0
RTTND,10.0
WHTSG,10.0
KNMLT,10.0
NNSVH,10.0
ATSMV,10.0
GHHTC,10.0
PLQAP,10.0
VGEWY,10.0
HLTTI,10.0
HLTTQ,10.0
HLTTY,10.0
CNAHN,10.0
EVRQT,10.0
QTAQC,10.0
MPHTL,10.0
DSQET,10.0
ITQLT,10.0
QSSTY,10.0
SHHTN,10.0
ISTPH,10.0
SHHTP,10.0
PHSTL,10.0
DTHTQ,10.0
DTHTH,10.0
TMIHH,10.0
NQTMH,10.0
SGHEH,10.0
TASYV,10.0
YTHSN,10.0
TASYM,10.0
TASYD,10.0
QTLTS,10.0
TTDTP,10.0
TVHSP,10.0
RALTA,10.0
SSYTK,10.0
PCTRP,10.0
MTPSL,10.0
QVPLD,10.0
MTPSN,10.0
PCTRN,10.0
MSHRP,10.0
PTKKL,10.0
PALTR,10.0
PALTH,10.0
CTHHT,10.0
CTHHH,10.0
TRLNT,10.0
PNLSQ,10.0
TRLNA,10.0
PNLSH,10.0
MTSSQ,10.0
PGLNP,10.0
FHPTL,10.0
SLNLP,10.0
DPTMH,10.0
QENTN,10.0
PTQLH,10.0
LWKNP,10.0
HSPQN,10.0
NTQHC,10.0
NTQHA,10.0
NSKAQ,10.0
TNYTQ,10.0
KGCEQ,10.0
ISAKP,10.0
RSTSF,10.0
ITSDP,10.0
SNYRQ,10.0
QTPSF,10.0
EQCAN,10.0
MCAQP,10.0
YEHFG,10.0
QIHQH,10.0
YPAQA,10.0
NKHQP,10.0
SAHFC,10.0
LTHTA,10.0
KSSEH,10.0
KSSEN,10.0
LTHTF,10.0
LTHTM,10.0
RNRTP,10.0
PNSTN,10.0
PNSTP,10.0
PTATL,10.0
TTRTQ,10.0
TTRTP,10.0
TINYH,10.0
TTRTN,10.0
TTRTE,10.0
QPVYH,10.0
RATWS,10.0
RATWT,10.0
TSSTP,10.0
NSAQC,10.0
PMTHT,10.0
NLTRV,10.0
NLTRQ,10.0
PMTHS,10.0
FSRTC,10.0
RTLSV,10.0
KTQEP,10.0
LHVTA,10.0
HSYTA,10.0
KDHHA,10.0
HSYTH,10.0
KHSTL,10.0
SQSRP,10.0
HSTKI,10.0
SQSRN,10.0
PATAN,10.0
PATAA,10.0
IKATQ,10.0
HSCWY,10.0
SYRQH,10.0
TPSNL,10.0
HRINP,10.0
NNQQN,10.0
SIYRS,10.0
HNYTT,10.0
PSKYQ,10.0
NVARP,10.0
VETNT,10.0
QPIQP,10.0
RSPIS,10.0
RSPIT,10.0
DRPTI,10.0
DRPTN,10.0
HHQTC,10.0
QQTAC,10.0
QTFTP,10.0
QTYHT,10.0
YCHTQ,10.0
QTSTN,10.0
QTSTL,10.0
FDLNN,10.0
AAKTN,10.0
SASHD,10.0
PIPSM,10.0
MRNET,10.0
SASHY,10.0
CQTNN,10.0
QTHAK,10.0
QTHAV,10.0
SDTFS,10.0
GASSP,10.0
YYCTN,10.0
HHMTD,10.0
THQYR,10.0
HSMTT,10.0
HSRHT,10.0
SLHTP,10.0
SVRAQ,10.0
YSGMD,10.0
VMNTP,10.0
HRMTA,10.0
MHYTK,10.0
PLSNP,10.0
QCALT,10.0
NCSQP,10.0
PMVTE,10.0
ATNTP,10.0
ITMTD,10.0
SRNNC,10.0
HPLTL,10.0
NCTYN,10.0
NIPQP,10.0
LHYHT,10.0
QQPKL,10.0
PDKLN,10.0
QRSKL,10.0
IYHTM,10.0
NISQL,10.0
LGVAD,10.0
HVNVS,10.0
TLSHF,10.0
YWHTT,10.0
LESDC,10.0
ASTTI,10.0
NSTAM,10.0
HQTDT,10.0
YDRTN,10.0
LTLGH,10.0
ASTTV,10.0
WAHRP,10.0
QAPRP,10.0
LKPQI,10.0
IHTSN,10.0
DQYNQ,10.0
LTGYP,10.0
LTGYR,10.0
NSLPL,10.0
PIINT,10.0
LLQYQ,10.0
QTQPL,10.0
KTTDS,10.0
KTTDQ,10.0
NYSHF,10.0
HFHTP,10.0
TNLNT,10.0
TNLNQ,10.0
RTHDT,10.0
YNTTA,10.0
WCATS,10.0
YNTTQ,10.0
YNTTT,10.0
VAITT,10.0
KNTET,10.0
TNMTN,10.0
TNMTT,10.0
HINLP,10.0
YSKDS,10.0
STNMC,10.0
CTRTN,10.0
PEKTL,10.0
RQHNP,10.0
MCPTN,10.0
TYNAT,10.0
NTTQV,10.0
HSALD,10.0
DKPMH,10.0
VEHNC,10.0
NTTQE,10.0
NTTQA,10.0
HDMHT,10.0
TYQTV,10.0
NTTQN,10.0
NTTQH,10.0
HSVYS,10.0
HYRTK,10.0
YIANV,10.0
RQTQT,10.0
PDQHQ,10.0
LTYNT,10.0
LTYNH,10.0
LTYNN,10.0
LTYNA,10.0
PVLHT,10.0
ESNFR,10.0
TLQTP,10.0
TKHHV,10.0
PRDTP,10.0
PRITH,10.0
PRITT,10.0
VTQQT,10.0
VTQQI,10.0
SHWTH,10.0
PHYLS,10.0
ISNTP,10.0
FGSTV,10.0
FGSTQ,10.0
PHLTH,10.0
PHLTA,10.0
RAITN,10.0
CEQHS,10.0
VSTKH,10.0
HTHAI,10.0
YKHNT,10.0
RAHRK,10.0
TRAWQ,10.0
LQQRP,10.0
MNSTN,10.0
CTYNH,10.0
CTYNK,10.0
PTRRI,10.0
TNHHP,10.0
LDTNC,10.0
LDTNE,10.0
TQTSA,10.0
TNHHH,10.0
TFRDT,10.0
QNPYM,10.0
QYNTQ,10.0
NTMAT,10.0
NNRTP,10.0
TDTRT,10.0
LRTTT,10.0
PGVNP,10.0
PGIRP,10.0
STIGT,10.0
NINSN,10.0
FCNQM,10.0
TYTNT,10.0
PLQYP,10.0
HSERC,10.0
PKLNN,10.0
HNCHF,10.0
PKLNQ,10.0
HSRQP,10.0
PTQQP,10.0
NCVHT,10.0
TATQD,10.0
HTQQP,10.0
HPAED,10.0
NHYTE,10.0
NVQSL,10.0
QSNTN,10.0
QSATF,10.0
KDTHT,10.0
DHTTS,10.0
SSSHD,10.0
TVCMD,10.0
YTAKP,10.0
ICMTD,10.0
ADQQP,10.0
NPEYN,10.0
PHTFT,10.0
VADHT,10.0
ADQQM,10.0
YMMST,10.0
FHIST,10.0
RTTSN,10.0
YGGHP,10.0
AQIST,10.0
QNSQP,10.0
ARTTN,10.0
PNVTN,10.0
SETSA,10.0
VQSDP,10.0
NRTLI,10.0
LARQP,10.0
LARQN,10.0
CSFSN,10.0
QTKYP,10.0
ITQQP,10.0
TMNLQ,10.0
SNTSP,10.0
PQHSL,10.0
TWQAT,10.0
CPTTL,10.0
RVSYQ,10.0
TDRRP,10.0
SCNIT,10.0
EIQSQ,10.0
SSTHT,10.0
LTQWD,10.0
SRITA,10.0
HYSTV,10.0
DGPEV,10.0
GTHFP,10.0
APALN,10.0
PPLAI,10.0
TSKSN,10.0
TSKSH,10.0
QTLGN,10.0
HGTHS,10.0
KNGYP,10.0
TSSLT,10.0
NYCAF,10.0
TTRLP,10.0
ETQWH,10.0
RTLKS,10.0
PTADA,10.0
FLPRP,10.0
TTINS,10.0
RLANC,10.0
QQLQS,10.0
NESTN,10.0
KHTRV,10.0
HCEQN,10.0
HNMFT,10.0
AKPTA,10.0
AKPTN,10.0
AHEHS,10.0
TIATP,10.0
HNTTF,10.0
NPYHT,10.0
HNTTM,10.0
QLPYD,10.0
NHPAP,10.0
VISTT,10.0
ASPNP,10.0
HLAHN,10.0
LNHTF,10.0
LNHTE,10.0
ISYPV,10.0
SNLKT,10.0
QFATM,10.0
GITHH,10.0
TSGMM,10.0
NPLNE,10.0
SLSNP,10.0
RTLTT,10.0
NMYAT,10.0
HTSSN,10.0
HTSSL,10.0
RTLTA,10.0
VTMTS,10.0
PATTA,10.0
PATTH,10.0
TSHSN,10.0
NTSYN,10.0
PTFTN,10.0
PTFTD,10.0
MSCEH,10.0
QVYQS,10.0
YTPTN,10.0
PCAWN,10.0
NSQES,10.0
PVVTD,10.0
PARFK,10.0
SPLNC,10.0
QCVKT,10.0
TQRHC,10.0
QNTTT,10.0
MAVTD,10.0
LATPL,10.0
QNTTN,10.0
QNTTM,10.0
STRNY,10.0
TRNSN,10.0
TGSHP,10.0
WAPTQ,10.0
LVYST,10.0
DSNTN,10.0
NITKT,10.0
LVPHT,10.0
VNNTP,10.0
VNNTL,10.0
CAKKL,10.0
YATAT,10.0
HRPTL,10.0
KSTNN,10.0
NESWT,10.0
PDKTM,10.0
QLTSA,10.0
DAHVT,10.0
HPLLT,10.0
PKPVT,10.0
QTHTL,10.0
QTHTP,10.0
RAKHN,10.0
RSFTM,10.0
NPTLY,10.0
FNHTN,10.0
WNNTP,10.0
KPRHL,10.0
LPPTP,10.0
SIGIS,10.0
IENTN,10.0
LQYST,10.0
VTTKH,10.0
SSWMG,10.0
TTLSI,10.0
MDTAC,10.0
LTPTQ,10.0
LTPTT,10.0
HGLDP,10.0
NQYDC,10.0
LTPTN,10.0
LTPTA,10.0
TTLSS,10.0
HEPQP,10.0
TRNHP,10.0
HAIRT,10.0
AQGEE,10.0
LIYST,10.0
IITKT,10.0
FTVKG,10.0
NLHTW,10.0
QCNIT,10.0
LVYNC,10.0
HSDDL,10.0
KTTLT,10.0
TQMNP,10.0
PTKNL,10.0
PTKNN,10.0
TDYHS,10.0
RTSHT,10.0
RTNHN,10.0
CSGHP,10.0
SRLNA,10.0
YNYTD,10.0
YNYTA,10.0
INHQP,10.0
HSHLQ,10.0
MADTV,10.0
EDATS,10.0
DTATN,10.0
NWNTP,10.0
PEPTA,10.0
SDDIA,10.0
PEPTP,10.0
PNYNP,10.0
TANIT,10.0
SGNQQ,10.0
QWSTC,10.0
SSQLN,10.0
RSQFP,10.0
PISHA,10.0
DTDSL,10.0
PVSMT,10.0
YRTNI,10.0
NPPNL,10.0
PNPAP,10.0
DPGHP,10.0
KQPTL,10.0
KHFSR,10.0
THMNH,10.0
PTSHT,10.0
PTSHK,10.0
GSGTQ,10.0
QPSNA,10.0
PTYST,10.0
HTRTP,10.0
STSMS,10.0
PQPYK,10.0
FATTK,10.0
TQTKT,10.0
TQTKI,10.0
PKMHT,10.0
HQHQP,10.0
NTPHP,10.0
PDFMT,10.0
LDATV,10.0
NNNIH,10.0
QTAAQ,10.0
TQSEA,10.0
RNMKP,10.0
DTQHA,10.0
PWATN,10.0
EYSKA,10.0
AMRTC,10.0
RPTMM,10.0
RKKQQ,10.0
LTDLY,10.0
QRMTH,10.0
YPTQE,10.0
KESFW,10.0
KSHNC,10.0
VTYTT,10.0
HKPTL,10.0
HKPTM,10.0
YTNTM,10.0
VIYTA,10.0
SANLN,10.0
SANLC,10.0
NMARP,10.0
ERTQS,10.0
FTYST,10.0
TTKVP,10.0
VMYTY,10.0
RYRTT,10.0
NTPTY,10.0
THDEI,10.0
PHTNE,10.0
THNQC,10.0
NTPTN,10.0
FTCQT,10.0
CMPLQ,10.0
DYHTT,10.0
DYHTQ,10.0
VYSQW,10.0
HHIWR,10.0
GYRTN,10.0
KHPTM,10.0
YAART,10.0
MTNAI,10.0
FTKYT,10.0
HEAQN,10.0
PLQLT,10.0
ITQYT,10.0
SFHTQ,10.0
PRTEP,10.0
PDNEP,10.0
SRPKL,10.0
YWCQH,10.0
FESTT,10.0
AVHTC,10.0
RSKNP,10.0
HVHDT,10.0
RRPQN,10.0
RRPQP,10.0
LTKQH,10.0
LTKQT,10.0
KSRYS,10.0
TKAKL,10.0
NMQTM,10.0
PPVTE,10.0
NMQTN,10.0
YQPQA,10.0
NDRTT,10.0
LMLNN,10.0
LMLNT,10.0
TVSET,10.0
NENGN,10.0
LSHSN,10.0
HLFTQ,10.0
HMTSN,10.0
LKTTY,10.0
LKTTT,10.0
LKTTH,10.0
HYHTN,10.0
LKTTA,10.0
QNLKT,10.0
HTTTH,10.0
HTTTA,10.0
HTTTQ,10.0
HTTTS,10.0
TTQNE,10.0
MNSNK,10.0
STYTN,10.0
NSAAN,10.0
STVTH,10.0
STYTT,10.0
STVTN,10.0
IPNQL,10.0
NRTQI,10.0
YSPMH,10.0
PTALT,10.0
LLLSS,10.0
GPDIV,10.0
ANGIT,10.0
MTKAN,10.0
VNVTT,10.0
ATHHP,10.0
HRHTE,10.0
NTLNQ,10.0
NTLNS,10.0
NALDH,10.0
YAQTE,10.0
HNYDH,10.0
FLNAN,10.0
SAAKL,10.0
HPHVW,10.0
SRSTN,10.0
SRSTL,10.0
SRSTP,10.0
SRSTY,10.0
HDAMP,10.0
STKTP,10.0
MPTIS,10.0
HPQYN,10.0
IHFNP,10.0
HSETV,10.0
QLQMT,10.0
TSSYQ,10.0
TSSYR,10.0
RSLTS,10.0
HAHHN,10.0
QGFSM,10.0
KDPEN,10.0
QTSDM,10.0
WPNTP,10.0
GRPTM,10.0
MSTHS,10.0
MNTKP,10.0
DNCNL,10.0
CNMHH,10.0
LMPYV,10.0
NLNTD,10.0
EYRHT,10.0
LLNVS,10.0
ETQDT,10.0
KTQNC,10.0
QKLSS,10.0
RTEHT,10.0
FNEHP,10.0
QMYTM,10.0
DMRQN,10.0
ALVTT,10.0
SFTQS,10.0
RSPTN,10.0
RSPTL,10.0
HQQYQ,10.0
PYTSI,10.0
PYTSC,10.0
HNTAM,10.0
HNTAA,10.0
SRTPC,10.0
DAFTD,10.0
VICRP,10.0
CLWHN,10.0
DRTFS,10.0
IATSE,10.0
PETNP,10.0
HQTTN,10.0
PIMSQ,10.0
QSRTY,10.0
HVTTR,10.0
DSSTQ,10.0
LKKTP,10.0
RAPTL,10.0
LYSKC,10.0
TSHFN,10.0
NKSLN,10.0
TRINN,10.0
TRQMP,10.0
GTTSD,10.0
QCVTR,10.0
LLHMT,10.0
GTTSM,10.0
IENLT,10.0
RYYSV,10.0
NYNHP,10.0
SIAEN,10.0
SWTQT,10.0
PYTNN,10.0
HSSLA,10.0
KTTTQ,10.0
PYTNA,10.0
KTTTA,10.0
KTTTF,10.0
TDPLP,10.0
RTHTT,10.0
RTHTL,10.0
RTHTC,10.0
MYSQT,10.0
YATRS,10.0
SMKHT,10.0
CDRYK,10.0
YSKTS,10.0
YSKTP,10.0
NNHMI,10.0
GIPKP,10.0
QIHMT,10.0
TKYKH,10.0
HPVKP,10.0
SNVLG,10.0
YRLSQ,10.0
QSPHP,10.0
IHTNR,10.0
IHTNA,10.0
VTKTM,10.0
PITTT,10.0
LSMNV,10.0
PITTK,10.0
LSMNQ,10.0
LLHRP,10.0
QDCFN,10.0
SSDYK,10.0
SNDTP,10.0
LKGFQ,10.0
QYKTF,10.0
LGSTN,10.0
LGSTM,10.0
LGSTD,10.0
LLITS,10.0
KNTHQ,10.0
HTHQH,10.0
YTGTN,10.0
TTNSY,10.0
RMTAH,10.0
ENIDA,10.0
PTTTQ,10.0
PTTTY,10.0
PTTTH,10.0
NRVHT,10.0
EHHWQ,10.0
DVQLT,10.0
TCQHH,10.0
HISDE,10.0
STMNV,10.0
NNMQQ,10.0
NNNQP,10.0
RSQSP,10.0
TRTTK,10.0
TRTTI,10.0
MNQVT,10.0
HPTSL,10.0
TRTTA,10.0
TRTTS,10.0
TLHTL,10.0
CTLQS,10.0
SSYLS,10.0
SDYLT,10.0
HTQAP,10.0
FPMTC,10.0
PHSLM,10.0
CTKQN,10.0
NTPLT,10.0
MSKAA,10.0
CTKQV,10.0
PAALQ,10.0
QNCTP,10.0
PHCYQ,10.0
QNPTV,10.0
KQGTN,10.0
HSKQN,10.0
HSKQQ,10.0
THEQT,10.0
TTTRH,10.0
PHDYD,10.0
PAPSN,10.0
CKSTL,10.0
NCHYQ,10.0
PAPSP,10.0
NSKYH,10.0
ASETC,10.0
AQTTA,10.0
PSQAP,10.0
MTNIS,10.0
NITQM,10.0
PEVTA,10.0
PYCDT,10.0
TNTFS,10.0
QTTDS,10.0
QGSET,10.0
QSTSY,10.0
HMETP,10.0
QSTST,10.0
NCLHS,10.0
PESSP,10.0
NCYLQ,10.0
SANYQ,10.0
IYKTA,10.0
HVPQP,10.0
HVPQI,10.0
YCTNH,10.0
HVPQN,10.0
PIVSS,10.0
TATDF,10.0
QKTHT,10.0
NQQHV,10.0
RSCQN,10.0
RNKTL,10.0
PHTSN,10.0
NGTHA,10.0
PNVAT,10.0
MLYTH,10.0
YRMTH,10.0
GRTRP,10.0
MNSFN,10.0
SEYTV,10.0
NRTYC,10.0
RTPEQ,10.0
LWQTD,10.0
PLHTN,10.0
RTPEN,10.0
MTSTQ,10.0
MTSTH,10.0
NASTN,10.0
FTTNT,10.0
HETTH,10.0
HETTN,10.0
LITNN,10.0
QETTT,10.0
KLTHW,10.0
ILNTP,10.0
NALLT,10.0
PSERT,10.0
ALITQ,10.0
QQHHH,10.0
QQHHP,10.0
TPTHE,10.0
TPTHP,10.0
RHELQ,10.0
IFASP,10.0
KSSHQ,10.0
TSPQM,10.0
MNETT,10.0
PIHLS,10.0
LSHPC,10.0
TSSQN,10.0
TNRHA,10.0
THSHY,10.0
TMKQN,10.0
HAATI,10.0
HAATL,10.0
NDSEI,10.0
QTSLQ,10.0
QTSLN,10.0
QTSLH,10.0
QSEQD,10.0
NPMTN,10.0
PNSWT,10.0
YKFTA,10.0
LQSLS,10.0
NRATY,10.0
FTTSR,10.0
PGTTI,10.0
HSTNP,10.0
HSTNQ,10.0
SPMTL,10.0
RTLTV,10.0
HSTNN,10.0
HSTNH,10.0
RTPIH,10.0
NSARP,10.0
KHSQN,10.0
QEAQC,10.0
QPETL,10.0
NAQHR,10.0
NTSIS,10.0
CTPHF,10.0
KTQFV,10.0
CNTAR,10.0
FLTDT,10.0
NAPNP,10.0
CKKMP,10.0
HVLST,10.0
YSTKT,10.0
HSCHT,10.0
WRLTG,10.0
QPTMP,10.0
PQATA,10.0
EDHTV,10.0
DHCLT,10.0
RSPLA,10.0
RSPLL,10.0
QTHDP,10.0
CLPTA,10.0
CNYTV,10.0
QTFSQ,10.0
QTSQM,10.0
MAVMT,10.0
PTKLP,10.0
HKWHT,10.0
HALNN,10.0
LMPDM,10.0
TRPQP,10.0
KQYTH,10.0
PPKTP,10.0
HTSNC,10.0
RAMTH,10.0
RADHP,10.0
NSQNC,10.0
LCNQN,10.0
QERTN,10.0
NFYAT,10.0
DEPAP,10.0
TTPED,10.0
QMANE,10.0
ATNAP,10.0
QAQHR,10.0
QAQHP,10.0
TFYTS,10.0
NYTTP,10.0
QNNVT,10.0
QHPET,10.0
NSPTP,10.0
TPIIS,10.0
GPYPC,10.0
YSTPR,10.0
TESLI,10.0
SCTNP,10.0
CYMHS,10.0
RESYQ,10.0
STATD,10.0
NCNRA,10.0
IATDQ,10.0
NDVTH,10.0
QSHHN,10.0
HQTKC,10.0
KSITQ,10.0
NNHET,10.0
QITHG,10.0
LAMQS,10.0
QITHH,10.0
LMSTK,10.0
QSINT,10.0
SNVDN,10.0
NCAQQ,10.0
ANNQN,10.0
TKWHP,10.0
YYNNN,10.0
RNVTQ,10.0
SVQTM,10.0
APPVT,10.0
SHDVN,10.0
LNTPV,10.0
LKPTP,10.0
PICYN,10.0
ICSTP,10.0
APIHQ,10.0
SSDQP,10.0
KLITQ,10.0
YNTST,10.0
QTMHT,10.0
QVTNA,10.0
SITRT,10.0
