STTEY,1000.0
STTEH,1000.0
DVFQP,1000.0
LFMQP,1000.0
TYRQP,1000.0
TYQQL,1000.0
HNVQQ,1000.0
NRPVC,1000.0
DAAIE,1000.0
ISVIP,1000.0
PKTSL,1000.0
HISLL,1000.0
LHLTE,1000.0
HSTLA,1000.0
WTAHP,1000.0
QDLMN,1000.0
SNKAD,1000.0
HMLHA,1000.0
RILAP,1000.0
HKEVP,1000.0
MSLQT,1000.0
TRTLD,1000.0
TRTLA,1000.0
PHLYL,1000.0
PVMIN,1000.0
HSHIP,1000.0
NSYIS,1000.0
MSKIG,1000.0
PTTAV,1000.0
PTTAI,1000.0
KCNIP,1000.0
SQALL,1000.0
PYVAT,1000.0
YSNEQ,1000.0
HSKIP,1000.0
HSKIS,1000.0
WQNIV,1000.0
FTSNL,1000.0
IFTHP,1000.0
PSQYL,1000.0
DLHIP,1000.0
VQYIH,1000.0
ITQIT,1000.0
ATSVP,1000.0
ATSVA,1000.0
MYTRY,1000.0
HLTIC,1000.0
HLTIN,1000.0
HQVFP,1000.0
LNYQP,1000.0
HMNMP,1000.0
GIMQP,1000.0
HYSLP,1000.0
SSSKC,1000.0
LSFYP,1000.0
QVHTV,1000.0
QTTLN,1000.0
LTTLT,1000.0
LTTLV,1000.0
QTTLS,1000.0
MSVTM,1000.0
DITQL,1000.0
LYQNT,1000.0
PCLVT,1000.0
RTTTP,1000.0
NNMYN,1000.0
TNYEA,1000.0
HTTDV,1000.0
PVTHQ,1000.0
APATN,1000.0
YSIHA,1000.0
TRTEP,1000.0
PTIDP,1000.0
GMPIP,1000.0
PNLTY,1000.0
HTVQN,1000.0
STFQI,1000.0
STFQH,1000.0
YAAYA,1000.0
DANVN,1000.0
ATLIG,1000.0
NALTQ,1000.0
RSTVH,1000.0
PTLTP,1000.0
AVHCS,1000.0
FESIS,1000.0
QLYET,1000.0
LTAEL,1000.0
QSEVL,1000.0
STMQN,1000.0
AKTTL,1000.0
HQPVP,1000.0
HYTIT,1000.0
HYTIV,1000.0
SSTMD,1000.0
WYDTT,1000.0
TTTII,1000.0
TSSIP,1000.0
TSSII,1000.0
TSLDP,1000.0
CHLIT,1000.0
TSLDM,1000.0
YTTEP,1000.0
NHFPN,1000.0
TTHEH,1000.0
TTIIN,1000.0
QQLRP,1000.0
QETAP,1000.0
NMYYP,1000.0
SLTLM,1000.0
SLTLQ,1000.0
SAFIC,1000.0
YLTQP,1000.0
EGTNQ,1000.0
TYMAT,1000.0
ALIIT,1000.0
TELFY,1000.0
RTLLT,1000.0
PATLA,1000.0
SLSVL,1000.0
LHVQT,1000.0
CNTIS,1000.0
TLLTP,1000.0
TNAVP,1000.0
TKQLL,1000.0
EHLRT,1000.0
LVTLT,1000.0
HYITE,1000.0
LFMYP,1000.0
HNTQL,1000.0
AATYP,1000.0
QTPIP,1000.0
SYLTA,1000.0
SYLTK,1000.0
GITEP,1000.0
QTHLP,1000.0
SAYFE,1000.0
QSLRP,1000.0
HKLTM,1000.0
HKLTV,1000.0
HKLTP,1000.0
EFPKK,1000.0
LMMYP,1000.0
ETLRC,1000.0
PSIEI,1000.0
CEYYH,1000.0
SPLMP,1000.0
QEALP,1000.0
PMPMP,1000.0
TSHVN,1000.0
SEPKL,1000.0
TWRVP,1000.0
SQNIP,1000.0
HEPIL,1000.0
ETIFA,1000.0
DSISL,1000.0
PYKHP,1000.0
PRVSL,1000.0
QLSTP,1000.0
MMTTN,1000.0
AKAIL,1000.0
PHIFT,1000.0
VSLEQ,1000.0
SCEIE,1000.0
HVTYE,1000.0
ELLMT,1000.0
RNIIT,1000.0
LTLLT,1000.0
DQMEE,1000.0
PILQN,1000.0
ITTDI,1000.0
GTSPL,1000.0
ERSYH,1000.0
IHWTP,1000.0
HGVYQ,1000.0
TWLTV,1000.0
NKYTE,1000.0
QPTIQ,1000.0
TQTIQ,1000.0
DDLED,1000.0
DDLEE,1000.0
HSSYL,1000.0
SNLIE,1000.0
HDKYN,1000.0
HEHKS,1000.0
LCLSY,1000.0
LQTQM,1000.0
TNLKP,1000.0
EWHSP,1000.0
NTMDN,1000.0
RQTTL,1000.0
PEDIE,1000.0
RSIVA,1000.0
SAWHH,1000.0
TELLF,1000.0
LTYAP,1000.0
YTLTN,1000.0
CVSYN,1000.0
ERAQP,1000.0
EATSP,1000.0
PHLQN,1000.0
DTYAP,1000.0
QNPDQ,1000.0
YSQIH,1000.0
LKHYP,1000.0
THNIV,1000.0
NYLQH,1000.0
DAVLE,1000.0
HFSLQ,1000.0
VYTLS,1000.0
SCVKM,1000.0
DSLVH,1000.0
DSCVN,1000.0
PTTYR,1000.0
PTTYQ,1000.0
DEMHE,1000.0
RWTAN,1000.0
FTSVC,1000.0
ATYLP,1000.0
HPIPH,1000.0
LHPHP,1000.0
QHISP,1000.0
VHSVI,1000.0
HDIMP,1000.0
TNTVT,1000.0
CAPIH,1000.0
RSKVI,1000.0
SSMIV,1000.0
RSKVP,1000.0
IYDSP,1000.0
HTLTF,1000.0
HTLTN,1000.0
HTLTP,1000.0
YMLTH,1000.0
QTTTF,1000.0
QTTTL,1000.0
QTTTP,1000.0
THCVL,1000.0
NTPYM,1000.0
QHITP,1000.0
HTTLQ,1000.0
HTTLP,1000.0
HTTLT,1000.0
HTTLV,1000.0
HTTLA,1000.0
RYTAH,1000.0
TTNVN,1000.0
HTTLI,1000.0
HTTLL,1000.0
HTTLN,1000.0
LETSP,1000.0
NRSIT,1000.0
ARTSL,1000.0
TYTMQ,1000.0
DERSY,1000.0
TQAEP,1000.0
LARIP,1000.0
ITVTE,1000.0
NELVN,1000.0
ATLAY,1000.0
PFTSL,1000.0
PSLTV,1000.0
PSLTW,1000.0
QHIHN,1000.0
DVIDE,1000.0
DSHHS,1000.0
ITAAL,1000.0
TYCMN,1000.0
PELTP,1000.0
PKLTP,1000.0
PKLTQ,1000.0
PERVT,1000.0
SKTVT,1000.0
SKTVN,1000.0
SKTVI,1000.0
SNTVN,1000.0
YHSNC,1000.0
LYTLA,1000.0
SAELL,1000.0
HYTQL,1000.0
YQSTL,1000.0
YHNHL,1000.0
LMLMT,1000.0
TTQIT,1000.0
HTTQQ,1000.0
HTTQY,1000.0
QDLTT,1000.0
VRLHA,1000.0
TIQVQ,1000.0
NFTLN,1000.0
TTTQS,1000.0
IDEVN,1000.0
CYMNP,1000.0
STYQT,1000.0
EYTDP,1000.0
QETIN,1000.0
PTLAE,1000.0
ATTHH,1000.0
PTLAT,1000.0
CNTQT,1000.0
FCHWC,1000.0
FWHQP,1000.0
TYVTC,1000.0
ASPSP,1000.0
EPLLE,1000.0
NDLYQ,1000.0
NVVQC,1000.0
ESQEA,1000.0
QLSFP,1000.0
DTLTL,1000.0
HNTYQ,1000.0
MYMQT,1000.0
DTLTT,1000.0
DTLTP,1000.0
HNTYK,1000.0
YELMT,1000.0
YFSEN,1000.0
HKLLP,1000.0
RRVVT,1000.0
PSAAL,1000.0
DDMYE,1000.0
DDMYD,1000.0
WMEIT,1000.0
TTITN,1000.0
ESTSP,1000.0
HTCYP,1000.0
GDLQT,1000.0
CTFHY,1000.0
PMLYN,1000.0
AYTIN,1000.0
KILTP,1000.0
HTESC,1000.0
PYTVQ,1000.0
PYTVY,1000.0
YALYP,1000.0
PTEIA,1000.0
TCCIH,1000.0
CRWQT,1000.0
SRTSL,1000.0
DKMEE,1000.0
PSYMP,1000.0
ATTMI,1000.0
HVTQK,1000.0
HVTQQ,1000.0
KPTYA,1000.0
RNNTD,1000.0
VFIAT,1000.0
PHTLQ,1000.0
VNTEQ,1000.0
QLTVS,1000.0
SGKVP,1000.0
SSVNL,1000.0
IATTL,1000.0
RHTVQ,1000.0
RHTVI,1000.0
QLMHP,1000.0
TTLHP,1000.0
VTTLT,1000.0
LYLEQ,1000.0
QSTKL,1000.0
SHNHK,1000.0
YDTQM,1000.0
HTSEL,1000.0
TMLFT,1000.0
HTSEN,1000.0
HTSEH,1000.0
NPTIC,1000.0
KETIQ,1000.0
RETSL,1000.0
PEFVP,1000.0
QTTLP,1000.0
ETEDL,1000.0
PVYLA,1000.0
YTSHD,1000.0
QTTLV,1000.0
WSTVP,1000.0
PYTMA,1000.0
PYTMN,1000.0
AKVQL,1000.0
AQLQP,1000.0
PLTLD,1000.0
YATWR,1000.0
KTSSH,1000.0
TENYP,1000.0
SWTRL,1000.0
LTTFA,1000.0
YSITL,1000.0
DLMTP,1000.0
PEKIN,1000.0
TDPIP,1000.0
WTLVT,1000.0
ITLHP,1000.0
QSIQV,1000.0
QSIQL,1000.0
LTLQT,1000.0
HMMET,1000.0
LSQIQ,1000.0
IHTAP,1000.0
TKISL,1000.0
LNNYA,1000.0
PYLKT,1000.0
YLNPC,1000.0
SETYY,1000.0
SDYTP,1000.0
FMLTS,1000.0
ATQLP,1000.0
LCVIN,1000.0
MSLAP,1000.0
QVTEQ,1000.0
QVTEH,1000.0
MTTVT,1000.0
FYSTP,1000.0
ADFHP,1000.0
YETLT,1000.0
STTHT,1000.0
STTHP,1000.0
LLSIT,1000.0
STTHH,1000.0
NATVN,1000.0
NITIS,1000.0
NITIQ,1000.0
MTYTL,1000.0
NSWTT,1000.0
ITYAQ,1000.0
SAPIA,1000.0
PRIFK,1000.0
CHTAL,1000.0
YNLTT,1000.0
VNTYP,1000.0
QLISP,1000.0
QLPIQ,1000.0
SRLLE,1000.0
AYDVA,1000.0
KLEVP,1000.0
HTLLP,1000.0
VHTQH,1000.0
IHTYN,1000.0
YDMED,1000.0
YDMEE,1000.0
TSNHL,1000.0
FNSHN,1000.0
SCIMR,1000.0
HTVSE,1000.0
DDIDD,1000.0
DDIDE,1000.0
HAKTN,1000.0
TNITP,1000.0
LKLHP,1000.0
NTKIS,1000.0
NTKIP,1000.0
PTITP,1000.0
YSIVH,1000.0
YVQEN,1000.0
NKIHA,1000.0
TAMTP,1000.0
QSMLL,1000.0
QSTPN,1000.0
HTKIN,1000.0
HTTYL,1000.0
HTTYH,1000.0
TSPIQ,1000.0
HYTYK,1000.0
TSPID,1000.0
MTSYD,1000.0
DEVEE,1000.0
PGLTL,1000.0
CRMEY,1000.0
TSLTE,1000.0
TSLTH,1000.0
MTTHC,1000.0
SHQIP,1000.0
MTTHT,1000.0
NTHRT,1000.0
STYIT,1000.0
STLQT,1000.0
STLQC,1000.0
HETSE,1000.0
NTVLA,1000.0
TAPIP,1000.0
CNTYY,1000.0
QNVHP,1000.0
SSTVT,1000.0
AATIH,1000.0
SSTVL,1000.0
TLPIP,1000.0
TLPIN,1000.0
PNEIN,1000.0
QTSIL,1000.0
DDMQD,1000.0
HNLTP,1000.0
SSLNQ,1000.0
HTYHY,1000.0
YTTHT,1000.0
HTYHQ,1000.0
QCMID,1000.0
LLTTL,1000.0
HSTQL,1000.0
TTCID,1000.0
NPIMC,1000.0
YSTHH,1000.0
IMYYP,1000.0
PMLAE,1000.0
SQTVT,1000.0
YDYLP,1000.0
QYVRP,1000.0
TYLHH,1000.0
TYLHP,1000.0
QYQVI,1000.0
SNLYT,1000.0
DHPQP,1000.0
PQAIV,1000.0
HYWTQ,1000.0
YEMDE,1000.0
PILAE,1000.0
RISVQ,1000.0
RISVN,1000.0
HTYSL,1000.0
IEIIN,1000.0
DQYSS,1000.0
QAVYH,1000.0
NSMAP,1000.0
YTYMH,1000.0
PVYTT,1000.0
TIDML,1000.0
TSHAP,1000.0
HSSIS,1000.0
EQIHT,1000.0
HSSIA,1000.0
IETSL,1000.0
CFTQV,1000.0
SSDVL,1000.0
RTIPC,1000.0
VTILP,1000.0
NYTAP,1000.0
HIVTP,1000.0
VESLL,1000.0
GHSHP,1000.0
EQIEC,1000.0
ITSEL,1000.0
RTYDL,1000.0
WHEHA,1000.0
IQFLP,1000.0
WTLNT,1000.0
CHTYT,1000.0
HTIHS,1000.0
IATIS,1000.0
CHTYI,1000.0
QTTHN,1000.0
LMTYT,1000.0
APPQN,1000.0
YCLLA,1000.0
TLTLS,1000.0
HDNSN,1000.0
LYPLP,1000.0
NYTIP,1000.0
DQIEE,1000.0
LTPFQ,1000.0
PNTEL,1000.0
ETTCP,1000.0
THRHP,1000.0
QTTHP,1000.0
HSMLN,1000.0
NLITN,1000.0
TQTFT,1000.0
TSSIL,1000.0
PYVYP,1000.0
YAPIN,1000.0
SMIAQ,1000.0
HCTRL,1000.0
AYTQT,1000.0
AYTQE,1000.0
MYQIN,1000.0
WSLNP,1000.0
STLHC,1000.0
LRNHH,1000.0
SITLN,1000.0
NKNPQ,1000.0
NDQIT,1000.0
LTTTQ,1000.0
NNLQL,1000.0
TRTIT,1000.0
LQLHP,1000.0
THTSL,1000.0
YQTHT,1000.0
NHITE,1000.0
KNTMT,1000.0
HITLV,1000.0
NTPID,1000.0
ATYYP,1000.0
RTTLK,1000.0
RTTLM,1000.0
RTTLV,1000.0
HCTMM,1000.0
TRLTP,1000.0
STIMT,1000.0
STIMN,1000.0
SHILN,1000.0
SYAHP,1000.0
YTTED,1000.0
KHLVT,1000.0
QSSVH,1000.0
PYTHF,1000.0
VSDIP,1000.0
HTLYT,1000.0
QSTHP,1000.0
QSTHV,1000.0
YWTQN,1000.0
YCTKV,1000.0
NQLNL,1000.0
ANPTP,1000.0
MSHLV,1000.0
YTAMP,1000.0
HTTAV,1000.0
HTTAP,1000.0
WIIQT,1000.0
HTTAD,1000.0
HTTAA,1000.0
HTTAM,1000.0
LETNL,1000.0
DDSIP,1000.0
QYSHP,1000.0
DDTIM,1000.0
DDTIT,1000.0
ATLTL,1000.0
LVQAS,1000.0
ATLTP,1000.0
PTLQH,1000.0
STYYQ,1000.0
ASIIP,1000.0
STLYP,1000.0
GQSVT,1000.0
ATISQ,1000.0
SYERT,1000.0
REINQ,1000.0
TNPEL,1000.0
YLTQN,1000.0
PWIMN,1000.0
RSSVN,1000.0
TNVLD,1000.0
WTIQT,1000.0
YIITT,1000.0
SKLTL,1000.0
HYTLN,1000.0
SHLDP,1000.0
TVTHP,1000.0
KPEKP,1000.0
QYTHP,1000.0
YTQQN,1000.0
NSHYL,1000.0
YLTLN,1000.0
QVIKP,1000.0
LQSIA,1000.0
PMRWL,1000.0
HTCIY,1000.0
RTLQN,1000.0
GSTIS,1000.0
YNHTL,1000.0
HSTIV,1000.0
HSYVP,1000.0
HSYVL,1000.0
TTIDQ,1000.0
FTTTD,1000.0
FTTTN,1000.0
TNYMP,1000.0
HNYVP,1000.0
LEHSQ,1000.0
TKHWL,1000.0
VETLI,1000.0
CATIP,1000.0
LSLSP,1000.0
QTFVT,1000.0
PEAEP,1000.0
IRGQA,1000.0
MHLSP,1000.0
MHLSN,1000.0
YFTTT,1000.0
TNAVK,1000.0
LYTFS,1000.0
PHQIS,1000.0
SQTYQ,1000.0
VSENL,1000.0
DDHTG,1000.0
LLEPS,1000.0
IKTIA,1000.0
MTKEH,1000.0
HEPLP,1000.0
NTYIT,1000.0
CTVHS,1000.0
MIIAT,1000.0
ENLTT,1000.0
EITTE,1000.0
QHHSK,1000.0
CRFIQ,1000.0
TCSIN,1000.0
ATAPR,1000.0
QHSNW,1000.0
FHTKV,1000.0
RIIYP,1000.0
PQLNP,1000.0
MYSLT,1000.0
WSYQN,1000.0
QLTYN,1000.0
NCYIS,1000.0
LTLAN,1000.0
PMAHP,1000.0
HTNPL,1000.0
EIIHS,1000.0
PHNVP,1000.0
TVQQP,1000.0
PIILQ,1000.0
LMTQP,1000.0
HTVHA,1000.0
FHQEP,1000.0
GTTMC,1000.0
VKTTL,1000.0
LLRWH,1000.0
PIRQQ,1000.0
LQTLN,1000.0
TNLLP,1000.0
NITLT,1000.0
PCHIN,1000.0
RWPVP,1000.0
WITTL,1000.0
YVVSQ,1000.0
YSKFP,1000.0
ETMIT,1000.0
RMTTN,1000.0
TYAAL,1000.0
ALTFP,1000.0
SYSIL,1000.0
QRNTA,1000.0
TKIHP,1000.0
SKLLN,1000.0
ECLTP,1000.0
SCLVH,1000.0
LTSRL,1000.0
DERDE,1000.0
LMTLP,1000.0
YELEE,1000.0
THTQL,1000.0
GTNII,1000.0
SLVQP,1000.0
NLMCP,1000.0
VATLP,1000.0
NYLTN,1000.0
NYLTV,1000.0
TFKMP,1000.0
THMDP,1000.0
DEMEV,1000.0
DEMEY,1000.0
DHLII,1000.0
PTTFC,1000.0
YTQIP,1000.0
DEMED,1000.0
DEMEE,1000.0
DEMEG,1000.0
SILIT,1000.0
DELVE,1000.0
YMSYQ,1000.0
SRTLL,1000.0
SMITE,1000.0
CGTVR,1000.0
PSHEP,1000.0
SYTIN,1000.0
PTNEP,1000.0
LTTAC,1000.0
PKTIT,1000.0
PKTIQ,1000.0
PKTIP,1000.0
GHHNT,1000.0
MTYHH,1000.0
LTTAI,1000.0
LTSIN,1000.0
ITFYR,1000.0
QTTWR,1000.0
LTTIS,1000.0
HTLQT,1000.0
HTLQP,1000.0
ANGIN,1000.0
DGMEE,1000.0
CVTEH,1000.0
WYNMP,1000.0
YTIMQ,1000.0
WLRVP,1000.0
VTMAW,1000.0
FNTQH,1000.0
TTTLI,1000.0
TTTLD,1000.0
ESVSP,1000.0
TRFFP,1000.0
SILVS,1000.0
NSYLP,1000.0
NTAII,1000.0
QVVTP,1000.0
LCKMP,1000.0
WQPIQ,1000.0
HTTIN,1000.0
HTTIE,1000.0
RTTQC,1000.0
RTTQN,1000.0
DYIDE,1000.0
DYIDD,1000.0
ARTVP,1000.0
MAHIP,1000.0
DTTHP,1000.0
TSYLP,1000.0
PFTLA,1000.0
QQQVN,1000.0
SHTYP,1000.0
LMFVP,1000.0
YDQTP,1000.0
VTSVL,1000.0
HTLIH,1000.0
HCFMP,1000.0
KESIW,1000.0
HYSVP,1000.0
NILQI,1000.0
WYTDK,1000.0
PVTVE,1000.0
QADNW,1000.0
HYTTP,1000.0
HYTTL,1000.0
LSHIP,1000.0
KTLIT,1000.0
QMITN,1000.0
SEIQF,1000.0
SEIQL,1000.0
ALLTY,1000.0
KQTIS,1000.0
KQLNM,1000.0
KTKIP,1000.0
NTFVT,1000.0
MNTVN,1000.0
MATVQ,1000.0
MTTCS,1000.0
HSTAP,1000.0
HSTAL,1000.0
STLDC,1000.0
FLPPC,1000.0
TNYET,1000.0
ITTSL,1000.0
TLLQC,1000.0
CATQP,1000.0
RAYSP,1000.0
QAIYH,1000.0
YTTSN,1000.0
YTTSA,1000.0
TAVVP,1000.0
KVTIT,1000.0
NRLTL,1000.0
IDIAN,1000.0
WLPTP,1000.0
TEEIT,1000.0
VEMDE,1000.0
NTYAW,1000.0
NTYAP,1000.0
VYQLY,1000.0
TTSIA,1000.0
PMLTN,1000.0
ATTHC,1000.0
PDSNT,1000.0
TESYQ,1000.0
NNEVN,1000.0
TLCIN,1000.0
DTFIH,1000.0
WTGIP,1000.0
QTITP,1000.0
LSTVA,1000.0
IATYL,1000.0
PKPTK,1000.0
PETHC,1000.0
LNTET,1000.0
ESIRW,1000.0
EISTP,1000.0
NQVLH,1000.0
LYSMA,1000.0
LYSMN,1000.0
CVLTH,1000.0
NQVLT,1000.0
MQLLT,1000.0
TSHLP,1000.0
IHTYH,1000.0
IDSLF,1000.0
VTTIQ,1000.0
QNTMN,1000.0
AEHLP,1000.0
NFTQL,1000.0
TNLDY,1000.0
LQTTF,1000.0
PLTIN,1000.0
TDYNL,1000.0
HTTHQ,1000.0
PDMCT,1000.0
PEDLL,1000.0
TYAYN,1000.0
DNLTP,1000.0
STPIL,1000.0
STPIN,1000.0
STPIQ,1000.0
HSAVT,1000.0
LNNVV,1000.0
LTYDT,1000.0
DVMVD,1000.0
DVMVE,1000.0
SNVVN,1000.0
VETQT,1000.0
LSMHP,1000.0
IHTDT,1000.0
YRTHM,1000.0
YRTHC,1000.0
YQCHP,1000.0
AQMWP,1000.0
HKTHE,1000.0
SDYQH,1000.0
SVITY,1000.0
TTLIT,1000.0
YVISP,1000.0
FAEAI,1000.0
SMILS,1000.0
VCTLH,1000.0
GSPVE,1000.0
TQTMQ,1000.0
HSLET,1000.0
YAVDT,1000.0
QGHHL,1000.0
VNVIG,1000.0
EVWTP,1000.0
VVTLG,1000.0
PSQVQ,1000.0
TNMMP,1000.0
LKLNL,1000.0
QTNQG,1000.0
HLTFQ,1000.0
HLTFL,1000.0
IYTIP,1000.0
YTMNT,1000.0
NQCML,1000.0
LTTAL,1000.0
LTTAP,1000.0
KSQSN,1000.0
VTYVP,1000.0
HGRYT,1000.0
HTLIA,1000.0
QNIQE,1000.0
TTTTN,1000.0
THPIQ,1000.0
PYLDT,1000.0
NRLAA,1000.0
WQRTP,1000.0
RTTYH,1000.0
RTTYC,1000.0
HSEAL,1000.0
NNTIA,1000.0
INTIT,1000.0
NNIQE,1000.0
FVTMC,1000.0
FVTMP,1000.0
PQYET,1000.0
SNTYP,1000.0
RHRNA,1000.0
SRPIQ,1000.0
WTNTP,1000.0
MDNEP,1000.0
YEHTL,1000.0
SGIVE,1000.0
GEMEE,1000.0
VIEWT,1000.0
SSPIN,1000.0
QYVLN,1000.0
WYTLA,1000.0
VFCMH,1000.0
AYNLP,1000.0
KPPSL,1000.0
YQEKK,1000.0
HTTVP,1000.0
HTTVC,1000.0
HTTVN,1000.0
HTTVI,1000.0
LETEA,1000.0
HQTHL,1000.0
MTTKA,1000.0
CTTLS,1000.0
DVSQL,1000.0
CTTLV,1000.0
YSLSQ,1000.0
NTVAY,1000.0
YSLSL,1000.0
PTLFT,1000.0
TNSHQ,1000.0
TYMRP,1000.0
HDPFG,1000.0
PRPEP,1000.0
DVEIT,1000.0
YHTEH,1000.0
RITQN,1000.0
HTKIQ,1000.0
STLLQ,1000.0
STLLV,1000.0
STLLT,1000.0
NTLLT,1000.0
QHTHM,1000.0
NILDF,1000.0
NHTVA,1000.0
QLLQQ,1000.0
PELVC,1000.0
IQTVS,1000.0
STKVN,1000.0
TLLYP,1000.0
LVTTM,1000.0
HGTYY,1000.0
DTLQI,1000.0
YHHHD,1000.0
YHHHY,1000.0
MTTRT,1000.0
LNLET,1000.0
LFTPP,1000.0
SIIKP,1000.0
QSRIP,1000.0
YMTQN,1000.0
FSTAP,1000.0
THLTV,1000.0
VAHHS,1000.0
LGYHL,1000.0
HIMHD,1000.0
YSLHT,1000.0
LEHLQ,1000.0
MIIQE,1000.0
PYSMP,1000.0
AIRVS,1000.0
AIRVP,1000.0
PRLTM,1000.0
HTTVH,1000.0
NTYYQ,1000.0
NTMLN,1000.0
QQMLL,1000.0
DTLNT,1000.0
NQYHP,1000.0
TLYTL,1000.0
MQRVT,1000.0
DQTAI,1000.0
ATIQA,1000.0
KQLLH,1000.0
SALLQ,1000.0
SKVPC,1000.0
KVTTT,1000.0
AKTLL,1000.0
LYTMT,1000.0
NKLTN,1000.0
NKLTK,1000.0
CVTYA,1000.0
QSVSL,1000.0
YDTTC,1000.0
QSLLP,1000.0
CWSIP,1000.0
YKTYP,1000.0
NTLVN,1000.0
MHTQC,1000.0
TTLES,1000.0
MTHPC,1000.0
YTPEL,1000.0
NYITP,1000.0
MNVYT,1000.0
FTQEE,1000.0
FSFDQ,1000.0
YGSVN,1000.0
QYIHP,1000.0
CTIVP,1000.0
YYQRI,1000.0
YNTFT,1000.0
DCTVS,1000.0
QNTEC,1000.0
HQLQN,1000.0
PYTHP,1000.0
SMLTH,1000.0
STHIC,1000.0
QLDIP,1000.0
PTGIY,1000.0
WYINQ,1000.0
PRTLL,1000.0
ISLHP,1000.0
HAINC,1000.0
HNLSN,1000.0
CAFIK,1000.0
ATNMP,1000.0
WTMQS,1000.0
IRLAP,1000.0
QSITL,1000.0
YTAQN,1000.0
LNTVT,1000.0
CVSVR,1000.0
PITVS,1000.0
GTHIT,1000.0
NQSIN,1000.0
HSLSP,1000.0
WKTSP,1000.0
CTLLN,1000.0
NLISP,1000.0
EATLP,1000.0
PNTFN,1000.0
HITHY,1000.0
NTMSL,1000.0
PTTVN,1000.0
KTSEL,1000.0
STNVW,1000.0
TQTEP,1000.0
MATQP,1000.0
ITIQS,1000.0
DVMED,1000.0
TDTLY,1000.0
DVMEV,1000.0
LYYLP,1000.0
HLWEP,1000.0
PEIQT,1000.0
YCIMR,1000.0
LSKIC,1000.0
SAPNP,1000.0
LTTYY,1000.0
STLLN,1000.0
MQTYP,1000.0
DQNSH,1000.0
YQTMS,1000.0
CIEVA,1000.0
WSAIP,1000.0
HTLAN,1000.0
HTLAS,1000.0
QNIIT,1000.0
QNIIP,1000.0
TSTQP,1000.0
YNVYP,1000.0
TYSHP,1000.0
NSMET,1000.0
QHLSY,1000.0
EHNIP,1000.0
YSYLT,1000.0
NASIE,1000.0
VDIEE,1000.0
CAVEY,1000.0
CSIMP,1000.0
RSTMQ,1000.0
QSTMP,1000.0
RSTML,1000.0
DNPIP,1000.0
LALIT,1000.0
SHTIT,1000.0
RETIQ,1000.0
TTFTL,1000.0
NENQL,1000.0
THIAP,1000.0
CATYA,1000.0
CTHIN,1000.0
YTLTP,1000.0
CTCYK,1000.0
YTHTL,1000.0
VTSFP,1000.0
YTHTH,1000.0
YTHTP,1000.0
TTDVN,1000.0
PDVQT,1000.0
MTTSP,1000.0
MTTSM,1000.0
HEIQW,1000.0
PSRIP,1000.0
MSIMS,1000.0
YQVQH,1000.0
LDRIP,1000.0
FTTLS,1000.0
FTTLQ,1000.0
PRTTL,1000.0
NTVIP,1000.0
NQNSP,1000.0
KRPVP,1000.0
STLTY,1000.0
STLTP,1000.0
PHTHL,1000.0
STLTK,1000.0
STLTN,1000.0
STLTL,1000.0
PYPWP,1000.0
NTLTP,1000.0
NTLTY,1000.0
QTGLS,1000.0
PWPIP,1000.0
IGTTP,1000.0
TLLAP,1000.0
PQFLP,1000.0
HTNVI,1000.0
FDLTN,1000.0
QKTWP,1000.0
SSTSL,1000.0
NNLTF,1000.0
NYNEN,1000.0
QTLHP,1000.0
QMLIQ,1000.0
LRTMA,1000.0
DEKEE,1000.0
GNPML,1000.0
WQITH,1000.0
LQLRP,1000.0
TFTLQ,1000.0
GTYVA,1000.0
DDMLD,1000.0
DDMLE,1000.0
FTTQN,1000.0
FTTQH,1000.0
FTTQI,1000.0
SLSIA,1000.0
HETMT,1000.0
YVTLA,1000.0
HSTLL,1000.0
LLTQP,1000.0
SVAML,1000.0
NSQSN,1000.0
GKLVP,1000.0
HSITC,1000.0
ASFRS,1000.0
LRTEP,1000.0
SQTSL,1000.0
SYLNA,1000.0
LASLL,1000.0
LYTET,1000.0
LSTFN,1000.0
EPLHL,1000.0
SSLTQ,1000.0
HANVQ,1000.0
QSLTL,1000.0
SASIQ,1000.0
SASIP,1000.0
SVQIP,1000.0
ESTEN,1000.0
SVQIT,1000.0
GAMVS,1000.0
HDQIL,1000.0
HTSHL,1000.0
STIQL,1000.0
ILALP,1000.0
HSYHH,1000.0
NFSYT,1000.0
STHAL,1000.0
MSFVT,1000.0
CSALL,1000.0
YSTRT,1000.0
YSTRC,1000.0
RQLMT,1000.0
IETTM,1000.0
DYLEE,1000.0
PTHIW,1000.0
WTTVP,1000.0
LIYAQ,1000.0
GKPIL,1000.0
TNLTF,1000.0
PSSVS,1000.0
PSSVR,1000.0
TLSIE,1000.0
YETQL,1000.0
HQMQN,1000.0
PITNP,1000.0
TISVQ,1000.0
HKTFE,1000.0
HSTTP,1000.0
TFNVP,1000.0
ISIQS,1000.0
TTMTP,1000.0
WSTDI,1000.0
SRTEL,1000.0
QWNIN,1000.0
WGHVP,1000.0
KTTEA,1000.0
NTIHA,1000.0
HFYHC,1000.0
PTYAD,1000.0
HHKIH,1000.0
MTNYL,1000.0
HFTHP,1000.0
RMTWP,1000.0
SLLTN,1000.0
QQYLL,1000.0
PQVQL,1000.0
ATATP,1000.0
NATIA,1000.0
SELLN,1000.0
CHTTE,1000.0
PFPIQ,1000.0
LYPVT,1000.0
LSTLT,1000.0
SELLP,1000.0
PRSKP,1000.0
NHRIT,1000.0
TTTYA,1000.0
TVNMP,1000.0
NHSEL,1000.0
YTLRS,1000.0
NDPVN,1000.0
TSTRL,1000.0
AELSM,1000.0
TSAVH,1000.0
CTYIS,1000.0
LTTQP,1000.0
LTTQY,1000.0
YRTWT,1000.0
IALQQ,1000.0
LTTQA,1000.0
LTTQN,1000.0
HVTCT,1000.0
SILNQ,1000.0
NTMFH,1000.0
THTHP,1000.0
SAQLL,1000.0
MITVT,1000.0
THTHI,1000.0
RTTIN,1000.0
RTTIA,1000.0
RTTID,1000.0
RTTIG,1000.0
PTTCA,1000.0
GQLSP,1000.0
PKTLN,1000.0
PKTLA,1000.0
YNVQH,1000.0
YNVQN,1000.0
VVTQP,1000.0
CHPIP,1000.0
YCFHP,1000.0
NCVIT,1000.0
TNTLL,1000.0
VTLNT,1000.0
YALLT,1000.0
NTYYP,1000.0
WNLLN,1000.0
INTYW,1000.0
CDIFA,1000.0
FITSL,1000.0
ANPST,1000.0
DILDT,1000.0
LTTNM,1000.0
QTTRL,1000.0
QSTEP,1000.0
CLTMI,1000.0
YTHLQ,1000.0
PMPIY,1000.0
TTNLN,1000.0
KQTQL,1000.0
HSQLL,1000.0
TTTAL,1000.0
TTTAC,1000.0
TTTAS,1000.0
TTTAP,1000.0
TTTAQ,1000.0
QCLQP,1000.0
MTMAY,1000.0
TYTRT,1000.0
SMTHH,1000.0
YEYIT,1000.0
LCKNP,1000.0
DDIKD,1000.0
PFTIP,1000.0
NTVQN,1000.0
TPKPT,1000.0
ATFQN,1000.0
PTLVQ,1000.0
TEPIQ,1000.0
TKTVE,1000.0
RNAVQ,1000.0
STAIN,1000.0
GIQVP,1000.0
DTYYP,1000.0
QLLAC,1000.0
NHTFL,1000.0
YHYKP,1000.0
QGNIN,1000.0
LFHYV,1000.0
IASIP,1000.0
GALQK,1000.0
YHIVS,1000.0
LSSMP,1000.0
YDIEE,1000.0
PHAHP,1000.0
YEIEE,1000.0
YEIED,1000.0
LQSVT,1000.0
DEKLT,1000.0
MTTFK,1000.0
DDMDV,1000.0
PTPVH,1000.0
DDMDD,1000.0
DDMDE,1000.0
SEITP,1000.0
TITTP,1000.0
HITGK,1000.0
EMELT,1000.0
HETEN,1000.0
PMMVP,1000.0
PSPVV,1000.0
PMLLP,1000.0
DYTTT,1000.0
PGNTL,1000.0
TQLIE,1000.0
RYLLT,1000.0
TYPHH,1000.0
MALLT,1000.0
LVTAP,1000.0
QQTHH,1000.0
QQTHA,1000.0
YVTSK,1000.0
YNNIN,1000.0
WHLQP,1000.0
QTILE,1000.0
LSLVT,1000.0
IAMVT,1000.0
TSGLT,1000.0
DRTTL,1000.0
VFSTL,1000.0
TKMHH,1000.0
YSYET,1000.0
TLTTP,1000.0
VHMSL,1000.0
ETLTN,1000.0
PCAVL,1000.0
HTEIT,1000.0
ESTMY,1000.0
TGYQL,1000.0
QVIQP,1000.0
NLQQC,1000.0
QSLLT,1000.0
STHYE,1000.0
QTMVN,1000.0
GLSHL,1000.0
CRAVP,1000.0
RYTAI,1000.0
MVLHT,1000.0
TAIYS,1000.0
ECTQK,1000.0
CNMIR,1000.0
EHNEC,1000.0
QHHVS,1000.0
VELEE,1000.0
HNPAT,1000.0
NCTVF,1000.0
RIHPD,1000.0
NQTIS,1000.0
QHAIQ,1000.0
QEAIT,1000.0
TLTAY,1000.0
LSTQC,1000.0
LSTQN,1000.0
WTRLT,1000.0
NTYQC,1000.0
YEMVE,1000.0
PILSE,1000.0
SSQVQ,1000.0
HYLNT,1000.0
RNPTH,1000.0
NYKIS,1000.0
YTFRP,1000.0
DNLQH,1000.0
YKTLQ,1000.0
NQLLP,1000.0
WSTLA,1000.0
KTTME,1000.0
KTTMD,1000.0
TTYHP,1000.0
QNTHQ,1000.0
IMYTL,1000.0
LHRHD,1000.0
QPSTR,1000.0
TNLIT,1000.0
DCTYN,1000.0
QQYDL,1000.0
QHHIP,1000.0
TENTL,1000.0
LSVFC,1000.0
TDYIG,1000.0
ITYTN,1000.0
NIPMP,1000.0
HNNDH,1000.0
IYSTN,1000.0
RSITN,1000.0
RSITL,1000.0
LMTKP,1000.0
DQIEN,1000.0
NDYLP,1000.0
LYIAP,1000.0
RNPIP,1000.0
WSQLL,1000.0
HATYQ,1000.0
QTNIY,1000.0
SNDMI,1000.0
VTTHN,1000.0
PSTES,1000.0
PSTEP,1000.0
PSTEH,1000.0
YQNIT,1000.0
TQTHF,1000.0
TQTHD,1000.0
TQTHA,1000.0
LDTET,1000.0
NTTML,1000.0
STTRE,1000.0
HDEYL,1000.0
KPKTT,1000.0
PQTIQ,1000.0
PQTIT,1000.0
PKTDK,1000.0
PYTHK,1000.0
TCMCH,1000.0
PSRIN,1000.0
WSMHP,1000.0
YINTC,1000.0
NIHYA,1000.0
TVMAL,1000.0
LFRTP,1000.0
TSTMA,1000.0
EHILT,1000.0
TSTMN,1000.0
HTLVP,1000.0
INCYE,1000.0
PIGHT,1000.0
LTTFT,1000.0
LTTFH,1000.0
LFLSP,1000.0
HTMHP,1000.0
SILSL,1000.0
PHTMA,1000.0
VTEIH,1000.0
LETHR,1000.0
ANLQP,1000.0
CMIHL,1000.0
SQLQF,1000.0
QTPVM,1000.0
TTTIP,1000.0
TTTIY,1000.0
SSPML,1000.0
ETHSP,1000.0
NTALL,1000.0
HNHEI,1000.0
LCTSL,1000.0
DSRVQ,1000.0
HVEEP,1000.0
CPTMT,1000.0
SFYAN,1000.0
NNMMP,1000.0
NNITP,1000.0
NNITL,1000.0
DTHHP,1000.0
TYRLP,1000.0
TATMN,1000.0
ISTLT,1000.0
RQSIL,1000.0
MDHRM,1000.0
YTRIS,1000.0
SFVWN,1000.0
TYTQS,1000.0
KTLLH,1000.0
YYTNA,1000.0
PMTYR,1000.0
TQYIS,1000.0
PAIHP,1000.0
HNFHT,1000.0
VTITK,1000.0
FELHQ,1000.0
HRHWL,1000.0
TWVMT,1000.0
LTAVN,1000.0
LTNVP,1000.0
YCKYE,1000.0
LTAVP,1000.0
ITTVA,1000.0
PITIP,1000.0
PSTMN,1000.0
MCRNM,1000.0
NNLIN,1000.0
HAHIM,1000.0
ETICS,1000.0
HDYTP,1000.0
YHHKQ,1000.0
QAITL,1000.0
DTLVQ,1000.0
MNTHP,1000.0
SSAMN,1000.0
HTPIH,1000.0
QYTVT,1000.0
GMTVA,1000.0
IAKIP,1000.0
SSTEQ,1000.0
FHRLP,1000.0
TTSLL,1000.0
TQTHK,1000.0
SSTEN,1000.0
KTQIQ,1000.0
RTIQP,1000.0
DAHLC,1000.0
RCTIH,1000.0
YSMIY,1000.0
TTQIA,1000.0
ITTIP,1000.0
HTTQP,1000.0
YAIHI,1000.0
HNMTL,1000.0
CRQIP,1000.0
PRLYP,1000.0
TYCDT,1000.0
HNPIP,1000.0
RWYVT,1000.0
AYKAH,1000.0
QITVT,1000.0
TAIQN,1000.0
LTEHQ,1000.0
MMTYF,1000.0
WQQLQ,1000.0
KSTIF,1000.0
TSYTL,1000.0
YTVTP,1000.0
QDLYP,1000.0
LTVEA,1000.0
QSVLA,1000.0
HTNEL,1000.0
AETML,1000.0
TSQLP,1000.0
THVTP,1000.0
HHTET,1000.0
IETYP,1000.0
DDRDD,1000.0
KTMCH,1000.0
YNTET,1000.0
YYHNC,1000.0
HHTTL,1000.0
RMSFL,1000.0
NLIKQ,1000.0
AGLYE,1000.0
FYSIT,1000.0
STPTK,1000.0
TDLWN,1000.0
ITLNP,1000.0
ITLNT,1000.0
AYRWL,1000.0
AKEIP,1000.0
SESVA,1000.0
TGTHL,1000.0
NPCVP,1000.0
DIYYT,1000.0
NQHWM,1000.0
KTFNL,1000.0
YVITT,1000.0
QMTTP,1000.0
PTRMM,1000.0
ATVQP,1000.0
QHLKP,1000.0
NTTEN,1000.0
NTDNQ,1000.0
DEMVV,1000.0
PTTSL,1000.0
DEMVE,1000.0
DEMVD,1000.0
TMLIL,1000.0
RQTEH,1000.0
GSNIL,1000.0
HPYKT,1000.0
NIITN,1000.0
TKSEP,1000.0
HHFTP,1000.0
SYGIL,1000.0
DQHLQ,1000.0
HTLNP,1000.0
QATIN,1000.0
ICYQA,1000.0
TIMPC,1000.0
TNVTP,1000.0
YTEIG,1000.0
SSSYM,1000.0
YQTNV,1000.0
YQTNP,1000.0
MTIPC,1000.0
PLPIP,1000.0
TTTQY,1000.0
TTTQQ,1000.0
TTTQL,1000.0
TTTQA,1000.0
LLWQT,1000.0
TCTIA,1000.0
KTITL,1000.0
THPVN,1000.0
PTTVS,1000.0
DLKQL,1000.0
ATSIQ,1000.0
SYTTP,1000.0
SYTTN,1000.0
YNLMT,1000.0
SLTMP,1000.0
STIKL,1000.0
NNTNH,1000.0
YITTA,1000.0
PDTIN,1000.0
PTLAP,1000.0
EPTQL,1000.0
HLIPH,1000.0
MYTEN,1000.0
IRIHT,1000.0
TKTFP,1000.0
VDMDD,1000.0
VDMDE,1000.0
QTTES,1000.0
QTTEQ,1000.0
GQWKL,1000.0
YTHWP,1000.0
ELAFQ,1000.0
LHTAC,1000.0
DNTVA,1000.0
TFTIS,1000.0
EWSEH,1000.0
QYSNT,1000.0
NGTIE,1000.0
YRSLP,1000.0
PTIMH,1000.0
HNLAP,1000.0
PSLES,1000.0
PSLEQ,1000.0
QENHL,1000.0
MTTVK,1000.0
TFTTH,1000.0
TFTTN,1000.0
TFTTQ,1000.0
PEFIA,1000.0
PTLKA,1000.0
INWLQ,1000.0
STLSY,1000.0
TYVTM,1000.0
LAEIT,1000.0
LTWQH,1000.0
LTWQT,1000.0
LSYTL,1000.0
QGTST,1000.0
LSYTP,1000.0
QLLTQ,1000.0
LVTQV,1000.0
GETQL,1000.0
AYELP,1000.0
HYTFT,1000.0
LSRLP,1000.0
SSLLQ,1000.0
CHTLA,1000.0
WKHDP,1000.0
YTTNF,1000.0
YHTSL,1000.0
FSTLT,1000.0
AKPIP,1000.0
YHTSP,1000.0
DELYD,1000.0
HSIQW,1000.0
DMSTP,1000.0
HSIQA,1000.0
LATAP,1000.0
DVMEE,1000.0
HILAQ,1000.0
DSTHP,1000.0
ITTAL,1000.0
PDYHP,1000.0
QPDSN,1000.0
DTSFP,1000.0
CQMIN,1000.0
HNTHN,1000.0
QTIYT,1000.0
DTTHT,1000.0
NHLKP,1000.0
KSTQL,1000.0
KAKKK,1000.0
QSLIT,1000.0
SKGLA,1000.0
STTTN,1000.0
STTTL,1000.0
LSTAI,1000.0
PVLSN,1000.0
MRTWN,1000.0
YTITQ,1000.0
TLTQC,1000.0
HHCIN,1000.0
QSVTP,1000.0
YNEVQ,1000.0
DELDD,1000.0
DELDE,1000.0
THVLP,1000.0
PVIMT,1000.0
TFITN,1000.0
MTRMQ,1000.0
FSLTT,1000.0
PYYES,1000.0
DYMDE,1000.0
MLALP,1000.0
YATMT,1000.0
STQVS,1000.0
EQTML,1000.0
VVMEE,1000.0
HPFTA,1000.0
QITKP,1000.0
RHLQP,1000.0
HQTHH,1000.0
QMTET,1000.0
TSVQL,1000.0
LNTSP,1000.0
NEIQN,1000.0
SSWQL,1000.0
PTTDL,1000.0
HTNVP,1000.0
QFTHA,1000.0
NSLTL,1000.0
RSLSY,1000.0
PITMT,1000.0
PITMC,1000.0
NQPLP,1000.0
HATIF,1000.0
CTITY,1000.0
TLYVT,1000.0
TTMWQ,1000.0
LLTLP,1000.0
VTHEH,1000.0
TITMP,1000.0
FNYYP,1000.0
YLIDA,1000.0
ETTHT,1000.0
ETTHH,1000.0
STNIQ,1000.0
STNIV,1000.0
MTVSN,1000.0
HHTIT,1000.0
QQTMM,1000.0
NATLL,1000.0
CKLAM,1000.0
ALTLP,1000.0
YSDIL,1000.0
HSWQN,1000.0
ESTSE,1000.0
PYHEI,1000.0
DLMEE,1000.0
DLMED,1000.0
ATAYP,1000.0
NVTAL,1000.0
FYMTN,1000.0
SYTAY,1000.0
LSPVP,1000.0
YVNTP,1000.0
RHPSN,1000.0
CRMIA,1000.0
HLMVS,1000.0
PQWHA,1000.0
LYHHP,1000.0
SHIQT,1000.0
QTRVA,1000.0
IHSIP,1000.0
LTTVA,1000.0
CLLVH,1000.0
HTLFP,1000.0
SLLQP,1000.0
CMITP,1000.0
WYNVP,1000.0
PHMVS,1000.0
VTFHP,1000.0
VLTTN,1000.0
QFVQN,1000.0
TTTYL,1000.0
FQLSD,1000.0
STTYN,1000.0
FEPIF,1000.0
TCTAL,1000.0
HSTYP,1000.0
FTYTP,1000.0
YTQFA,1000.0
SYSVP,1000.0
DYIYE,1000.0
HCTKL,1000.0
YYSMN,1000.0
SYTLT,1000.0
VQTHT,1000.0
QTTMN,1000.0
QTTMH,1000.0
RETTP,1000.0
QTTMQ,1000.0
HRTHA,1000.0
NQTIT,1000.0
SATIT,1000.0
PKQIT,1000.0
SSIQP,1000.0
QSNPA,1000.0
ANIEP,1000.0
TVSVL,1000.0
SSSLP,1000.0
TTTFN,1000.0
GTQIP,1000.0
SEQIS,1000.0
ETCTL,1000.0
MSIHP,1000.0
YTMIQ,1000.0
TTNIE,1000.0
TTNIN,1000.0
AITLP,1000.0
STYGP,1000.0
TYTQI,1000.0
NSKEP,1000.0
PDINL,1000.0
PRTQE,1000.0
PRTQL,1000.0
HNVEY,1000.0
HTKVT,1000.0
CRKVP,1000.0
KRSIN,1000.0
TDRVP,1000.0
NNLYN,1000.0
TKTQN,1000.0
LVTYK,1000.0
LVTYL,1000.0
DTYTN,1000.0
HAHYL,1000.0
DTIAA,1000.0
QRIHH,1000.0
LYAMP,1000.0
AYVTM,1000.0
VTMAS,1000.0
EWIVQ,1000.0
YTTFT,1000.0
PYLTD,1000.0
THYLP,1000.0
KTLSP,1000.0
LNLAL,1000.0
YLTRP,1000.0
PTTEN,1000.0
FSTTL,1000.0
HSIIT,1000.0
HSIIS,1000.0
SQSVH,1000.0
NRAML,1000.0
LWTMQ,1000.0
LATIY,1000.0
DYTSD,1000.0
DYTSH,1000.0
IQNIP,1000.0
SYLKV,1000.0
KHTMI,1000.0
RDYET,1000.0
LSLQP,1000.0
YELDE,1000.0
MYTID,1000.0
PCDEE,1000.0
QTIAL,1000.0
QTIAA,1000.0
SSLQP,1000.0
LSTIQ,1000.0
HTYYP,1000.0
LQSVH,1000.0
QSLQN,1000.0
TTLAL,1000.0
DRTQI,1000.0
ETLSQ,1000.0
HTPVP,1000.0
ETFMT,1000.0
QMPLL,1000.0
SQTEI,1000.0
TQRLL,1000.0
HELRT,1000.0
QLTVI,1000.0
QQTVD,1000.0
TETQQ,1000.0
QQTVT,1000.0
QQTVQ,1000.0
HMGIN,1000.0
NQVIE,1000.0
HQNVQ,1000.0
DGTVQ,1000.0
HVISD,1000.0
RSILH,1000.0
PILVS,1000.0
LNFSL,1000.0
HTNNP,1000.0
PETMV,1000.0
YIHQP,1000.0
WKLSC,1000.0
PNIIN,1000.0
NMHVP,1000.0
YLATP,1000.0
CSTMS,1000.0
QTVRI,1000.0
ELTAF,1000.0
QWYHP,1000.0
YKTQV,1000.0
QAVHC,1000.0
PNNIQ,1000.0
MHAAL,1000.0
NQPTP,1000.0
MTAHP,1000.0
IPVQC,1000.0
QAHCQ,1000.0
LQAHP,1000.0
CLTLP,1000.0
YYNET,1000.0
TTAVQ,1000.0
YSAVI,1000.0
PMYMQ,1000.0
DDLDD,1000.0
PEKPN,1000.0
ATAQM,1000.0
YYTYS,1000.0
HHTAC,1000.0
NSITV,1000.0
HHTAD,1000.0
HHTAM,1000.0
STNAT,1000.0
LHTQP,1000.0
NVTIT,1000.0
NVTIP,1000.0
TYNEI,1000.0
DKPIT,1000.0
HQSIT,1000.0
ISMTN,1000.0
LTTYC,1000.0
SCLTN,1000.0
HQYSL,1000.0
AMPLT,1000.0
HTSEP,1000.0
SVVHP,1000.0
MHHFP,1000.0
IYIAP,1000.0
NPTIN,1000.0
QTQIP,1000.0
GTYYN,1000.0
NLLFP,1000.0
TTAIL,1000.0
FSQEE,1000.0
YTVKP,1000.0
NYELN,1000.0
PTSLP,1000.0
GTTVI,1000.0
STTQY,1000.0
STTQM,1000.0
STTQH,1000.0
NTMMA,1000.0
PYLSA,1000.0
YSNLA,1000.0
YNMIN,1000.0
DLATP,1000.0
TNTII,1000.0
TNTIN,1000.0
KMTQA,1000.0
PQTLV,1000.0
TYIQS,1000.0
PQTLP,1000.0
PQTLQ,1000.0
TLAVP,1000.0
TNTIT,1000.0
YEIVE,1000.0
RHTYY,1000.0
HDTMQ,1000.0
LTTKW,1000.0
ETITN,1000.0
RPTIP,1000.0
DHDIE,1000.0
GILTN,1000.0
PYTMT,1000.0
LLLTH,1000.0
TSTHN,1000.0
YATLD,1000.0
LKVTP,1000.0
TSTHP,1000.0
HTFIT,1000.0
PNQNN,1000.0
YGLAP,1000.0
MSRTR,1000.0
ATMLN,1000.0
HTTKM,1000.0
GSPIV,1000.0
FSNFP,1000.0
LCTND,1000.0
PMAIN,1000.0
NGMIT,1000.0
DVIEE,1000.0
DVIED,1000.0
PLTLA,1000.0
HSREP,1000.0
HPDKT,1000.0
TATHP,1000.0
LYRLT,1000.0
TYCLP,1000.0
CRRYN,1000.0
CIRIN,1000.0
HQQQL,1000.0
DHTMP,1000.0
DTILT,1000.0
LQMEQ,1000.0
YNITC,1000.0
HLSIL,1000.0
MSSEP,1000.0
MTTAL,1000.0
LITRP,1000.0
VLLTP,1000.0
HSIAW,1000.0
HSIAP,1000.0
SVTVH,1000.0
DTTTP,1000.0
ITTQI,1000.0
KATIV,1000.0
ITTQE,1000.0
LDLQN,1000.0
ASLMT,1000.0
LSLIP,1000.0
YHNTN,1000.0
QLFTN,1000.0
DFLQT,1000.0
RTTVN,1000.0
VDMEE,1000.0
VDMED,1000.0
MCKTM,1000.0
SNPIE,1000.0
RILQN,1000.0
SYLSQ,1000.0
TESIV,1000.0
SYLST,1000.0
QTIIT,1000.0
YTTQS,1000.0
SALYP,1000.0
YTTQT,1000.0
HTYAP,1000.0
MQNIP,1000.0
ACLTQ,1000.0
HGYIS,1000.0
SDTRL,1000.0
PVIQP,1000.0
FQTLE,1000.0
HAIQL,1000.0
DDNVH,1000.0
SVTIP,1000.0
PNWQP,1000.0
WFQSL,1000.0
PSSLL,1000.0
LATTN,1000.0
EHWVG,1000.0
MTQLT,1000.0
NLQTM,1000.0
VYPPL,1000.0
TETIS,1000.0
NAYTA,1000.0
RTTVT,1000.0
QSIQC,1000.0
QTIVF,1000.0
LSTTN,1000.0
NHLTH,1000.0
DTTEN,1000.0
QSVIT,1000.0
LNIAL,1000.0
DARIP,1000.0
YKTIS,1000.0
YKTIC,1000.0
PAYLQ,1000.0
TTMGL,1000.0
PHFTL,1000.0
STLTC,1000.0
TTYSL,1000.0
TTPIL,1000.0
LELTQ,1000.0
THQHN,1000.0
PTVLS,1000.0
PTVLQ,1000.0
QTTMC,1000.0
MSFDY,1000.0
TDLTD,1000.0
PMNVN,1000.0
MFTQP,1000.0
HHTYT,1000.0
LHTYY,1000.0
LSQHQ,1000.0
LSQHP,1000.0
ITLIP,1000.0
HILHT,1000.0
SAAAL,1000.0
ASTEN,1000.0
PKSEN,1000.0
ELTTP,1000.0
ELTTQ,1000.0
ADSAL,1000.0
HAYTP,1000.0
LNTLH,1000.0
LMTFT,1000.0
HQILA,1000.0
RSAVP,1000.0
VATLL,1000.0
NTITN,1000.0
YFTAT,1000.0
HKTVT,1000.0
HKTVS,1000.0
DKPIP,1000.0
STMAT,1000.0
STTIT,1000.0
ATAFP,1000.0
MKTSW,1000.0
STSIP,1000.0
PLPQE,1000.0
CLIVT,1000.0
TMLLN,1000.0
TMMMA,1000.0
IMTQN,1000.0
CVIRQ,1000.0
PQTTP,1000.0
EDVHH,1000.0
TNTQY,1000.0
YDMDE,1000.0
RNTLP,1000.0
LLLLP,1000.0
HTQEL,1000.0
LNPTT,1000.0
HTLKP,1000.0
TTTVS,1000.0
DDIEE,1000.0
DDIED,1000.0
DDIEV,1000.0
YTLAD,1000.0
TTTVD,1000.0
TTTVH,1000.0
QTVIE,1000.0
DEIEV,1000.0
DEIED,1000.0
DEIEE,1000.0
RMLSL,1000.0
YRLMS,1000.0
TNHYL,1000.0
KTYVS,1000.0
SQLNL,1000.0
SQYLH,1000.0
TYTAS,1000.0
PATIP,1000.0
SQYLQ,1000.0
SYTYT,1000.0
QQRIP,1000.0
TYSAP,1000.0
ALSIQ,1000.0
KTQIC,1000.0
TSIYA,1000.0
QGSII,1000.0
NDMYN,1000.0
NLLHP,1000.0
RITNT,1000.0
RNMTL,1000.0
QQHSP,1000.0
TCYTP,1000.0
HTQQL,1000.0
QLLLQ,1000.0
YPAEL,1000.0
QQLQN,1000.0
TLIIP,1000.0
DTHMP,1000.0
RNAAQ,1000.0
TTINE,1000.0
SDKIN,1000.0
LTELT,1000.0
QTLSL,1000.0
PHTWP,1000.0
PCTII,1000.0
CVIYK,1000.0
QVTEI,1000.0
SEYLL,1000.0
PAIEI,1000.0
YYTKS,1000.0
HSTIT,1000.0
PFMQQ,1000.0
PTQCP,1000.0
SWHEP,1000.0
PSLHP,1000.0
GPPIP,1000.0
STLDF,1000.0
STLNE,1000.0
KATML,1000.0
DEYRQ,1000.0
QMLHP,1000.0
SSTYD,1000.0
HNGAA,1000.0
LTAYA,1000.0
DGPTL,1000.0
TITLN,1000.0
ASTEV,1000.0
MTIIS,1000.0
LTIQN,1000.0
CTKIP,1000.0
LTIQP,1000.0
LTIQT,1000.0
SALQC,1000.0
YTTID,1000.0
MVSSP,1000.0
HSTLS,1000.0
THLVP,1000.0
VKSIN,1000.0
HYTSP,1000.0
TTHYL,1000.0
CYLTT,1000.0
DESEE,1000.0
HSTRN,1000.0
VWTHP,1000.0
ITTLP,1000.0
ETLMP,1000.0
DEPVT,1000.0
ITTLL,1000.0
QYLKT,1000.0
SPHIT,1000.0
QYLKN,1000.0
AQVIT,1000.0
PDSQL,1000.0
RTMTL,1000.0
QQTFT,1000.0
PTHVP,1000.0
PQAHL,1000.0
TEIVT,1000.0
SRTLD,1000.0
IFTLP,1000.0
CSNVQ,1000.0
HTYTL,1000.0
HTYTC,1000.0
VNTLA,1000.0
SCEVQ,1000.0
YEWLS,1000.0
YEMEV,1000.0
QSLNP,1000.0
LMITM,1000.0
YEMEE,1000.0
YEMED,1000.0
HYMAS,1000.0
HTYLP,1000.0
YTNYN,1000.0
YKITT,1000.0
MHTWY,1000.0
AHTFC,1000.0
DEMKE,1000.0
THVQP,1000.0
PVIHT,1000.0
QKLDC,1000.0
VLYYN,1000.0
QMPYH,1000.0
EHPEP,1000.0
WSTYP,1000.0
QYLTN,1000.0
TSQII,1000.0
CTITN,1000.0
NTCIM,1000.0
THQPP,1000.0
IQTID,1000.0
YNTHI,1000.0
LTSIL,1000.0
LIPQP,1000.0
FMFYT,1000.0
YSTTP,1000.0
LPVIP,1000.0
WWEHP,1000.0
STLQQ,1000.0
KTMLT,1000.0
LHTAV,1000.0
LHTAP,1000.0
LHTAQ,1000.0
PLTSV,1000.0
HHTQL,1000.0
CSYNL,1000.0
HTYES,1000.0
QTVYL,1000.0
SSKVP,1000.0
NVTYE,1000.0
DISHP,1000.0
MHHVW,1000.0
LTPEP,1000.0
HATLQ,1000.0
NQITY,1000.0
HATLA,1000.0
IVPVA,1000.0
TSQVI,1000.0
TSQVP,1000.0
NFMTY,1000.0
KCTQL,1000.0
NRHEN,1000.0
LQTEN,1000.0
CMRTL,1000.0
VYTMP,1000.0
MTLHT,1000.0
STTAV,1000.0
STTAP,1000.0
DNHDN,1000.0
YSAYP,1000.0
TTAYL,1000.0
PSTHP,1000.0
YSEHT,1000.0
QQEMN,1000.0
PSISP,1000.0
TTTIL,1000.0
HSLKP,1000.0
HDTVP,1000.0
TSEIN,1000.0
HEMED,1000.0
VATIQ,1000.0
SYLNT,1000.0
TELQT,1000.0
HPPVP,1000.0
DIFEP,1000.0
SGEQL,1000.0
PVLQQ,1000.0
EKHEH,1000.0
CELQE,1000.0
YQTKP,1000.0
HTLLC,1000.0
QVTQP,1000.0
VHTHE,1000.0
DEIKE,1000.0
HADVN,1000.0
LFSEV,1000.0
PTTMY,1000.0
DPYAL,1000.0
TSNAL,1000.0
VLTQA,1000.0
VLTQQ,1000.0
QHLQP,1000.0
SYTQL,1000.0
STILC,1000.0
STILA,1000.0
VQYEQ,1000.0
SYAVT,1000.0
TCTLT,1000.0
PRTIN,1000.0
TYSIH,1000.0
HHSTL,1000.0
PDMIT,1000.0
FHRET,1000.0
TKLQQ,1000.0
SNTGQ,1000.0
YKLHT,1000.0
PDNII,1000.0
PDNIA,1000.0
YITQT,1000.0
GELCS,1000.0
SAMEN,1000.0
YITQH,1000.0
FQSIA,1000.0
FQSIC,1000.0
APTML,1000.0
ISTQY,1000.0
ISTQH,1000.0
FTLTE,1000.0
SSLDL,1000.0
SAHSP,1000.0
LFSLQ,1000.0
SSITP,1000.0
LRPIP,1000.0
YLLHT,1000.0
DEIVE,1000.0
HYDAL,1000.0
YTALN,1000.0
NQQLT,1000.0
PCTQP,1000.0
QWTQL,1000.0
TFTQA,1000.0
MTTQY,1000.0
PRTRL,1000.0
PRTRP,1000.0
ITENL,1000.0
RTPIP,1000.0
SSLTL,1000.0
AIPLV,1000.0
PMTTL,1000.0
QLLQN,1000.0
TYYDT,1000.0
LSYQD,1000.0
PYRAN,1000.0
QSLTP,1000.0
STLVA,1000.0
STLVT,1000.0
HRNLM,1000.0
DIIFC,1000.0
NDTSE,1000.0
SHTVP,1000.0
YHTKL,1000.0
TAMHP,1000.0
QTMHP,1000.0
VTTYP,1000.0
QLVQP,1000.0
SSTQP,1000.0
QTLNL,1000.0
QATLY,1000.0
RATVD,1000.0
QATLH,1000.0
HNTFL,1000.0
LGLTP,1000.0
TRVYS,1000.0
NKHPH,1000.0
LTRTL,1000.0
YGTSL,1000.0
EHKVD,1000.0
YTTAH,1000.0
SSLIT,1000.0
YTTAY,1000.0
IDLTN,1000.0
KETFK,1000.0
CSIIT,1000.0
QFAHT,1000.0
TETHT,1000.0
QALQC,1000.0
PTQVV,1000.0
NLEPM,1000.0
IQAFP,1000.0
SEDSV,1000.0
HSIVH,1000.0
IMTAD,1000.0
ASNVL,1000.0
HSIVP,1000.0
ITNMP,1000.0
RDYHP,1000.0
TPSIG,1000.0
QPTIL,1000.0
LNLTM,1000.0
LNLTP,1000.0
RAQNQ,1000.0
CLPPL,1000.0
SRDYS,1000.0
QTYIA,1000.0
IPLQM,1000.0
QTYIP,1000.0
QTYIT,1000.0
HTIAT,1000.0
HTIAP,1000.0
SSLRI,1000.0
TSYIQ,1000.0
SKQNH,1000.0
TTKIN,1000.0
YTIQH,1000.0
QDLTP,1000.0
QDLTV,1000.0
GTSGI,1000.0
TFISC,1000.0
DPPIN,1000.0
MSTYS,1000.0
PSFAR,1000.0
PSVLP,1000.0
NYYIT,1000.0
NAVIA,1000.0
FSLSH,1000.0
YATFD,1000.0
YATFR,1000.0
LHTIG,1000.0
TNLRQ,1000.0
TNLRP,1000.0
WVQLP,1000.0
TYIGD,1000.0
PLSIN,1000.0
PKPML,1000.0
PKIVS,1000.0
PKIVP,1000.0
ITYAP,1000.0
YYIST,1000.0
NTHIH,1000.0
HALQP,1000.0
QTVQN,1000.0
PHNQP,1000.0
QTVQP,1000.0
RSIIC,1000.0
AHTYT,1000.0
TTLTT,1000.0
TTLTP,1000.0
LMTVA,1000.0
YSTRR,1000.0
LNTLI,1000.0
PNITL,1000.0
YSALT,1000.0
SESEL,1000.0
VRTLA,1000.0
ICFHK,1000.0
YTLMT,1000.0
PNNNV,1000.0
YSNQL,1000.0
NSTFE,1000.0
CFTMT,1000.0
AESYL,1000.0
DLTTD,1000.0
LQTML,1000.0
NTTVT,1000.0
HHLKP,1000.0
TDLAE,1000.0
QELTH,1000.0
QELTD,1000.0
WNSIT,1000.0
CHTVR,1000.0
LALLT,1000.0
TKSVA,1000.0
QTQNL,1000.0
NVLSN,1000.0
HPYVQ,1000.0
NPYIP,1000.0
SETWQ,1000.0
YALRP,1000.0
HYYTN,1000.0
PAHQH,1000.0
TSTPA,1000.0
LTTSL,1000.0
FHTKQ,1000.0
IPPIL,1000.0
LETIM,1000.0
DYMEV,1000.0
DYMED,1000.0
DYMEE,1000.0
LHNYP,1000.0
TQTRE,1000.0
YSNIP,1000.0
DYSSP,1000.0
SYSIE,1000.0
DEMDE,1000.0
DEMDD,1000.0
STCIP,1000.0
SHDLN,1000.0
DVTES,1000.0
DSVDP,1000.0
QHEVN,1000.0
VEIEE,1000.0
NETII,1000.0
QVPIP,1000.0
DAQQL,1000.0
NNSIN,1000.0
QRKIP,1000.0
HNITL,1000.0
YITYT,1000.0
ISQNL,1000.0
VSTQP,1000.0
MYRNC,1000.0
AQITL,1000.0
LTTHT,1000.0
ISTYP,1000.0
THDNT,1000.0
WYNLA,1000.0
HTTHN,1000.0
HSQVS,1000.0
RTTPY,1000.0
HTTHT,1000.0
KKLTE,1000.0
PGLEP,1000.0
TTTCL,1000.0
YTRTP,1000.0
MTSHN,1000.0
TYTTK,1000.0
PLHRD,1000.0
QYSQL,1000.0
ATMIA,1000.0
ATLMQ,1000.0
VQSEN,1000.0
QHTVL,1000.0
MYTKL,1000.0
LTAIA,1000.0
SNLSM,1000.0
LTAIT,1000.0
QTKVW,1000.0
SIYTL,1000.0
CSLVP,1000.0
CVTYT,1000.0
LTQVQ,1000.0
NQLRP,1000.0
LEINQ,1000.0
WQTVH,1000.0
MNNIS,1000.0
RSYVW,1000.0
SNINL,1000.0
TTHII,1000.0
TTRMP,1000.0
PSRVS,1000.0
DNISP,1000.0
MATQV,1000.0
KTLVA,1000.0
YTMSL,1000.0
QYIAN,1000.0
TTIMY,1000.0
TTIMH,1000.0
WQLNA,1000.0
TITVY,1000.0
THLFT,1000.0
PATHE,1000.0
FLPSP,1000.0
SHRQL,1000.0
QSTIS,1000.0
PTQIN,1000.0
EDINN,1000.0
TKQHE,1000.0
LDIAA,1000.0
TKTYP,1000.0
ATLKC,1000.0
TMNVN,1000.0
MYIAT,1000.0
CISQL,1000.0
FQTVD,1000.0
WTIEN,1000.0
ITNEQ,1000.0
AATEH,1000.0
GITIP,1000.0
IAYLA,1000.0
WTHAP,1000.0
PCHFL,1000.0
LQHIP,1000.0
DINIP,1000.0
LSTLV,1000.0
MQTQN,1000.0
LSTLL,1000.0
QMPIP,1000.0
TSITN,1000.0
MSTQT,1000.0
YRQVP,1000.0
STRMD,1000.0
DNQVI,1000.0
ETFHS,1000.0
QYLDI,1000.0
PYYVQ,1000.0
TETLN,1000.0
FAQVN,1000.0
SPLIC,1000.0
SPLIN,1000.0
CTVQT,1000.0
MTKLP,1000.0
CTVQN,1000.0
CTVQM,1000.0
IMLQN,1000.0
SQLTN,1000.0
QHSIP,1000.0
ATTIA,1000.0
ASSIN,1000.0
KTYEN,1000.0
PDAYY,1000.0
VNTAN,1000.0
HPCMY,1000.0
TSLTW,1000.0
CTYTP,1000.0
QNEMH,1000.0
TRIIP,1000.0
SRVYI,1000.0
LSNEP,1000.0
EKTTP,1000.0
TRNID,1000.0
TRQDT,1000.0
HAISN,1000.0
SLYVP,1000.0
PHFQN,1000.0
KITYC,1000.0
SLIQI,1000.0
PLRVP,1000.0
MFTTP,1000.0
TTQIY,1000.0
HSTYA,1000.0
FTVDP,1000.0
PLTHP,1000.0
TQHLT,1000.0
PLTHH,1000.0
FTTKN,1000.0
FILTT,1000.0
EEMEE,1000.0
HLNIC,1000.0
LSLMT,1000.0
SCLQN,1000.0
GCLLM,1000.0
HQIIP,1000.0
HQIIT,1000.0
TTQIE,1000.0
LSMWE,1000.0
LSPII,1000.0
PTLIP,1000.0
LSPIP,1000.0
LTMQQ,1000.0
THLIC,1000.0
SAQVP,1000.0
NQIYD,1000.0
PNTIN,1000.0
NTIYH,1000.0
PNTIY,1000.0
PNTIT,1000.0
CTLEP,1000.0
VATYH,1000.0
LISLE,1000.0
STTQN,1000.0
LYTIA,1000.0
QMTRL,1000.0
LRTQP,1000.0
LLISP,1000.0
YTVNP,1000.0
HKTIT,1000.0
HKTIP,1000.0
HSLFS,1000.0
NTEIV,1000.0
DEMLE,1000.0
MTYPC,1000.0
IYTHY,1000.0
GQPYL,1000.0
TKLAQ,1000.0
RGLIS,1000.0
AYLVT,1000.0
TKTYA,1000.0
NDPIN,1000.0
GYFAV,1000.0
HLTEI,1000.0
HTLHP,1000.0
WTSQQ,1000.0
HTLHF,1000.0
PKQVT,1000.0
PKQVP,1000.0
DYMVE,1000.0
DYMVD,1000.0
HTKVP,1000.0
KQNQH,1000.0
DFVAQ,1000.0
LLLQT,1000.0
HSKVS,1000.0
ARSIA,1000.0
ETCYE,1000.0
TTTKL,1000.0
LLYIP,1000.0
TTKII,1000.0
ATMAM,1000.0
DNPLY,1000.0
LQITP,1000.0
PKTQN,1000.0
LLATP,1000.0
ETHQI,1000.0
WCTLR,1000.0
PQIRP,1000.0
QHILS,1000.0
VQTFP,1000.0
CNQIL,1000.0
PTLQL,1000.0
LSITP,1000.0
LSVHP,1000.0
QSTTL,1000.0
TYYTN,1000.0
QTTCP,1000.0
TMTLN,1000.0
SSTAL,1000.0
PCTLA,1000.0
KSSTP,1000.0
SEVHC,1000.0
TFQVT,1000.0
STTLT,1000.0
QKTAL,1000.0
SNIVP,1000.0
SNIVL,1000.0
NPSTN,1000.0
PSAFM,1000.0
TNYLP,1000.0
TCNLL,1000.0
YYTLT,1000.0
NLTCY,1000.0
NYTVN,1000.0
TNSIN,1000.0
PSLKL,1000.0
MATYP,1000.0
NSHVV,1000.0
HTHII,1000.0
STLMH,1000.0
STLMP,1000.0
YISVQ,1000.0
DDMQE,1000.0
QQLTY,1000.0
PLVSH,1000.0
HRIYP,1000.0
PQQWP,1000.0
CGYSL,1000.0
ITTTH,1000.0
ITTTL,1000.0
ITTTM,1000.0
QGPVP,1000.0
ISHLP,1000.0
TALQV,1000.0
CHHVK,1000.0
SSEII,1000.0
HGPIQ,1000.0
TTHVH,1000.0
DEFEE,1000.0
NPLWP,1000.0
YTTTL,1000.0
QYTTN,1000.0
YTTHP,1000.0
SVTLE,1000.0
MSTIT,1000.0
THLSH,1000.0
MSTID,1000.0
YTYTN,1000.0
PSAIS,1000.0
HEMEE,1000.0
YSTLH,1000.0
YSTLG,1000.0
YSTLP,1000.0
QQCIN,1000.0
SYVHP,1000.0
CYMQK,1000.0
QSPVP,1000.0
VNTIT,1000.0
QITTN,1000.0
HPLEP,1000.0
QPSNS,1000.0
EQLSQ,1000.0
HQNIL,1000.0
QLHLP,1000.0
NEMEE,1000.0
TSYVN,1000.0
LSAIP,1000.0
MRTQD,1000.0
DQLMN,1000.0
TSVDL,1000.0
SQMHN,1000.0
MSEAL,1000.0
NNAVE,1000.0
LTTQL,1000.0
NSLCP,1000.0
QVLWE,1000.0
TTLDN,1000.0
AHTIA,1000.0
PYTIV,1000.0
TICIR,1000.0
SIQIT,1000.0
TAYTP,1000.0
QYRQP,1000.0
NRNKP,1000.0
RTIMP,1000.0
DTITC,1000.0
ETTSL,1000.0
NSIYK,1000.0
KCTIH,1000.0
ATTTL,1000.0
QALQP,1000.0
CNIIT,1000.0
VEMVE,1000.0
TSLTP,1000.0
EQSTE,1000.0
TDLQE,1000.0
LSQEP,1000.0
SCLYH,1000.0
SQSLN,1000.0
VQYTN,1000.0
YPLIV,1000.0
KSLET,1000.0
QTVDP,1000.0
LNTYK,1000.0
AETTP,1000.0
VMTHC,1000.0
HSSVQ,1000.0
TSTLT,1000.0
WESYH,1000.0
ETTNL,1000.0
HKTQL,1000.0
HTHRT,1000.0
ETTNP,1000.0
ARPID,1000.0
NTNQL,1000.0
ARPIP,1000.0
RTTIT,1000.0
PTRCP,1000.0
HSLNP,1000.0
HSLNL,1000.0
STTLY,1000.0
SVISP,1000.0
STTLS,1000.0
STTLH,1000.0
STTLN,1000.0
IHTLP,1000.0
PSHVA,1000.0
PSGVN,1000.0
QIITL,1000.0
YITIP,1000.0
NHSNN,1000.0
SRTKT,1000.0
LTSFN,1000.0
CQLLA,1000.0
EFHHP,1000.0
SKYYP,1000.0
VSTAD,1000.0
PSTVL,1000.0
NLLTL,1000.0
PSTVF,1000.0
MSAVL,1000.0
TIRVQ,1000.0
TTTSP,1000.0
QHLTL,1000.0
QHLTN,1000.0
NTPML,1000.0
HICIQ,1000.0
IQLNP,1000.0
CHNIN,1000.0
YAAEQ,1000.0
PYLTS,1000.0
ITHIS,1000.0
DSEIN,1000.0
SYTVP,1000.0
YAVPK,1000.0
TVLTN,1000.0
RNTVH,1000.0
SKQHL,1000.0
HSTLN,1000.0
EPTWL,1000.0
NQKIT,1000.0
QSTLV,1000.0
QSTLP,1000.0
QSTLC,1000.0
LMLQT,1000.0
QTLVS,1000.0
TQTYQ,1000.0
SRIEH,1000.0
QHLTP,1000.0
QHLTQ,1000.0
PCTTL,1000.0
AWEYP,1000.0
YTAAY,1000.0
DEMDV,1000.0
YYTTK,1000.0
TRLHP,1000.0
NFLTN,1000.0
PTIKP,1000.0
CSPVL,1000.0
MTTTY,1000.0
MTTTN,1000.0
AFTHP,1000.0
PSRFN,1000.0
QQHIS,1000.0
NNTYM,1000.0
NNIEP,1000.0
STFHH,1000.0
YEMDD,1000.0
PQHIP,1000.0
PQHIS,1000.0
EVQLA,1000.0
TSTLD,1000.0
LTQIQ,1000.0
YESEP,1000.0
TSTLL,1000.0
ITIMT,1000.0
SHLHT,1000.0
QTLIT,1000.0
TMTSP,1000.0
KNLTP,1000.0
NVLIP,1000.0
TVTLP,1000.0
QYTLP,1000.0
YTTLL,1000.0
KDMSH,1000.0
WQSCL,1000.0
CYLQT,1000.0
SIILQ,1000.0
PPWLL,1000.0
TSSVT,1000.0
TSFHF,1000.0
THAEL,1000.0
TELYC,1000.0
HSISN,1000.0
HSTMV,1000.0
HSTML,1000.0
CRLHP,1000.0
PDIQP,1000.0
LDSQL,1000.0
TTSVT,1000.0
DYTMA,1000.0
NAQIL,1000.0
RLTIV,1000.0
NAQID,1000.0
NAQIP,1000.0
IATAL,1000.0
KGLIW,1000.0
ISHYP,1000.0
CSAVP,1000.0
TNAIN,1000.0
QTSVP,1000.0
PQLWK,1000.0
QSVVV,1000.0
DMPIC,1000.0
SKVWP,1000.0
NHLIH,1000.0
PILMT,1000.0
LSCIA,1000.0
QTCQK,1000.0
RPIIP,1000.0
TSVLT,1000.0
HTSII,1000.0
HTSIN,1000.0
YTIVN,1000.0
QKRVQ,1000.0
STIIS,1000.0
TRNYP,1000.0
KTNIP,1000.0
CGLMN,1000.0
YSTQQ,1000.0
YTSDN,1000.0
FTVTH,1000.0
FTVTA,1000.0
VVVSP,1000.0
PSSYL,1000.0
YATKL,1000.0
PMYVT,1000.0
NAVLA,1000.0
WTMHP,1000.0
ERTFA,1000.0
SKAIL,1000.0
ITLTP,1000.0
PQSTH,1000.0
FEMEE,1000.0
WTQMA,1000.0
DIPVV,1000.0
TLTHP,1000.0
CQIYT,1000.0
QTQVV,1000.0
PNTYP,1000.0
PNTYL,1000.0
PNTYI,1000.0
LQAVQ,1000.0
AFKWL,1000.0
NTNIN,1000.0
PAHIP,1000.0
TLSMY,1000.0
LQTHT,1000.0
PSNLL,1000.0
FSTLS,1000.0
FLHPC,1000.0
DLTYP,1000.0
LVALT,1000.0
QYLSH,1000.0
NTTSQ,1000.0
EDRTN,1000.0
LTCEP,1000.0
LSPTV,1000.0
TVFIP,1000.0
FQAVP,1000.0
PRNTE,1000.0
HLMTL,1000.0
CASHS,1000.0
LTYHH,1000.0
NKPNL,1000.0
YTLVS,1000.0
TSRID,1000.0
YRTTP,1000.0
YRTTD,1000.0
QILTN,1000.0
RRTLN,1000.0
YTLSQ,1000.0
YYMEE,1000.0
QVTTP,1000.0
SELNL,1000.0
PTSVA,1000.0
PTSVL,1000.0
DEMAE,1000.0
TLTED,1000.0
FTSML,1000.0
KHQIE,1000.0
QASVN,1000.0
NLSIV,1000.0
CALNL,1000.0
RTTHK,1000.0
TCELL,1000.0
FRTQP,1000.0
DYSWN,1000.0
SMSFL,1000.0
ATSWH,1000.0
TATLK,1000.0
TKLTP,1000.0
QTTSP,1000.0
LTTMM,1000.0
WTSFT,1000.0
FESTL,1000.0
VSTTL,1000.0
QSNVH,1000.0
SNWHA,1000.0
HTMQQ,1000.0
HKSTV,1000.0
TKTLQ,1000.0
TKTLL,1000.0
HVIQH,1000.0
MSHHP,1000.0
HTTES,1000.0
HTTEP,1000.0
HTTEW,1000.0
YTQHQ,1000.0
RTLTY,1000.0
DLSWN,1000.0
HSQSQ,1000.0
NSMQQ,1000.0
STYEI,1000.0
KNTQP,1000.0
MATIY,1000.0
MATIA,1000.0
LQTVS,1000.0
QNHYL,1000.0
VQNET,1000.0
RSTYP,1000.0
QHTYP,1000.0
PDPIE,1000.0
PDPIQ,1000.0
QTLAM,1000.0
LSIAN,1000.0
WASTP,1000.0
WYSTP,1000.0
YTAVT,1000.0
LRNIT,1000.0
SGLIH,1000.0
HYTHA,1000.0
YTTDR,1000.0
YTTDH,1000.0
YTTDA,1000.0
NAYIA,1000.0
DDMEE,1000.0
DDMED,1000.0
DDMEY,1000.0
DDMEV,1000.0
TTYDE,1000.0
LRTTV,1000.0
FSTVP,1000.0
GYMQN,1000.0
DVDID,1000.0
TYPIP,1000.0
TELAT,1000.0
DSATP,1000.0
HSTEW,1000.0
TPTVP,1000.0
IKSHP,1000.0
AETAY,1000.0
TNYIN,1000.0
QETFV,1000.0
ETPYN,1000.0
YHTQA,1000.0
YHTQI,1000.0
LATKL,1000.0
NTYVV,1000.0
QKSVH,1000.0
PMLMT,1000.0
LTNYN,1000.0
SKTLN,1000.0
SKLMT,1000.0
STCIH,1000.0
HVTES,1000.0
YNTYC,1000.0
MTTTP,1000.0
QRPIP,1000.0
HNTVS,1000.0
HNTVE,1000.0
ERPPL,1000.0
TGVVI,1000.0
NHLAH,1000.0
TYSIQ,1000.0
KETNL,1000.0
QHWVT,1000.0
NELYN,1000.0
ETLQQ,1000.0
HTSQQ,1000.0
NELYP,1000.0
KTDPR,1000.0
NTEVA,1000.0
CSLHN,1000.0
LLTET,1000.0
YTINE,1000.0
PTLMP,1000.0
DSTYM,1000.0
DSTYL,1000.0
ICTLN,1000.0
HELTP,1000.0
PYTYQ,1000.0
YSTYT,1000.0
CTIAQ,1000.0
TPTIL,1000.0
TPTIM,1000.0
TTSEP,1000.0
MTQVP,1000.0
QYVQN,1000.0
SMAMP,1000.0
QQPML,1000.0
TWTTQ,1000.0
HGTIT,1000.0
LSTRP,1000.0
LTLMP,1000.0
LNTIN,1000.0
LNTIT,1000.0
YETHS,1000.0
LRRTL,1000.0
SSKIQ,1000.0
QSIEP,1000.0
QTVTL,1000.0
HATCM,1000.0
HAYAL,1000.0
TTLQI,1000.0
TTLQQ,1000.0
MECHN,1000.0
TTYIP,1000.0
GTTIP,1000.0
TGTVT,1000.0
SLHPC,1000.0
PNTQL,1000.0
VHTEH,1000.0
IQELP,1000.0
MKTHQ,1000.0
AVVYP,1000.0
TYAEP,1000.0
STLFP,1000.0
RTITN,1000.0
SKIPC,1000.0
AIYAP,1000.0
ISVFT,1000.0
TKITM,1000.0
SAIFQ,1000.0
VDLHP,1000.0
WNDRG,1000.0
KVLPN,1000.0
LTSVA,1000.0
AAGHH,1000.0
NANIP,1000.0
PETRL,1000.0
SGTEP,1000.0
NMSIQ,1000.0
PTRTM,1000.0
SHLHA,1000.0
NRFIP,1000.0
CTRIT,1000.0
LGYAP,1000.0
PSTFI,1000.0
PSLLQ,1000.0
PTMAP,1000.0
ARIKP,1000.0
WHTAL,1000.0
WHTAS,1000.0
GHMTD,1000.0
FATVN,1000.0
NTTLQ,1000.0
SYSLQ,1000.0
YKPIQ,1000.0
IQLAN,1000.0
LQTDY,1000.0
ISTQN,1000.0
SMYEW,1000.0
SMYEV,1000.0
DDMVV,1000.0
DATIQ,1000.0
DATIN,1000.0
ANTIW,1000.0
SYATP,1000.0
CITQA,1000.0
SFSLP,1000.0
HPTIN,1000.0
HPTIP,1000.0
PHYYN,1000.0
IALET,1000.0
EEPMP,1000.0
FSTTY,1000.0
SSMHN,1000.0
TTTHC,1000.0
TTTHH,1000.0
TTTHN,1000.0
TTKTT,1000.0
HKSLP,1000.0
QASIP,1000.0
PHTLL,1000.0
YQIAS,1000.0
MRHIP,1000.0
NSNIH,1000.0
FMAIT,1000.0
ENMHH,1000.0
HTTMP,1000.0
FSYDQ,1000.0
VSTDD,1000.0
HTTMA,1000.0
HTTMN,1000.0
DDPTP,1000.0
EDLQN,1000.0
AYLTH,1000.0
PIAYL,1000.0
PAPYL,1000.0
INTEL,1000.0
SYNIA,1000.0
QSSYP,1000.0
HKTVC,1000.0
QSTYN,1000.0
QSTYL,1000.0
QYTLD,1000.0
MPTII,1000.0
TYYQN,1000.0
QSTYT,1000.0
RITTL,1000.0
QHTQN,1000.0
SDLCN,1000.0
EPPIL,1000.0
NPVTP,1000.0
QRLKL,1000.0
LTALN,1000.0
WYTHQ,1000.0
TMRYP,1000.0
PNFTL,1000.0
YTRNC,1000.0
PIAIS,1000.0
NDHIP,1000.0
QVPYP,1000.0
QTLYP,1000.0
ESLAQ,1000.0
TVILS,1000.0
QATQL,1000.0
NFLYP,1000.0
QTTSL,1000.0
HLPQL,1000.0
HTTRL,1000.0
SQINE,1000.0
STVVT,1000.0
LPTLL,1000.0
LITTN,1000.0
CRHIN,1000.0
LITTP,1000.0
DAWVN,1000.0
LITTY,1000.0
NTLHS,1000.0
STLHT,1000.0
NYTIN,1000.0
MSTAA,1000.0
NYTIQ,1000.0
PSLNF,1000.0
HIHPC,1000.0
THTES,1000.0
LYITQ,1000.0
HQLED,1000.0
TSTVP,1000.0
WTTAQ,1000.0
LTNQT,1000.0
PPIIP,1000.0
RSMPI,1000.0
SSTII,1000.0
ISHIV,1000.0
LNLYQ,1000.0
YDVTT,1000.0
DTMQR,1000.0
DTMQP,1000.0
IFDLP,1000.0
VANVE,1000.0
CTYML,1000.0
STSIH,1000.0
LRTAQ,1000.0
FTNVL,1000.0
AEMEE,1000.0
CCAVP,1000.0
LTKIN,1000.0
YSMVT,1000.0
YSSAL,1000.0
YSTAL,1000.0
PTVQP,1000.0
YTSTP,1000.0
CFIAP,1000.0
LIAGL,1000.0
AVKLN,1000.0
PTVQA,1000.0
PYTQP,1000.0
NTYEI,1000.0
CTVTL,1000.0
QQMHP,1000.0
NTYEN,1000.0
PYTQL,1000.0
STHVT,1000.0
PQVTP,1000.0
PSTYP,1000.0
YAIIP,1000.0
GVTML,1000.0
RSLIN,1000.0
MDLHI,1000.0
QITYP,1000.0
ETQMP,1000.0
DGITT,1000.0
YKTKL,1000.0
THLRP,1000.0
VTRYP,1000.0
NNLTP,1000.0
KNSIE,1000.0
TTLIA,1000.0
TTYQP,1000.0
LTTTP,1000.0
PLGIH,1000.0
AETLN,1000.0
YTSIN,1000.0
QQSHP,1000.0
ETTVN,1000.0
FTILS,1000.0
TYWKV,1000.0
LTLRP,1000.0
CHSET,1000.0
IYRQN,1000.0
CYQHF,1000.0
HDYHQ,1000.0
WTQFQ,1000.0
HWMSP,1000.0
CVSVN,1000.0
SFRTY,1000.0
MILTC,1000.0
DEMEK,1000.0
MQINN,1000.0
LNEID,1000.0
YQTTE,1000.0
YTESC,1000.0
YQTTQ,1000.0
CTLHP,1000.0
FKTLT,1000.0
TGLLS,1000.0
DETEE,1000.0
NSEIN,1000.0
NGIYN,1000.0
SEAQP,1000.0
PTTRE,1000.0
DEMQD,1000.0
DEMQE,1000.0
YYSVT,1000.0
NTNVD,1000.0
LCVHP,1000.0
PTMIC,1000.0
DVLEE,1000.0
DVLEP,1000.0
QHLLT,1000.0
KRLHQ,1000.0
EIILQ,1000.0
NFIEN,1000.0
NANCP,1000.0
YDMDD,1000.0
QTRIN,1000.0
CITIT,1000.0
AYLLA,1000.0
LTTCS,1000.0
ITHQP,1000.0
FPGIP,1000.0
TRTVA,1000.0
VHTNP,1000.0
AYTVL,1000.0
CDIQN,1000.0
HNTYP,1000.0
VTLNP,1000.0
HTLMH,1000.0
QTSVS,1000.0
TSTFR,1000.0
TSTFY,1000.0
FMHEG,1000.0
DNNIC,1000.0
DNNIN,1000.0
DHNYP,1000.0
NLLQT,1000.0
RETHT,1000.0
LDTYP,1000.0
RTTET,1000.0
TTEIT,1000.0
RTTEN,1000.0
ETSIV,1000.0
YSYHN,1000.0
CKSVP,1000.0
SYTKY,1000.0
YPDQP,1000.0
HWNLP,1000.0
SHHHA,1000.0
QTTFN,1000.0
QSTQQ,1000.0
RSTIT,1000.0
QTTFP,1000.0
NCEVD,1000.0
NCLNT,1000.0
QSAIT,1000.0
IAWKP,1000.0
SADKS,1000.0
TVITT,1000.0
PALYP,1000.0
TLSSM,1000.0
LMLTP,1000.0
HCAIK,1000.0
SNYHP,1000.0
QTLQA,1000.0
DRPNM,1000.0
QTLQS,1000.0
PHTQV,1000.0
QTLQV,1000.0
EPESL,1000.0
QATYK,1000.0
QATYN,1000.0
KTLET,1000.0
YKYIS,1000.0
LETAM,1000.0
QYITY,1000.0
MSIQT,1000.0
FTTHT,1000.0
PTAVP,1000.0
NYTQP,1000.0
HTSIT,1000.0
RLTQY,1000.0
PHMAH,1000.0
STLPC,1000.0
TYLTS,1000.0
TYLTQ,1000.0
IYVNE,1000.0
LTNIP,1000.0
TVTQP,1000.0
QAIMP,1000.0
FVLTN,1000.0
LKTAP,1000.0
ELQYA,1000.0
ETWTQ,1000.0
FSTMQ,1000.0
QVSIQ,1000.0
NHYQP,1000.0
QDSIA,1000.0
HETIH,1000.0
HETIP,1000.0
PGTVT,1000.0
ETLAH,1000.0
TTICT,1000.0
TITHH,1000.0
HITSL,1000.0
TALLT,1000.0
LATQP,1000.0
CMVWP,1000.0
NTMHN,1000.0
RCAHT,1000.0
SWMIT,1000.0
MKTIT,1000.0
PEYQL,1000.0
WTHSP,1000.0
SALHA,1000.0
LSAFT,1000.0
SKVTL,1000.0
YSLTT,1000.0
TNDLS,1000.0
LCTVT,1000.0
LTVLN,1000.0
HDIQN,1000.0
DELEE,1000.0
DELED,1000.0
TTLAQ,1000.0
YSTQH,1000.0
DELEV,1000.0
SRAYP,1000.0
VKIWH,1000.0
GTTYP,1000.0
MIIHT,1000.0
YSTVL,1000.0
PYTDN,1000.0
RMPAF,1000.0
MVLTS,1000.0
TYKLT,1000.0
SDTVS,1000.0
STAVT,1000.0
YATLT,1000.0
ASAIN,1000.0
HQTIH,1000.0
GHSIN,1000.0
WNTWP,1000.0
HNQIN,1000.0
TTLKP,1000.0
NVREP,1000.0
GYIQS,1000.0
QHAIN,1000.0
LTVQN,1000.0
SSAIS,1000.0
QSIHQ,1000.0
LTVQC,1000.0
TLTMV,1000.0
QTEIP,1000.0
SHCVK,1000.0
DTTTL,1000.0
QRINL,1000.0
NTKLL,1000.0
QSPNM,1000.0
NMLET,1000.0
IYISN,1000.0
TTVLT,1000.0
TTVLP,1000.0
YTLKP,1000.0
ESYPN,1000.0
ITPIV,1000.0
YNTQE,1000.0
QEVHP,1000.0
WETVA,1000.0
HTVAP,1000.0
NTITL,1000.0
NMIFT,1000.0
HATID,1000.0
HHKEL,1000.0
MSMLP,1000.0
AQMCA,1000.0
HHTHY,1000.0
STMHP,1000.0
TTVQP,1000.0
DLNLP,1000.0
DEMYV,1000.0
DEMYD,1000.0
DEMYE,1000.0
VYSTN,1000.0
TYTVN,1000.0
HDNML,1000.0
KMTCP,1000.0
PRIYT,1000.0
RRTIS,1000.0
YQTIQ,1000.0
QLSVY,1000.0
THHHN,1000.0
QVTSP,1000.0
SITMA,1000.0
VATWL,1000.0
HTLEI,1000.0
TRHKN,1000.0
LPHKP,1000.0
PSTQQ,1000.0
PSTQY,1000.0
PSTQA,1000.0
WHTTF,1000.0
QLLLP,1000.0
TRSVC,1000.0
PHESE,1000.0
PFYHT,1000.0
DVTKC,1000.0
DYRQS,1000.0
YSHYQ,1000.0
TYTKI,1000.0
SYTSP,1000.0
PYLHW,1000.0
ITHDL,1000.0
QTALP,1000.0
AIEPC,1000.0
HCTLA,1000.0
MTTAD,1000.0
INDHQ,1000.0
SRFHP,1000.0
LAAVA,1000.0
NTIYR,1000.0
QSTIT,1000.0
QSTIH,1000.0
QSTIM,1000.0
QSTIG,1000.0
SIHQC,1000.0
LTLYP,1000.0
ANSVC,1000.0
ISTSY,1000.0
YQTVP,1000.0
DDIVE,1000.0
HNTIV,1000.0
WSSLL,1000.0
QSNSQ,1000.0
RTTVQ,1000.0
TIYHC,1000.0
TTTEH,1000.0
TRSIP,1000.0
TTTEP,1000.0
IVLDP,1000.0
HSPVP,1000.0
IIHIT,1000.0
QQQIA,1000.0
SFYMP,1000.0
PTQIQ,1000.0
PMTVM,1000.0
PMTVN,1000.0
NALVQ,1000.0
HNLVT,1000.0
ASIHL,1000.0
YWNVT,1000.0
NDTQL,1000.0
TAMFN,1000.0
YGQRI,1000.0
PSCVV,1000.0
CEHHL,1000.0
LSSIR,1000.0
QTLLT,1000.0
HVPHK,1000.0
VNYIM,1000.0
MSQEP,1000.0
LRTQN,1000.0
NKLHP,1000.0
LTRRM,1000.0
QPVTP,1000.0
QMLLP,1000.0
QSMFL,1000.0
EHKTP,1000.0
DDMHD,1000.0
QYTIN,1000.0
VQCVS,1000.0
HETAP,1000.0
DYQMH,1000.0
IDVLQ,1000.0
EHTAV,1000.0
TTIKQ,1000.0
TTIKP,1000.0
MILHP,1000.0
PSAFP,1000.0
TDNFL,1000.0
HSTHA,1000.0
HSTHI,1000.0
HSTHL,1000.0
HSTHP,1000.0
HSTHQ,1000.0
QQTLM,1000.0
QQTLD,1000.0
QQTLS,1000.0
QQTLV,1000.0
QQTLT,1000.0
PCTIT,1000.0
NWTCP,1000.0
YSQTL,1000.0
HYDVT,1000.0
LTHLP,1000.0
EDNVH,1000.0
QRPTL,1000.0
PRLHP,1000.0
NQRIL,1000.0
QWTYE,1000.0
HAEHT,1000.0
ILTEP,1000.0
PCYEQ,1000.0
YTISN,1000.0
SHTQN,1000.0
VTRIP,1000.0
QALHP,1000.0
TNSVA,1000.0
ETLTP,1000.0
ISAIP,1000.0
HYLWP,1000.0
QHDSG,1000.0
FHAHH,1000.0
YYTKP,1000.0
PAMVS,1000.0
QEELP,1000.0
YVMED,1000.0
YVMEE,1000.0
SCTHP,1000.0
QNTQY,1000.0
QNTQP,1000.0
TCEEM,1000.0
NDVRP,1000.0
PKYIN,1000.0
YHRHP,1000.0
VSLKN,1000.0
ASTWL,1000.0
SSVTL,1000.0
TLTEQ,1000.0
SDNIP,1000.0
FNVQH,1000.0
TTLVN,1000.0
THNIH,1000.0
QKRLE,1000.0
GTTLP,1000.0
NYNEQ,1000.0
HAIIT,1000.0
LKSTM,1000.0
NHMQP,1000.0
YQLST,1000.0
LKSTP,1000.0
HTVIN,1000.0
NTILP,1000.0
KTTIP,1000.0
HSDIE,1000.0
KTTIN,1000.0
CMTTQ,1000.0
KTSIA,1000.0
GMLMP,1000.0
CPRLT,1000.0
LIPFN,1000.0
YYNDP,1000.0
ETTAI,1000.0
RTGIP,1000.0
MKTET,1000.0
DVMQE,1000.0
THMIP,1000.0
HLYEP,1000.0
CEPIA,1000.0
WSQHS,1000.0
CELKQ,1000.0
STLNL,1000.0
TRMYS,1000.0
PAHSP,1000.0
TSTVK,1000.0
YDMVE,1000.0
EMSLN,1000.0
LFNEP,1000.0
TQTTE,1000.0
TQTTN,1000.0
NTTIT,1000.0
ATPTY,1000.0
VYMEE,1000.0
AHQSE,1000.0
PYFFP,1000.0
NETIN,1000.0
LDTIS,1000.0
EIVNS,1000.0
DATTN,1000.0
DATTP,1000.0
SYAEH,1000.0
LKWQN,1000.0
PRILP,1000.0
AATHN,1000.0
KSFSD,1000.0
TRTMP,1000.0
HNIVQ,1000.0
QSSAL,1000.0
TVLYT,1000.0
YTRIQ,1000.0
HVITP,1000.0
QSTAQ,1000.0
CQSSI,1000.0
QSTAI,1000.0
HTLRP,1000.0
HTMTL,1000.0
HTMTP,1000.0
DYIED,1000.0
DYIEE,1000.0
TTTMH,1000.0
MTPHP,1000.0
TTTIT,1000.0
TYTVH,1000.0
NTAHL,1000.0
YTTEV,1000.0
QATMY,1000.0
ILTLS,1000.0
PSLVT,1000.0
PSLVS,1000.0
CHYIT,1000.0
GPNVQ,1000.0
STVNC,1000.0
MLLTP,1000.0
LSINP,1000.0
NVPYN,1000.0
ADAVP,1000.0
LSCVT,1000.0
TATIT,1000.0
NDTIN,1000.0
NDTIE,1000.0
CSLTI,1000.0
LTQTP,1000.0
LTQTQ,1000.0
TVTAA,1000.0
TSMHK,1000.0
TSMHF,1000.0
AMLLT,1000.0
SNIHY,1000.0
YANIQ,1000.0
TSLNL,1000.0
QMLTH,1000.0
LPTIA,1000.0
LKTQA,1000.0
LFTLS,1000.0
QMVIS,1000.0
CDTMP,1000.0
NLTYL,1000.0
NYTLN,1000.0
HSTIQ,1000.0
ASLLI,1000.0
MSIDY,1000.0
CKTYH,1000.0
YSLTH,1000.0
QFVEP,1000.0
YSLTP,1000.0
NTLES,1000.0
STLGL,1000.0
TNVIQ,1000.0
TRVQP,1000.0
TQLMP,1000.0
YVTWK,1000.0
ITTRL,1000.0
LATND,1000.0
HWLSP,1000.0
DHYTP,1000.0
NNLEN,1000.0
QTGEM,1000.0
RTYYC,1000.0
QTYSL,1000.0
LYTQL,1000.0
PSTIP,1000.0
LYTQT,1000.0
TTHPC,1000.0
NDLLP,1000.0
HKLEP,1000.0
VAVHP,1000.0
GTLQL,1000.0
LYSQL,1000.0
YTTRV,1000.0
YTTRT,1000.0
YTTRK,1000.0
TTIVG,1000.0
YLTYP,1000.0
TTIVQ,1000.0
SITHL,1000.0
ESTQP,1000.0
TGITL,1000.0
ESTQH,1000.0
TISYP,1000.0
PTHVI,1000.0
MSTSP,1000.0
YTSQN,1000.0
PATQL,1000.0
PYTTP,1000.0
SMLHY,1000.0
TQISL,1000.0
VEMED,1000.0
VEMEE,1000.0
TQISD,1000.0
QHPVP,1000.0
PQACL,1000.0
SWKVP,1000.0
PQLAV,1000.0
NIAIV,1000.0
CNMMP,1000.0
LVSWP,1000.0
PIYLQ,1000.0
ETGIT,1000.0
PLLHP,1000.0
MLNLP,1000.0
QRTMP,1000.0
HLRMQ,1000.0
QTLTP,1000.0
LTVAP,1000.0
STTRQ,1000.0
YERSV,1000.0
HTNIN,1000.0
HTNIP,1000.0
YKTHS,1000.0
YKMTP,1000.0
TTFAP,1000.0
PNYET,1000.0
SFTLN,1000.0
KTTQM,1000.0
HEHAH,1000.0
RYQNP,1000.0
NNVIQ,1000.0
YNSAN,1000.0
TTWVP,1000.0
HITQQ,1000.0
TSVQT,1000.0
HEVHH,1000.0
HEVHS,1000.0
NCTIP,1000.0
HDMEE,1000.0
LHSVP,1000.0
FLSTT,1000.0
IQPQL,1000.0
TTTTP,1000.0
MMLSM,1000.0
FTRAY,1000.0
SELNM,1000.0
WTLTV,1000.0
ASKIP,1000.0
LSMIP,1000.0
NMLHP,1000.0
HILDY,1000.0
YQLDP,1000.0
PNMLP,1000.0
DYPLP,1000.0
NQNIP,1000.0
IHNHL,1000.0
NQNIN,1000.0
MNFVN,1000.0
SLLEQ,1000.0
SDHEP,1000.0
CMTAP,1000.0
QASVD,1000.0
YQTYH,1000.0
PTTHD,1000.0
NIHYP,1000.0
STTVA,1000.0
STTVP,1000.0
FATQM,1000.0
STSHP,1000.0
HSVIN,1000.0
DYSYN,1000.0
HDTTP,1000.0
CSTLD,1000.0
VQTYV,1000.0
TLNIE,1000.0
TVLAV,1000.0
CRLML,1000.0
LYHTP,1000.0
HKPIP,1000.0
TSTAN,1000.0
TSTAF,1000.0
HKPIM,1000.0
LMHEP,1000.0
TTSHN,1000.0
LKHNL,1000.0
DEIDE,1000.0
DEIDD,1000.0
DNWAL,1000.0
VMYWP,1000.0
DTRIN,1000.0
RTTHQ,1000.0
SSYAF,1000.0
MQPML,1000.0
PDPIL,1000.0
TTELL,1000.0
MSKAY,1000.0
MNPSQ,1000.0
AHLHS,1000.0
PQVFP,1000.0
NITVT,1000.0
PATQQ,1000.0
IYTSV,1000.0
SQYMN,1000.0
HHITP,1000.0
AGYIT,1000.0
PTTIY,1000.0
PESVF,1000.0
PKMVQ,1000.0
TLEAC,1000.0
HYETL,1000.0
RRHNP,1000.0
VNIMT,1000.0
QTTAI,1000.0
QTTAR,1000.0
KPPRT,1000.0
RNKTP,1000.0
HMTTL,1000.0
HAHVR,1000.0
LQMLN,1000.0
YYIEE,1000.0
MSITN,1000.0
DYIVE,1000.0
TYTLA,1000.0
THSVQ,1000.0
NYTTL,1000.0
SHIHT,1000.0
HFTTL,1000.0
CFIAA,1000.0
SMTYR,1000.0
NTLMN,1000.0
NTLMP,1000.0
VEMEV,1000.0
TQYMH,1000.0
QETSL,1000.0
QPLTP,1000.0
IMTWE,1000.0
FTAEA,1000.0
TSMLT,1000.0
TYMSP,1000.0
GPCTL,1000.0
KTSLP,1000.0
RTTCP,1000.0
HTMHI,1000.0
TKLTH,1000.0
VSHEV,1000.0
MLIQQ,1000.0
TLMDC,1000.0
TYLSN,1000.0
MHVTL,1000.0
NMTIT,1000.0
HKMHP,1000.0
HTWMA,1000.0
HGIMP,1000.0
APRVQ,1000.0
YTWHC,1000.0
YLTFP,1000.0
QHNIQ,1000.0
VAQTN,1000.0
TDTIT,1000.0
TPMLC,1000.0
PTTQN,1000.0
NTSVN,1000.0
HSTSE,1000.0
FRLTD,1000.0
MTHLP,1000.0
TELSA,1000.0
MPTQL,1000.0
NAANH,1000.0
QQTYT,1000.0
WEVTD,1000.0
RYLCS,1000.0
DSTTL,1000.0
SQTTP,1000.0
SQTTY,1000.0
ITTMA,1000.0
SQTTL,1000.0
QSQSD,1000.0
HTTIV,1000.0
PKVIN,1000.0
AATTL,1000.0
QPIIN,1000.0
FYTMA,1000.0
CNLYN,1000.0
QTAVN,1000.0
QSLMP,1000.0
SVHIP,1000.0
PNIFD,1000.0
SVHII,1000.0
TSIKH,1000.0
TTLFN,1000.0
PLSHP,1000.0
IATEE,1000.0
GKIMN,1000.0
TTVTP,1000.0
RYIAE,1000.0
RYIAT,1000.0
PMIAL,1000.0
RLPIP,1000.0
IRFVP,1000.0
YNTIT,1000.0
YYNTN,1000.0
TKTLN,1000.0
SYPEM,1000.0
LTVAH,1000.0
QEIIT,1000.0
ITYHT,1000.0
ITYHN,1000.0
TYNVT,1000.0
SSMYY,1000.0
HQTLL,1000.0
RHTMP,1000.0
SAIQH,1000.0
IHTKL,1000.0
HQTYD,1000.0
YQLLS,1000.0
ARLTP,1000.0
PITQL,1000.0
PITQQ,1000.0
PITQP,1000.0
HATMQ,1000.0
NTISP,1000.0
NTISL,1000.0
MTLIP,1000.0
PVTIA,1000.0
CQLQP,1000.0
TTVIT,1000.0
TSKHL,1000.0
PSTIS,1000.0
HHTMP,1000.0
YQTQN,1000.0
VTRVP,1000.0
TEMTQ,1000.0
NTTYM,1000.0
ESLTN,1000.0
SPPIP,1000.0
PTMLQ,1000.0
TDLHT,1000.0
PTTWF,1000.0
HSTNL,1000.0
DVMDD,1000.0
DVMDE,1000.0
RQTIS,1000.0
FYRTP,1000.0
PTCVQ,1000.0
LHSEL,1000.0
ASWHS,1000.0
YTHVT,1000.0
HSISP,1000.0
GILEN,1000.0
QIPIP,1000.0
DVTSL,1000.0
LTYVN,1000.0
LTYVS,1000.0
LTYVT,1000.0
DRSYQ,1000.0
TKSIP,1000.0
PEIVT,1000.0
MHQYP,1000.0
TSTYQ,1000.0
VETLP,1000.0
TRMTP,1000.0
CTIQP,1000.0
CYNVH,1000.0
QYTTA,1000.0
PSTTL,1000.0
PNKIN,1000.0
IDTYL,1000.0
QCTHL,1000.0
PGVVH,1000.0
CCPPI,1000.0
QHLRP,1000.0
HSHVC,1000.0
PMRIT,1000.0
PTTLL,1000.0
PTTLA,1000.0
PTTLQ,1000.0
PTTLP,1000.0
IIVSP,1000.0
VNTQP,1000.0
TNTEA,1000.0
FANIQ,1000.0
VQTLT,1000.0
AKLNP,1000.0
SHINY,1000.0
QTRSC,1000.0
TYSHL,1000.0
TYSHN,1000.0
TVRLP,1000.0
IVLEP,1000.0
TATYK,1000.0
CQYKP,1000.0
WATTA,1000.0
QTTIS,1000.0
QTTIL,1000.0
QTTIG,1000.0
TASYL,1000.0
QSALP,1000.0
QTWIQ,1000.0
QTLTN,1000.0
LNAIQ,1000.0
SSYTP,1000.0
LETLN,1000.0
TTNED,1000.0
LETLG,1000.0
PALTL,1000.0
DDIQD,1000.0
MSILP,1000.0
SVLTN,1000.0
TYTSN,1000.0
SATYA,1000.0
TTYLN,1000.0
TTLTH,1000.0
EIYYT,1000.0
NTKVQ,1000.0
NTKVT,1000.0
NLTIN,1000.0
SMTQL,1000.0
WSTKQ,1000.0
PELYM,1000.0
ATIQL,1000.0
FYQSP,1000.0
GSQEL,1000.0
CKTIK,1000.0
YVASL,1000.0
CKTIE,1000.0
HQLQP,1000.0
KYLRH,1000.0
TLETC,1000.0
QCSVI,1000.0
NALIP,1000.0
HVSIT,1000.0
SNMFQ,1000.0
TLVYT,1000.0
DIIAT,1000.0
TMKTT,1000.0
GIREN,1000.0
RDPIL,1000.0
SSLHW,1000.0
TRLSP,1000.0
QYPEA,1000.0
TGYEN,1000.0
TSLAA,1000.0
TSLAH,1000.0
YGTRL,1000.0
TSLAP,1000.0
SLTIK,1000.0
SLTIG,1000.0
LHVTC,1000.0
HSYTL,1000.0
CKYVP,1000.0
ITTEP,1000.0
HQQLS,1000.0
IKTLS,1000.0
KHYVT,1000.0
ECMQQ,1000.0
SRTEN,1000.0
TEIQS,1000.0
QQTAY,1000.0
SSEVT,1000.0
QTYHP,1000.0
SSEVF,1000.0
TIPAH,1000.0
LTHIT,1000.0
QTIEH,1000.0
WSYHT,1000.0
LTIMP,1000.0
LYTDS,1000.0
ESHYP,1000.0
THILH,1000.0
QVCFP,1000.0
QAPIA,1000.0
RAPIP,1000.0
QAPII,1000.0
QETTP,1000.0
YTTDY,1000.0
HSYIS,1000.0
QVYIP,1000.0
LMMTC,1000.0
TIQQC,1000.0
TNEIP,1000.0
RLSAH,1000.0
PNYQI,1000.0
VEPPK,1000.0
YNASY,1000.0
HPLTP,1000.0
HDVHA,1000.0
PQLLD,1000.0
WTTQK,1000.0
LHTHP,1000.0
ISLAQ,1000.0
IVTTQ,1000.0
CGQIP,1000.0
IHMIS,1000.0
YQLTE,1000.0
YQLTI,1000.0
PITIT,1000.0
LTPLL,1000.0
FTHDL,1000.0
PNNVA,1000.0
ARLLT,1000.0
VMTFT,1000.0
VHYEP,1000.0
TRVFL,1000.0
HHTEY,1000.0
YAMYP,1000.0
TIIRK,1000.0
TNMTL,1000.0
KITQP,1000.0
RQAIQ,1000.0
HSLTD,1000.0
FHTQR,1000.0
QQLHP,1000.0
NSIHT,1000.0
LALMT,1000.0
ETKLH,1000.0
LSQVS,1000.0
RQTQP,1000.0
TLQTC,1000.0
SLTVL,1000.0
HMIQP,1000.0
DLIEE,1000.0
YTLQN,1000.0
PNPIP,1000.0
YTLQP,1000.0
LLCQP,1000.0
DYMDD,1000.0
THTII,1000.0
TSTQN,1000.0
TSTQL,1000.0
TSTQV,1000.0
MSLTP,1000.0
DEMGE,1000.0
DEREE,1000.0
DERED,1000.0
ETMTE,1000.0
YNVPC,1000.0
TEVTN,1000.0
CTAVD,1000.0
YIAHP,1000.0
RNSVQ,1000.0
TNTMN,1000.0
PEMHT,1000.0
IFTMA,1000.0
SYTHH,1000.0
STLKP,1000.0
EDMEE,1000.0
MYTQH,1000.0
VSMIQ,1000.0
QTTQI,1000.0
TATQN,1000.0
IVLMP,1000.0
NHYTL,1000.0
HAMQN,1000.0
YCTQP,1000.0
DEIQE,1000.0
MWTTD,1000.0
KYITK,1000.0
APTVC,1000.0
YKLLP,1000.0
PHDIP,1000.0
HTFMP,1000.0
DEMEL,1000.0
PALLT,1000.0
VDLTI,1000.0
DDIYD,1000.0
TQLQT,1000.0
KSTTP,1000.0
IQLQT,1000.0
ATMHS,1000.0
HTTGL,1000.0
FHISA,1000.0
IQFTN,1000.0
HSPYA,1000.0
TVQLI,1000.0
PVLLT,1000.0
SMTIL,1000.0
DSAIT,1000.0
PTAYP,1000.0
PELQH,1000.0
VVYTL,1000.0
LTTLS,1000.0
ATFPC,1000.0
NALQN,1000.0
KSMLS,1000.0
LNLFP,1000.0
NILSP,1000.0
RNQVP,1000.0
AYLSP,1000.0
AYLSH,1000.0
ELHMP,1000.0
DHIQT,1000.0
YYYEP,1000.0
RGTCP,1000.0
PETTP,1000.0
YQTYR,1000.0
TTWMV,1000.0
SLTQP,1000.0
NLAVT,1000.0
QMLQP,1000.0
TSLIT,1000.0
LPTVP,1000.0
PATIS,1000.0
PYPEW,1000.0
PATIN,1000.0
YSFTM,1000.0
TTINT,1000.0
ILTRL,1000.0
DAVVQ,1000.0
YVTRH,1000.0
KITIT,1000.0
QFTWR,1000.0
ASLAH,1000.0
HNLLT,1000.0
HNLLQ,1000.0
HNLLP,1000.0
HSLDP,1000.0
TSKII,1000.0
IQYLH,1000.0
HVMDT,1000.0
MCTYR,1000.0
LSTMQ,1000.0
QTHIP,1000.0
WALTN,1000.0
YTNVT,1000.0
TTIQH,1000.0
SLYLP,1000.0
LIWHP,1000.0
YHCTL,1000.0
NAVVT,1000.0
HTPIP,1000.0
NIFTT,1000.0
YATAP,1000.0
SYIAP,1000.0
DTTYH,1000.0
YQMAT,1000.0
AYLRC,1000.0
PETFQ,1000.0
YTNAL,1000.0
DEMEQ,1000.0
RAKHL,1000.0
WSMIT,1000.0
TSCVL,1000.0
SKPIL,1000.0
PTTFT,1000.0
VTTKP,1000.0
QQTQI,1000.0
TTLSN,1000.0
LTPTP,1000.0
TTLST,1000.0
EQAVQ,1000.0
ESHCN,1000.0
QQTQL,1000.0
DVLIP,1000.0
FYLNQ,1000.0
TGTTP,1000.0
TGTTL,1000.0
TYISS,1000.0
KTTLE,1000.0
PNTWY,1000.0
DNPVP,1000.0
LAFSP,1000.0
KTSVD,1000.0
ASSIL,1000.0
ASSIH,1000.0
HRPIP,1000.0
TDLTT,1000.0
ITSHL,1000.0
ASLTL,1000.0
PLLTH,1000.0
EQNHP,1000.0
LALET,1000.0
WAAHP,1000.0
TLTLD,1000.0
TLNIH,1000.0
NMLKP,1000.0
EQTRV,1000.0
PPHTW,1000.0
HITLP,1000.0
HTHIT,1000.0
SHAIL,1000.0
RQKQP,1000.0
FSTQT,1000.0
TQTKP,1000.0
HSVLT,1000.0
HSVLP,1000.0
LTYYT,1000.0
YNLQT,1000.0
ASQSP,1000.0
PSTQN,1000.0
MCSHP,1000.0
NNMII,1000.0
TAAAI,1000.0
SYLLT,1000.0
HSIYP,1000.0
FYTHP,1000.0
THTRL,1000.0
QTTYT,1000.0
TKFTP,1000.0
PNAIN,1000.0
YCTYN,1000.0
TSTLP,1000.0
TSTLV,1000.0
HTQIN,1000.0
IQIQP,1000.0
AQWFP,1000.0
DEIYE,1000.0
LTIHT,1000.0
AQTLC,1000.0
HTILQ,1000.0
LTSIA,1000.0
LTSIC,1000.0
PSQII,1000.0
PKLQP,1000.0
HLTYN,1000.0
ITTIQ,1000.0
HLTYP,1000.0
WHPII,1000.0
YSISP,1000.0
TATLN,1000.0
RPTVL,1000.0
AYIAP,1000.0
ISTMQ,1000.0
RETCP,1000.0
THTYM,1000.0
TCLHP,1000.0
GILMP,1000.0
QLLHP,1000.0
RRPQQ,1000.0
INIVQ,1000.0
TTIST,1000.0
DTPVP,1000.0
RSYYL,1000.0
AYFAP,1000.0
PFTEY,1000.0
WSITP,1000.0
QVVAQ,1000.0
MLIRP,1000.0
HTTTM,1000.0
HTTTL,1000.0
HTTTN,1000.0
HTTTP,1000.0
MIDNH,1000.0
ITIET,1000.0
SYTQV,1000.0
LQLET,1000.0
TSLQT,1000.0
TYTIQ,1000.0
TTNVF,1000.0
TSLQN,1000.0
PGTIN,1000.0
DTTIP,1000.0
LHLQQ,1000.0
QCITN,1000.0
LITVT,1000.0
PTLDH,1000.0
RTQAE,1000.0
PTALP,1000.0
PTLDP,1000.0
NYTWP,1000.0
ENHTL,1000.0
HRTQN,1000.0
TQPVQ,1000.0
PSLLC,1000.0
ITWIN,1000.0
PSLLT,1000.0
HTLQQ,1000.0
HTVMP,1000.0
CAQHL,1000.0
MMSIN,1000.0
KATEN,1000.0
VQKAT,1000.0
NPLVT,1000.0
RSLTP,1000.0
RGMIT,1000.0
DDMVD,1000.0
DDMVE,1000.0
VNSQT,1000.0
AYLDT,1000.0
LYTTE,1000.0
LYTTH,1000.0
ETAYT,1000.0
YTWMP,1000.0
LSNVA,1000.0
HSTVS,1000.0
YSLNT,1000.0
SVTMT,1000.0
YLTAF,1000.0
TGPRP,1000.0
TTIYQ,1000.0
YVTAN,1000.0
EYPAP,1000.0
SQTIG,1000.0
TCIQL,1000.0
HTYLN,1000.0
SFTQL,1000.0
HTTIA,1000.0
WTTAP,1000.0
DTLLN,1000.0
TAIVN,1000.0
TYLTR,1000.0
SIHIP,1000.0
PKVLP,1000.0
ENLYL,1000.0
HQTTL,1000.0
HQTTM,1000.0
PQYQP,1000.0
HQTTP,1000.0
SPLEC,1000.0
LYTKL,1000.0
IESYE,1000.0
VEMQE,1000.0
NPTDR,1000.0
YHLTL,1000.0
EYTAS,1000.0
SHSVQ,1000.0
PHHVP,1000.0
PYQEL,1000.0
PNIEL,1000.0
QSHFL,1000.0
TTYWA,1000.0
ICSIV,1000.0
CMLTL,1000.0
PTVHT,1000.0
ETEGS,1000.0
ATRII,1000.0
TQHEL,1000.0
LCIQT,1000.0
RVTLV,1000.0
ITMIN,1000.0
RVTLA,1000.0
YVLSN,1000.0
ETTTL,1000.0
ETTTN,1000.0
RSIIP,1000.0
AEVAP,1000.0
EICTP,1000.0
LAVTP,1000.0
QSIVT,1000.0
CQIWN,1000.0
PCLLT,1000.0
LKLTH,1000.0
LGYAL,1000.0
QTTHH,1000.0
HTNEN,1000.0
TSQLL,1000.0
YTLAL,1000.0
SAGVP,1000.0
PHVVG,1000.0
TYVPC,1000.0
SDVYN,1000.0
NGRIN,1000.0
STTMM,1000.0
CTFQM,1000.0
STTMA,1000.0
HTTIR,1000.0
PYFIT,1000.0
YYSTL,1000.0
PTTTL,1000.0
NRVHP,1000.0
YAETL,1000.0
CSMMT,1000.0
DVTTN,1000.0
ITIWP,1000.0
MYTAQ,1000.0
ISNID,1000.0
TRTTM,1000.0
SVYTP,1000.0
KKHIA,1000.0
NTPLP,1000.0
VSYNP,1000.0
PTTIN,1000.0
PTTIM,1000.0
AHLSH,1000.0
DYMQN,1000.0
DEIAA,1000.0
SILDL,1000.0
GSTMQ,1000.0
KQQEL,1000.0
NRYIT,1000.0
HSPIV,1000.0
QTAVP,1000.0
SYAEV,1000.0
QTRVV,1000.0
EVIAP,1000.0
LALTN,1000.0
QSTSL,1000.0
QTTDV,1000.0
PTQVL,1000.0
CDIHP,1000.0
IYKTL,1000.0
DTYHS,1000.0
TVIVT,1000.0
RRPYP,1000.0
PNVAP,1000.0
PRSID,1000.0
QYYQT,1000.0
SIYIP,1000.0
ACVTL,1000.0
RYKEP,1000.0
SEYHA,1000.0
LHCYP,1000.0
PAIAP,1000.0
SETHA,1000.0
HETTY,1000.0
PRTVH,1000.0
STFII,1000.0
PSLDP,1000.0
HETTL,1000.0
ATLQT,1000.0
QQLAH,1000.0
QGTTL,1000.0
NTLVS,1000.0
PTLLP,1000.0
HQKVP,1000.0
HQLTP,1000.0
NNQII,1000.0
HYTAD,1000.0
LSHFP,1000.0
HYTAT,1000.0
NQYIP,1000.0
MRLSP,1000.0
QTPVH,1000.0
TALVN,1000.0
TSSQL,1000.0
TYSVP,1000.0
YTTMN,1000.0
SSLMK,1000.0
YTNFP,1000.0
PGTTP,1000.0
RTLTN,1000.0
YLTIT,1000.0
TTIAH,1000.0
SQTQP,1000.0
NTSIP,1000.0
SEPVA,1000.0
ITNIP,1000.0
CHHIY,1000.0
CHHIL,1000.0
WTTIS,1000.0
HNTIL,1000.0
SHMFL,1000.0
RENLS,1000.0
HESVP,1000.0
AKGLS,1000.0
NILQQ,1000.0
PETVA,1000.0
PETVS,1000.0
DTSIT,1000.0
HTIEI,1000.0
NELRP,1000.0
PHNHP,1000.0
SSLVN,1000.0
NHLHN,1000.0
FRSML,1000.0
IEPQI,1000.0
NPNSQ,1000.0
YTYHD,1000.0
YTFEP,1000.0
DYAGN,1000.0
MSQHN,1000.0
SWTIP,1000.0
LVCPH,1000.0
PHHHF,1000.0
HTLKN,1000.0
DLMYP,1000.0
KNNNN,1000.0
EECVN,1000.0
KSITP,1000.0
MQHTP,1000.0
TANIQ,1000.0
RNVTL,1000.0
YIKHY,1000.0
YETSI,1000.0
YEREE,1000.0
LTPIT,1000.0
QAMTL,1000.0
QQVHP,1000.0
HATHL,1000.0
HATHF,1000.0
RSHIP,1000.0
QDNML,1000.0
TTMVN,1000.0
ARLSP,1000.0
PHFEP,1000.0
QNNII,1000.0
YMHAP,1000.0
RCIEL,1000.0
MSLLQ,1000.0
MSLLP,1000.0
EQITD,1000.0
AQLAN,1000.0
QVLHC,1000.0
